model,config,scenario_id,parse_success,parse_error,triple_count,ontology_declared,ontology_label_present,ontology_comment_present,class_count,object_property_count,datatype_property_count,annotation_property_count,label_coverage_ratio,comment_coverage_ratio,domain_range_ratio,has_prefix_declarations,uses_standard_prefixes,cq_count,cq_coverage_ratio,cq_mean_token_recall,cq_details,ontology_vocab_size,scenario_vocab_size,scenario_coverage_ratio,hallucination_ratio,gt_available,gen_class_count,gt_class_count,gen_property_count,gt_property_count,class_name_precision,class_name_recall,class_name_f1,property_name_precision,property_name_recall,property_name_f1,class_jaccard,property_jaccard,combined_f1,matched_class_names,matched_property_names
bigscience_bloom-3b,scenario-cq,2023-133-01,False,Could not parse ontology.ttl in turtle/xml/n3 formats.,0,False,False,False,0,0,0,0,0.0,0.0,0.0,False,False,4,0.0,0.0,"[{""cq_index"": 0, ""cq_text"": ""What events are responsible for the pavement being slippery?"", ""cq_token_count"": 5, ""covered_token_count"": 0, ""token_recall"": 0.0, ""covered"": false}, {""cq_index"": 1, ""cq_text"": ""What would be the outcome of turning the sprinkler system on(off)?"", ""cq_token_count"": 5, ""covered_token_count"": 0, ""token_recall"": 0.0, ""covered"": false}, {""cq_index"": 2, ""cq_text"": ""How strong is the causal link between the sprinkler being on and the pavement being wet?"", ""cq_token_count"": 8, ""covered_token_count"": 0, ""token_recall"": 0.0, ""covered"": false}, {""cq_index"": 3, ""cq_text"": ""What if the pavement is not wet, how would it effect the pavement being slippery?"", ""cq_token_count"": 5, ""covered_token_count"": 0, ""token_recall"": 0.0, ""covered"": false}]",0,41,0.0,0.0,True,0,5,0,5,0.0,0.0,0.0,0.0,0.0,0.0,0.0,0.0,0.0,[],[]
bigscience_bloom-3b,scenario-cq,2023-133-02,False,Could not parse ontology.ttl in turtle/xml/n3 formats.,0,False,False,False,0,0,0,0,0.0,0.0,0.0,False,False,6,0.0,0.0,"[{""cq_index"": 0, ""cq_text"": ""Is the medication intake by the patient caused by the presence of outdoor environmental allergen such as pollen or AQI?"", ""cq_token_count"": 11, ""covered_token_count"": 0, ""token_recall"": 0.0, ""covered"": false}, {""cq_index"": 1, ""cq_text"": ""How much does the presence of an asthma symptom effect the intake of medication?"", ""cq_token_count"": 7, ""covered_token_count"": 0, ""token_recall"": 0.0, ""covered"": false}, {""cq_index"": 2, ""cq_text"": ""How does an outdoor environmental allergen affect the patient?"", ""cq_token_count"": 5, ""covered_token_count"": 0, ""token_recall"": 0.0, ""covered"": false}, {""cq_index"": 3, ""cq_text"": ""What is the probable cause of the cough experienced by the patient?"", ""cq_token_count"": 5, ""covered_token_count"": 0, ""token_recall"": 0.0, ""covered"": false}, {""cq_index"": 4, ""cq_text"": ""What if pollen (or AQI) allergen was not present in the outdoor environment, how would it effect the intake of medication?"", ""cq_token_count"": 9, ""covered_token_count"": 0, ""token_recall"": 0.0, ""covered"": false}, {""cq_index"": 5, ""cq_text"": ""What if the patient did not experience a cough, how would it effect the intake of medication?"", ""cq_token_count"": 6, ""covered_token_count"": 0, ""token_recall"": 0.0, ""covered"": false}]",0,60,0.0,0.0,True,0,5,0,5,0.0,0.0,0.0,0.0,0.0,0.0,0.0,0.0,0.0,[],[]
bigscience_bloom-3b,scenario-cq,2023-134-01,False,Could not parse ontology.ttl in turtle/xml/n3 formats.,0,False,False,False,0,0,0,0,0.0,0.0,0.0,False,False,8,0.0,0.0,"[{""cq_index"": 0, ""cq_text"": ""What is the unique identifier of the policy?"", ""cq_token_count"": 3, ""covered_token_count"": 0, ""token_recall"": 0.0, ""covered"": false}, {""cq_index"": 1, ""cq_text"": ""Who is the creator of the policy?"", ""cq_token_count"": 2, ""covered_token_count"": 0, ""token_recall"": 0.0, ""covered"": false}, {""cq_index"": 2, ""cq_text"": ""When was the policy issued?"", ""cq_token_count"": 2, ""covered_token_count"": 0, ""token_recall"": 0.0, ""covered"": false}, {""cq_index"": 3, ""cq_text"": ""Who is the assignee of the policy?"", ""cq_token_count"": 2, ""covered_token_count"": 0, ""token_recall"": 0.0, ""covered"": false}, {""cq_index"": 4, ""cq_text"": ""What application/service is being used to access the data?"", ""cq_token_count"": 5, ""covered_token_count"": 0, ""token_recall"": 0.0, ""covered"": false}, {""cq_index"": 5, ""cq_text"": ""What access mode is being requested?"", ""cq_token_count"": 4, ""covered_token_count"": 0, ""token_recall"": 0.0, ""covered"": false}, {""cq_index"": 6, ""cq_text"": ""What personal data is being accessed?"", ""cq_token_count"": 4, ""covered_token_count"": 0, ""token_recall"": 0.0, ""covered"": false}, {""cq_index"": 7, ""cq_text"": ""What is the purpose for accessing the data?"", ""cq_token_count"": 3, ""covered_token_count"": 0, ""token_recall"": 0.0, ""covered"": false}]",0,88,0.0,0.0,True,0,0,0,0,0.0,0.0,0.0,0.0,0.0,0.0,1.0,1.0,0.0,[],[]
bigscience_bloom-3b,scenario-cq,2023-134-02,False,Could not parse ontology.ttl in turtle/xml/n3 formats.,0,False,False,False,0,0,0,0,0.0,0.0,0.0,False,False,6,0.0,0.0,"[{""cq_index"": 0, ""cq_text"": ""What type of action, e.g., create, update, erase, is being performed on the data?"", ""cq_token_count"": 7, ""covered_token_count"": 0, ""token_recall"": 0.0, ""covered"": false}, {""cq_index"": 1, ""cq_text"": ""Who is the entity interacting with the data?"", ""cq_token_count"": 3, ""covered_token_count"": 0, ""token_recall"": 0.0, ""covered"": false}, {""cq_index"": 2, ""cq_text"": ""Who is the entity publishing the log?"", ""cq_token_count"": 3, ""covered_token_count"": 0, ""token_recall"": 0.0, ""covered"": false}, {""cq_index"": 3, ""cq_text"": ""When was the log issued?"", ""cq_token_count"": 2, ""covered_token_count"": 0, ""token_recall"": 0.0, ""covered"": false}, {""cq_index"": 4, ""cq_text"": ""Where is the data being stored?"", ""cq_token_count"": 3, ""covered_token_count"": 0, ""token_recall"": 0.0, ""covered"": false}, {""cq_index"": 5, ""cq_text"": ""What application/service is being used to generate the data, if any?"", ""cq_token_count"": 5, ""covered_token_count"": 0, ""token_recall"": 0.0, ""covered"": false}]",0,88,0.0,0.0,True,0,0,0,0,0.0,0.0,0.0,0.0,0.0,0.0,1.0,1.0,0.0,[],[]
bigscience_bloom-3b,scenario-cq,2023-134-03,False,Could not parse ontology.ttl in turtle/xml/n3 formats.,0,False,False,False,0,0,0,0,0.0,0.0,0.0,False,False,5,0.0,0.0,"[{""cq_index"": 0, ""cq_text"": ""Who is maintaining the registry?"", ""cq_token_count"": 2, ""covered_token_count"": 0, ""token_recall"": 0.0, ""covered"": false}, {""cq_index"": 1, ""cq_text"": ""When was the registry created/updated?"", ""cq_token_count"": 3, ""covered_token_count"": 0, ""token_recall"": 0.0, ""covered"": false}, {""cq_index"": 2, ""cq_text"": ""What types of data are available?"", ""cq_token_count"": 2, ""covered_token_count"": 0, ""token_recall"": 0.0, ""covered"": false}, {""cq_index"": 3, ""cq_text"": ""Where is a specific type of data being stored?"", ""cq_token_count"": 4, ""covered_token_count"": 0, ""token_recall"": 0.0, ""covered"": false}, {""cq_index"": 4, ""cq_text"": ""What policy is associated with the data?"", ""cq_token_count"": 3, ""covered_token_count"": 0, ""token_recall"": 0.0, ""covered"": false}]",0,88,0.0,0.0,True,0,0,0,0,0.0,0.0,0.0,0.0,0.0,0.0,1.0,1.0,0.0,[],[]
bigscience_bloom-3b,scenario-cq,2023-135-01,False,Could not parse ontology.ttl in turtle/xml/n3 formats.,0,False,False,False,0,0,0,0,0.0,0.0,0.0,False,False,3,0.0,0.0,"[{""cq_index"": 0, ""cq_text"": ""Under what pseudonym did the author C. S. Lewis published a collection of poems, Spirit in Bondage?"", ""cq_token_count"": 9, ""covered_token_count"": 0, ""token_recall"": 0.0, ""covered"": false}, {""cq_index"": 1, ""cq_text"": ""What alternative did C. S. Lewis used to assume the role of a book writer?"", ""cq_token_count"": 6, ""covered_token_count"": 0, ""token_recall"": 0.0, ""covered"": false}, {""cq_index"": 2, ""cq_text"": ""Show the trajectories of rivers which cross national parks?"", ""cq_token_count"": 5, ""covered_token_count"": 0, ""token_recall"": 0.0, ""covered"": false}]",0,10,0.0,0.0,True,0,5,0,13,0.0,0.0,0.0,0.0,0.0,0.0,0.0,0.0,0.0,[],[]
bigscience_bloom-3b,scenario-cq,2024-145-01,False,Could not parse ontology.ttl in turtle/xml/n3 formats.,0,False,False,False,0,0,0,0,0.0,0.0,0.0,False,False,7,0.0,0.0,"[{""cq_index"": 0, ""cq_text"": ""List all district courts in a given state."", ""cq_token_count"": 3, ""covered_token_count"": 0, ""token_recall"": 0.0, ""covered"": false}, {""cq_index"": 1, ""cq_text"": ""In which state is a given district court instance located?"", ""cq_token_count"": 5, ""covered_token_count"": 0, ""token_recall"": 0.0, ""covered"": false}, {""cq_index"": 2, ""cq_text"": ""How many districts are in a given state of India?"", ""cq_token_count"": 4, ""covered_token_count"": 0, ""token_recall"": 0.0, ""covered"": false}, {""cq_index"": 3, ""cq_text"": ""Which court has authority over a given court?"", ""cq_token_count"": 3, ""covered_token_count"": 0, ""token_recall"": 0.0, ""covered"": false}, {""cq_index"": 4, ""cq_text"": ""What is the check transaction type for a bad check?"", ""cq_token_count"": 3, ""covered_token_count"": 0, ""token_recall"": 0.0, ""covered"": false}, {""cq_index"": 5, ""cq_text"": ""When is a check payment of a bad check?"", ""cq_token_count"": 3, ""covered_token_count"": 0, ""token_recall"": 0.0, ""covered"": false}, {""cq_index"": 6, ""cq_text"": ""What is the transaction status of a given check payment?"", ""cq_token_count"": 4, ""covered_token_count"": 0, ""token_recall"": 0.0, ""covered"": false}]",0,17,0.0,0.0,False,0,0,0,0,0.0,0.0,0.0,0.0,0.0,0.0,0.0,0.0,0.0,[],[]
bigscience_bloom-3b,scenario-cq,2025-147-01,False,Could not parse ontology.ttl in turtle/xml/n3 formats.,0,False,False,False,0,0,0,0,0.0,0.0,0.0,False,False,48,0.0,0.0,"[{""cq_index"": 0, ""cq_text"": ""How are ships clearly identified?"", ""cq_token_count"": 3, ""covered_token_count"": 0, ""token_recall"": 0.0, ""covered"": false}, {""cq_index"": 1, ""cq_text"": ""How are a ship's dimensions described?"", ""cq_token_count"": 3, ""covered_token_count"": 0, ""token_recall"": 0.0, ""covered"": false}, {""cq_index"": 2, ""cq_text"": ""What information can be provided about the typical location of a ship?"", ""cq_token_count"": 5, ""covered_token_count"": 0, ""token_recall"": 0.0, ""covered"": false}, {""cq_index"": 3, ""cq_text"": ""Who can be the owner of a ship?"", ""cq_token_count"": 2, ""covered_token_count"": 0, ""token_recall"": 0.0, ""covered"": false}, {""cq_index"": 4, ""cq_text"": ""How is a ship's average speed over ground specified?"", ""cq_token_count"": 6, ""covered_token_count"": 0, ""token_recall"": 0.0, ""covered"": false}, {""cq_index"": 5, ""cq_text"": ""How many container ships are registered under the German flag?"", ""cq_token_count"": 7, ""covered_token_count"": 0, ""token_recall"": 0.0, ""covered"": false}, {""cq_index"": 6, ""cq_text"": ""How is the GPS antenna placed relatively to the ship's structure (bow, stern, port, starboard)?"", ""cq_token_count"": 10, ""covered_token_count"": 0, ""token_recall"": 0.0, ""covered"": false}, {""cq_index"": 7, ""cq_text"": ""Which organization owns the most ships?"", ""cq_token_count"": 4, ""covered_token_count"": 0, ""token_recall"": 0.0, ""covered"": false}, {""cq_index"": 8, ""cq_text"": ""What information can be provided about a ship route?"", ""cq_token_count"": 4, ""covered_token_count"": 0, ""token_recall"": 0.0, ""covered"": false}, {""cq_index"": 9, ""cq_text"": ""What information is known about a single trajectory part?"", ""cq_token_count"": 5, ""covered_token_count"": 0, ""token_recall"": 0.0, ""covered"": false}, {""cq_index"": 10, ""cq_text"": ""What types of trajectories are distinguished?"", ""cq_token_count"": 2, ""covered_token_count"": 0, ""token_recall"": 0.0, ""covered"": false}, {""cq_index"": 11, ""cq_text"": ""What unit does the draught of a ship have?"", ""cq_token_count"": 3, ""covered_token_count"": 0, ""token_recall"": 0.0, ""covered"": false}, {""cq_index"": 12, ""cq_text"": ""What was the average speed over ground of the ship on route on day X?"", ""cq_token_count"": 7, ""covered_token_count"": 0, ""token_recall"": 0.0, ""covered"": false}, {""cq_index"": 13, ""cq_text"": ""What route is predicted for ship X?"", ""cq_token_count"": 3, ""covered_token_count"": 0, ""token_recall"": 0.0, ""covered"": false}, {""cq_index"": 14, ""cq_text"": ""What types of engines are used in ships?"", ""cq_token_count"": 2, ""covered_token_count"": 0, ""token_recall"": 0.0, ""covered"": false}, {""cq_index"": 15, ""cq_text"": ""What combinations of engines can exist?"", ""cq_token_count"": 3, ""covered_token_count"": 0, ""token_recall"": 0.0, ""covered"": false}, {""cq_index"": 16, ""cq_text"": ""What powers these ship engines?"", ""cq_token_count"": 4, ""covered_token_count"": 0, ""token_recall"": 0.0, ""covered"": false}, {""cq_index"": 17, ""cq_text"": ""What is driven by ship engines?"", ""cq_token_count"": 3, ""covered_token_count"": 0, ""token_recall"": 0.0, ""covered"": false}, {""cq_index"": 18, ""cq_text"": ""What types of propulsion systems can ships have?"", ""cq_token_count"": 3, ""covered_token_count"": 0, ""token_recall"": 0.0, ""covered"": false}, {""cq_index"": 19, ""cq_text"": ""What propulsion systems don't rely on an engine?"", ""cq_token_count"": 5, ""covered_token_count"": 0, ""token_recall"": 0.0, ""covered"": false}, {""cq_index"": 20, ""cq_text"": ""Which propulsion technologies are used by each individual propulsion system?"", ""cq_token_count"": 4, ""covered_token_count"": 0, ""token_recall"": 0.0, ""covered"": false}, {""cq_index"": 21, ""cq_text"": ""What falls under the category of propulsion technologies powered by engines?"", ""cq_token_count"": 7, ""covered_token_count"": 0, ""token_recall"": 0.0, ""covered"": false}, {""cq_index"": 22, ""cq_text"": ""What types of jet propulsors exist?"", ""cq_token_count"": 3, ""covered_token_count"": 0, ""token_recall"": 0.0, ""covered"": false}, {""cq_index"": 23, ""cq_text"": ""What types of bladed propulsors exist?"", ""cq_token_count"": 3, ""covered_token_count"": 0, ""token_recall"": 0.0, ""covered"": false}, {""cq_index"": 24, ""cq_text"": ""What types of blade propulsors follow a special design?"", ""cq_token_count"": 5, ""covered_token_count"": 0, ""token_recall"": 0.0, ""covered"": false}, {""cq_index"": 25, ""cq_text"": ""What properties describe a bladed propulsor?"", ""cq_token_count"": 4, ""covered_token_count"": 0, ""token_recall"": 0.0, ""covered"": false}, {""cq_index"": 26, ""cq_text"": ""What types of screw propellers can be used?"", ""cq_token_count"": 2, ""covered_token_count"": 0, ""token_recall"": 0.0, ""covered"": false}, {""cq_index"": 27, ""cq_text"": ""What is used to prevent cavitation on technologies for motorized propulsion?"", ""cq_token_count"": 5, ""covered_token_count"": 0, ""token_recall"": 0.0, ""covered"": false}, {""cq_index"": 28, ""cq_text"": ""What type of sails exist?"", ""cq_token_count"": 2, ""covered_token_count"": 0, ""token_recall"": 0.0, ""covered"": false}, {""cq_index"": 29, ""cq_text"": ""Which type of propulsion technologies can assist a motorized ship?"", ""cq_token_count"": 5, ""covered_token_count"": 0, ""token_recall"": 0.0, ""covered"": false}, {""cq_index"": 30, ""cq_text"": ""What fuel does ship X use to drive?"", ""cq_token_count"": 3, ""covered_token_count"": 0, ""token_recall"": 0.0, ""covered"": false}, {""cq_index"": 31, ""cq_text"": ""How many engines power ship X?"", ""cq_token_count"": 4, ""covered_token_count"": 0, ""token_recall"": 0.0, ""covered"": false}, {""cq_index"": 32, ""cq_text"": ""What types of propellers are installed on ship X?"", ""cq_token_count"": 3, ""covered_token_count"": 0, ""token_recall"": 0.0, ""covered"": false}, {""cq_index"": 33, ""cq_text"": ""What is the most common type of propeller?"", ""cq_token_count"": 3, ""covered_token_count"": 0, ""token_recall"": 0.0, ""covered"": false}, {""cq_index"": 34, ""cq_text"": ""How many ships have sails?"", ""cq_token_count"": 3, ""covered_token_count"": 0, ""token_recall"": 0.0, ""covered"": false}, {""cq_index"": 35, ""cq_text"": ""Which ships use electric engines exclusively?"", ""cq_token_count"": 4, ""covered_token_count"": 0, ""token_recall"": 0.0, ""covered"": false}, {""cq_index"": 36, ""cq_text"": ""What motorized propulsion does a ship use that is assisted by wind propulsion?"", ""cq_token_count"": 5, ""covered_token_count"": 0, ""token_recall"": 0.0, ""covered"": false}, {""cq_index"": 37, ""cq_text"": ""How many supercavitating propellers does ship X use?"", ""cq_token_count"": 4, ""covered_token_count"": 0, ""token_recall"": 0.0, ""covered"": false}, {""cq_index"": 38, ""cq_text"": ""What diameter and how many blades does the fixed pitch propeller Y of ship X have?"", ""cq_token_count"": 7, ""covered_token_count"": 0, ""token_recall"": 0.0, ""covered"": false}, {""cq_index"": 39, ""cq_text"": ""What is the least utilized wind assisted propulsion system?"", ""cq_token_count"": 6, ""covered_token_count"": 0, ""token_recall"": 0.0, ""covered"": false}, {""cq_index"": 40, ""cq_text"": ""What different kinds of data can be used to represent a ship?"", ""cq_token_count"": 5, ""covered_token_count"": 0, ""token_recall"": 0.0, ""covered"": false}, {""cq_index"": 41, ""cq_text"": ""How is sonar data of ships stored?"", ""cq_token_count"": 4, ""covered_token_count"": 0, ""token_recall"": 0.0, ""covered"": false}, {""cq_index"": 42, ""cq_text"": ""What image resources are available for a ship?"", ""cq_token_count"": 4, ""covered_token_count"": 0, ""token_recall"": 0.0, ""covered"": false}, {""cq_index"": 43, ""cq_text"": ""What textual information about a ship is available?"", ""cq_token_count"": 4, ""covered_token_count"": 0, ""token_recall"": 0.0, ""covered"": false}, {""cq_index"": 44, ""cq_text"": ""What does ship X look like?"", ""cq_token_count"": 3, ""covered_token_count"": 0, ""token_recall"": 0.0, ""covered"": false}, {""cq_index"": 45, ""cq_text"": ""How does ship X sound like on a sonar?"", ""cq_token_count"": 4, ""covered_token_count"": 0, ""token_recall"": 0.0, ""covered"": false}, {""cq_index"": 46, ""cq_text"": ""What is the textual description of ship X?"", ""cq_token_count"": 3, ""covered_token_count"": 0, ""token_recall"": 0.0, ""covered"": false}, {""cq_index"": 47, ""cq_text"": ""Are there ships without sonar signatures?"", ""cq_token_count"": 5, ""covered_token_count"": 0, ""token_recall"": 0.0, ""covered"": false}]",0,109,0.0,0.0,True,0,1,0,8,0.0,0.0,0.0,0.0,0.0,0.0,0.0,0.0,0.0,[],[]
bigscience_bloom-3b,scenario-cq,2025-149-01,False,Could not parse ontology.ttl in turtle/xml/n3 formats.,0,False,False,False,0,0,0,0,0.0,0.0,0.0,False,False,25,0.0,0.0,"[{""cq_index"": 0, ""cq_text"": ""Can the ontology represent a relational database as a first-class schema entity?"", ""cq_token_count"": 8, ""covered_token_count"": 0, ""token_recall"": 0.0, ""covered"": false}, {""cq_index"": 1, ""cq_text"": ""Can the ontology represent tables belonging to a database?"", ""cq_token_count"": 5, ""covered_token_count"": 0, ""token_recall"": 0.0, ""covered"": false}, {""cq_index"": 2, ""cq_text"": ""Can the ontology represent columns belonging to a table?"", ""cq_token_count"": 5, ""covered_token_count"": 0, ""token_recall"": 0.0, ""covered"": false}, {""cq_index"": 3, ""cq_text"": ""Can the ontology represent primary-key relationships in the schema?"", ""cq_token_count"": 6, ""covered_token_count"": 0, ""token_recall"": 0.0, ""covered"": false}, {""cq_index"": 4, ""cq_text"": ""Can the ontology represent foreign-key relationships and distinguish same-named columns across different tables when they are not semantically linked?"", ""cq_token_count"": 15, ""covered_token_count"": 0, ""token_recall"": 0.0, ""covered"": false}, {""cq_index"": 5, ""cq_text"": ""Can the ontology define a policy for a specific agent?"", ""cq_token_count"": 5, ""covered_token_count"": 0, ""token_recall"": 0.0, ""covered"": false}, {""cq_index"": 6, ""cq_text"": ""Can a policy specify a high-level ReadAction?"", ""cq_token_count"": 5, ""covered_token_count"": 0, ""token_recall"": 0.0, ""covered"": false}, {""cq_index"": 7, ""cq_text"": ""Can a policy specify a high-level ModifyAction?"", ""cq_token_count"": 5, ""covered_token_count"": 0, ""token_recall"": 0.0, ""covered"": false}, {""cq_index"": 8, ""cq_text"": ""Can a policy specify a ViewActionScope for read operations?"", ""cq_token_count"": 5, ""covered_token_count"": 0, ""token_recall"": 0.0, ""covered"": false}, {""cq_index"": 9, ""cq_text"": ""Can a policy specify a ProcessActionScope for read operations?"", ""cq_token_count"": 5, ""covered_token_count"": 0, ""token_recall"": 0.0, ""covered"": false}, {""cq_index"": 10, ""cq_text"": ""Can a policy be defined at table level?"", ""cq_token_count"": 4, ""covered_token_count"": 0, ""token_recall"": 0.0, ""covered"": false}, {""cq_index"": 11, ""cq_text"": ""Can a policy be defined at column level?"", ""cq_token_count"": 4, ""covered_token_count"": 0, ""token_recall"": 0.0, ""covered"": false}, {""cq_index"": 12, ""cq_text"": ""Can a policy be defined at row level using conditions?"", ""cq_token_count"": 5, ""covered_token_count"": 0, ""token_recall"": 0.0, ""covered"": false}, {""cq_index"": 13, ""cq_text"": ""Can the ontology express a prohibited modify action on a table?"", ""cq_token_count"": 6, ""covered_token_count"": 0, ""token_recall"": 0.0, ""covered"": false}, {""cq_index"": 14, ""cq_text"": ""Can the ontology express a table-level read prohibition for processing?"", ""cq_token_count"": 7, ""covered_token_count"": 0, ""token_recall"": 0.0, ""covered"": false}, {""cq_index"": 15, ""cq_text"": ""Can the ontology express a table-level read prohibition for viewing?"", ""cq_token_count"": 7, ""covered_token_count"": 0, ""token_recall"": 0.0, ""covered"": false}, {""cq_index"": 16, ""cq_text"": ""Can the ontology express a conditional row-level read restriction for later enforcement?"", ""cq_token_count"": 9, ""covered_token_count"": 0, ""token_recall"": 0.0, ""covered"": false}, {""cq_index"": 17, ""cq_text"": ""Can the ontology represent a SQL query as an AST-based semantic graph?"", ""cq_token_count"": 8, ""covered_token_count"": 0, ""token_recall"": 0.0, ""covered"": false}, {""cq_index"": 18, ""cq_text"": ""Can a SQL statement such as SelectStatement or UpdateStatement be mapped to its semantic action type?"", ""cq_token_count"": 8, ""covered_token_count"": 0, ""token_recall"": 0.0, ""covered"": false}, {""cq_index"": 19, ""cq_text"": ""Can a query statement be linked to the executing agent?"", ""cq_token_count"": 5, ""covered_token_count"": 0, ""token_recall"": 0.0, ""covered"": false}, {""cq_index"": 20, ""cq_text"": ""Can SQL clauses be assigned operational scopes such as view or process?"", ""cq_token_count"": 8, ""covered_token_count"": 0, ""token_recall"": 0.0, ""covered"": false}, {""cq_index"": 21, ""cq_text"": ""Can scope be propagated to reference nodes as an effectiveActionScope?"", ""cq_token_count"": 5, ""covered_token_count"": 0, ""token_recall"": 0.0, ""covered"": false}, {""cq_index"": 22, ""cq_text"": ""Can a TableRef in the query be linked to its corresponding schema Table?"", ""cq_token_count"": 6, ""covered_token_count"": 0, ""token_recall"": 0.0, ""covered"": false}, {""cq_index"": 23, ""cq_text"": ""Can a ColumnRef in the query be linked to its corresponding schema Column?"", ""cq_token_count"": 6, ""covered_token_count"": 0, ""token_recall"": 0.0, ""covered"": false}, {""cq_index"": 24, ""cq_text"": ""Can the reasoner infer whether a referenced table or column is Violated or RowTag based on the matching policy, action, and scope?"", ""cq_token_count"": 13, ""covered_token_count"": 0, ""token_recall"": 0.0, ""covered"": false}]",0,10,0.0,0.0,True,0,48,0,41,0.0,0.0,0.0,0.0,0.0,0.0,0.0,0.0,0.0,[],[]
bigscience_bloom-3b,scenario-cq,2025-150-01,False,Could not parse ontology.ttl in turtle/xml/n3 formats.,0,False,False,False,0,0,0,0,0.0,0.0,0.0,False,False,32,0.0,0.0,"[{""cq_index"": 0, ""cq_text"": ""Which MQTT Clients are connected to which Broker?"", ""cq_token_count"": 4, ""covered_token_count"": 0, ""token_recall"": 0.0, ""covered"": false}, {""cq_index"": 1, ""cq_text"": ""Which MQTT NetworkConnections exist, are they TLS-secured, and who initiated/accepted them?"", ""cq_token_count"": 9, ""covered_token_count"": 0, ""token_recall"": 0.0, ""covered"": false}, {""cq_index"": 2, ""cq_text"": ""Which MQTT participants (Clients/Brokers) use which MQTT NetworkConnections?"", ""cq_token_count"": 5, ""covered_token_count"": 0, ""token_recall"": 0.0, ""covered"": false}, {""cq_index"": 3, ""cq_text"": ""Which MQTT Clients with which ClientIDs run on which SOSA platforms?"", ""cq_token_count"": 6, ""covered_token_count"": 0, ""token_recall"": 0.0, ""covered"": false}, {""cq_index"": 4, ""cq_text"": ""Which MQTT Clients are hosting which SOSA systems (sensors/actuators)?"", ""cq_token_count"": 7, ""covered_token_count"": 0, ""token_recall"": 0.0, ""covered"": false}, {""cq_index"": 5, ""cq_text"": ""What host/port is a MQTT Broker configured with?"", ""cq_token_count"": 5, ""covered_token_count"": 0, ""token_recall"": 0.0, ""covered"": false}, {""cq_index"": 6, ""cq_text"": ""Which SOSA sensors publish to which MQTT Topics (observations)?"", ""cq_token_count"": 6, ""covered_token_count"": 0, ""token_recall"": 0.0, ""covered"": false}, {""cq_index"": 7, ""cq_text"": ""Which SOSA actuators listen to which MQTT Topics (commands)?"", ""cq_token_count"": 6, ""covered_token_count"": 0, ""token_recall"": 0.0, ""covered"": false}, {""cq_index"": 8, ""cq_text"": ""Which SOSA FeaturesOfInterest, Properties etc. appear as MQTT TopicSubjects and on which MQTT Topics?"", ""cq_token_count"": 8, ""covered_token_count"": 0, ""token_recall"": 0.0, ""covered"": false}, {""cq_index"": 9, ""cq_text"": ""Which MQTT Topic Filters match a given MQTT Topic?"", ""cq_token_count"": 4, ""covered_token_count"": 0, ""token_recall"": 0.0, ""covered"": false}, {""cq_index"": 10, ""cq_text"": ""Which MQTT Topics are matched by a given MQTT Topic Filter?"", ""cq_token_count"": 5, ""covered_token_count"": 0, ""token_recall"": 0.0, ""covered"": false}, {""cq_index"": 11, ""cq_text"": ""Which MQTT filter patterns (with wildcards) are stored?"", ""cq_token_count"": 5, ""covered_token_count"": 0, ""token_recall"": 0.0, ""covered"": false}, {""cq_index"": 12, ""cq_text"": ""Which MQTT Clients send which MQTT Control Packets?"", ""cq_token_count"": 5, ""covered_token_count"": 0, ""token_recall"": 0.0, ""covered"": false}, {""cq_index"": 13, ""cq_text"": ""Which MQTT PUBLISH/SUBSCRIBE/UNSUBSCRIBE packets were sent (specializations)?"", ""cq_token_count"": 7, ""covered_token_count"": 0, ""token_recall"": 0.0, ""covered"": false}, {""cq_index"": 14, ""cq_text"": ""Which MQTT Brokers receive/forward which MQTT Control Packets?"", ""cq_token_count"": 6, ""covered_token_count"": 0, ""token_recall"": 0.0, ""covered"": false}, {""cq_index"": 15, ""cq_text"": ""Which MQTT Control Packets were sent by which Client (inverse)?"", ""cq_token_count"": 6, ""covered_token_count"": 0, ""token_recall"": 0.0, ""covered"": false}, {""cq_index"": 16, ""cq_text"": ""Which MQTT Publish packets carry Observations for a specific SOSA FeatureOfInterest or Property?"", ""cq_token_count"": 9, ""covered_token_count"": 0, ""token_recall"": 0.0, ""covered"": false}, {""cq_index"": 17, ""cq_text"": ""Which MQTT SUBSCRIBE packets request QoS=2 and for which filters?"", ""cq_token_count"": 6, ""covered_token_count"": 0, ""token_recall"": 0.0, ""covered"": false}, {""cq_index"": 18, ""cq_text"": ""Which MQTT UNSUBSCRIBE packets remove all filters under a certain path (e.g. 'factory/centering/#')?"", ""cq_token_count"": 10, ""covered_token_count"": 0, ""token_recall"": 0.0, ""covered"": false}, {""cq_index"": 19, ""cq_text"": ""Which MQTT Control Packet has which Fixed Header / Variable Header / Payload?"", ""cq_token_count"": 7, ""covered_token_count"": 0, ""token_recall"": 0.0, ""covered"": false}, {""cq_index"": 20, ""cq_text"": ""Which MQTT PUBLISH packet has which MQTT Topic (name) in the Variable Header?"", ""cq_token_count"": 7, ""covered_token_count"": 0, ""token_recall"": 0.0, ""covered"": false}, {""cq_index"": 21, ""cq_text"": ""Which QoS levels are set (in PUBLISH Fixed Header or SubscriptionEntry)?"", ""cq_token_count"": 7, ""covered_token_count"": 0, ""token_recall"": 0.0, ""covered"": false}, {""cq_index"": 22, ""cq_text"": ""Are RETAIN/DUP flags set in PUBLISH?"", ""cq_token_count"": 5, ""covered_token_count"": 0, ""token_recall"": 0.0, ""covered"": false}, {""cq_index"": 23, ""cq_text"": ""Which MQTT Control Packets have which PacketIdentifier?"", ""cq_token_count"": 4, ""covered_token_count"": 0, ""token_recall"": 0.0, ""covered"": false}, {""cq_index"": 24, ""cq_text"": ""Which MQTT SUBSCRIBE payloads contain which SubscriptionEntries?"", ""cq_token_count"": 5, ""covered_token_count"": 0, ""token_recall"": 0.0, ""covered"": false}, {""cq_index"": 25, ""cq_text"": ""Which MQTT Topic Filters (with QoS) are requested by a SubscriptionEntry?"", ""cq_token_count"": 6, ""covered_token_count"": 0, ""token_recall"": 0.0, ""covered"": false}, {""cq_index"": 26, ""cq_text"": ""Which MQTT UNSUBSCRIBE payloads remove which MQTT TopicFilters?"", ""cq_token_count"": 5, ""covered_token_count"": 0, ""token_recall"": 0.0, ""covered"": false}, {""cq_index"": 27, ""cq_text"": ""Which MQTT PUBLISH payloads encode SOSA Observations (or Observation Collections)?"", ""cq_token_count"": 8, ""covered_token_count"": 0, ""token_recall"": 0.0, ""covered"": false}, {""cq_index"": 28, ""cq_text"": ""Which MQTT PUBLISH payloads encode SOSA Actuations (or Actuation Collections)?"", ""cq_token_count"": 8, ""covered_token_count"": 0, ""token_recall"": 0.0, ""covered"": false}, {""cq_index"": 29, ""cq_text"": ""Which fields are encoded in a MQTT payload?"", ""cq_token_count"": 4, ""covered_token_count"": 0, ""token_recall"": 0.0, ""covered"": false}, {""cq_index"": 30, ""cq_text"": ""What content, content type, encoding and delimiter does a MQTT PUBLISH payload have?"", ""cq_token_count"": 6, ""covered_token_count"": 0, ""token_recall"": 0.0, ""covered"": false}, {""cq_index"": 31, ""cq_text"": ""What is the size of a MQTT payload (as QUDT QuantityValue with unit)?"", ""cq_token_count"": 6, ""covered_token_count"": 0, ""token_recall"": 0.0, ""covered"": false}]",0,60,0.0,0.0,True,0,9,0,11,0.0,0.0,0.0,0.0,0.0,0.0,0.0,0.0,0.0,[],[]
bigscience_bloom-3b,scenario-cq,2025-151-01,False,Could not parse ontology.ttl in turtle/xml/n3 formats.,0,False,False,False,0,0,0,0,0.0,0.0,0.0,False,False,5,0.0,0.0,"[{""cq_index"": 0, ""cq_text"": ""What is the requested action?"", ""cq_token_count"": 2, ""covered_token_count"": 0, ""token_recall"": 0.0, ""covered"": false}, {""cq_index"": 1, ""cq_text"": ""Who is the party issuing the evaluation request?"", ""cq_token_count"": 4, ""covered_token_count"": 0, ""token_recall"": 0.0, ""covered"": false}, {""cq_index"": 2, ""cq_text"": ""What is the target asset of the evaluation request?"", ""cq_token_count"": 4, ""covered_token_count"": 0, ""token_recall"": 0.0, ""covered"": false}, {""cq_index"": 3, ""cq_text"": ""When was the evaluation request issued?"", ""cq_token_count"": 3, ""covered_token_count"": 0, ""token_recall"": 0.0, ""covered"": false}, {""cq_index"": 4, ""cq_text"": ""What additional contextual information can be included in the evaluation request to further constrain it?"", ""cq_token_count"": 8, ""covered_token_count"": 0, ""token_recall"": 0.0, ""covered"": false}]",0,25,0.0,0.0,True,0,1,0,5,0.0,0.0,0.0,0.0,0.0,0.0,0.0,0.0,0.0,[],[]
bigscience_bloom-3b,scenario-cq,2025-151-02,False,Could not parse ontology.ttl in turtle/xml/n3 formats.,0,False,False,False,0,0,0,0,0.0,0.0,0.0,False,False,10,0.0,0.0,"[{""cq_index"": 0, ""cq_text"": ""What is the current time?"", ""cq_token_count"": 2, ""covered_token_count"": 0, ""token_recall"": 0.0, ""covered"": false}, {""cq_index"": 1, ""cq_text"": ""What is the location of a party?"", ""cq_token_count"": 2, ""covered_token_count"": 0, ""token_recall"": 0.0, ""covered"": false}, {""cq_index"": 2, ""cq_text"": ""What assets are part of the asset collection of the policy that is being evaluated?"", ""cq_token_count"": 7, ""covered_token_count"": 0, ""token_recall"": 0.0, ""covered"": false}, {""cq_index"": 3, ""cq_text"": ""Which parties are part of the party collection of the policy that is being evaluated?"", ""cq_token_count"": 7, ""covered_token_count"": 0, ""token_recall"": 0.0, ""covered"": false}, {""cq_index"": 4, ""cq_text"": ""What actions were already performed or attempted?"", ""cq_token_count"": 4, ""covered_token_count"": 0, ""token_recall"": 0.0, ""covered"": false}, {""cq_index"": 5, ""cq_text"": ""How many times has a rule been exercised?"", ""cq_token_count"": 4, ""covered_token_count"": 0, ""token_recall"": 0.0, ""covered"": false}, {""cq_index"": 6, ""cq_text"": ""What information is available about an event that has occurred?"", ""cq_token_count"": 4, ""covered_token_count"": 0, ""token_recall"": 0.0, ""covered"": false}, {""cq_index"": 7, ""cq_text"": ""How long has a rule been exercised?"", ""cq_token_count"": 3, ""covered_token_count"": 0, ""token_recall"": 0.0, ""covered"": false}, {""cq_index"": 8, ""cq_text"": ""Which recipients or categories of recipients can receive the result of the rule that has been exercised?"", ""cq_token_count"": 6, ""covered_token_count"": 0, ""token_recall"": 0.0, ""covered"": false}, {""cq_index"": 9, ""cq_text"": ""Has a financial payment been made? What was the amount paid?"", ""cq_token_count"": 5, ""covered_token_count"": 0, ""token_recall"": 0.0, ""covered"": false}]",0,23,0.0,0.0,True,0,1,0,0,0.0,0.0,0.0,0.0,0.0,0.0,0.0,1.0,0.0,[],[]
bigscience_bloom-3b,scenario-cq,2025-153-01,False,Could not parse ontology.ttl in turtle/xml/n3 formats.,0,False,False,False,0,0,0,0,0.0,0.0,0.0,False,False,8,0.0,0.0,"[{""cq_index"": 0, ""cq_text"": ""Which entity does a persistent identifier currently reference?"", ""cq_token_count"": 5, ""covered_token_count"": 0, ""token_recall"": 0.0, ""covered"": false}, {""cq_index"": 1, ""cq_text"": ""Which entity was referenced at a past timestamp?"", ""cq_token_count"": 4, ""covered_token_count"": 0, ""token_recall"": 0.0, ""covered"": false}, {""cq_index"": 2, ""cq_text"": ""When did referent transitions occur?"", ""cq_token_count"": 3, ""covered_token_count"": 0, ""token_recall"": 0.0, ""covered"": false}, {""cq_index"": 3, ""cq_text"": ""What observations are associated with specific referents?"", ""cq_token_count"": 4, ""covered_token_count"": 0, ""token_recall"": 0.0, ""covered"": false}, {""cq_index"": 4, ""cq_text"": ""What is the full sequence of referents over time?"", ""cq_token_count"": 5, ""covered_token_count"": 0, ""token_recall"": 0.0, ""covered"": false}, {""cq_index"": 5, ""cq_text"": ""Which rules triggered specific transitions?"", ""cq_token_count"": 4, ""covered_token_count"": 0, ""token_recall"": 0.0, ""covered"": false}, {""cq_index"": 6, ""cq_text"": ""Are there gaps or overlaps in temporal bindings?"", ""cq_token_count"": 5, ""covered_token_count"": 0, ""token_recall"": 0.0, ""covered"": false}, {""cq_index"": 7, ""cq_text"": ""Can complete context be rebuilt for any time point?"", ""cq_token_count"": 5, ""covered_token_count"": 0, ""token_recall"": 0.0, ""covered"": false}]",0,119,0.0,0.0,True,0,11,0,22,0.0,0.0,0.0,0.0,0.0,0.0,0.0,0.0,0.0,[],[]
bigscience_bloom-3b,scenario-cq,2026-155-01,False,Could not parse ontology.ttl in turtle/xml/n3 formats.,0,False,False,False,0,0,0,0,0.0,0.0,0.0,False,False,8,0.0,0.0,"[{""cq_index"": 0, ""cq_text"": ""Which survey or investigation activities were performed on a given cultural property or on a specific feature of interest?"", ""cq_token_count"": 9, ""covered_token_count"": 0, ""token_recall"": 0.0, ""covered"": false}, {""cq_index"": 1, ""cq_text"": ""Which method or investigation technique was adopted in a specific survey or investigation activity?"", ""cq_token_count"": 7, ""covered_token_count"": 0, ""token_recall"": 0.0, ""covered"": false}, {""cq_index"": 2, ""cq_text"": ""Which observations were produced during a given survey or investigation activity?"", ""cq_token_count"": 6, ""covered_token_count"": 0, ""token_recall"": 0.0, ""covered"": false}, {""cq_index"": 3, ""cq_text"": ""Which experts participated in the survey or investigation activity, and with which roles?"", ""cq_token_count"": 6, ""covered_token_count"": 0, ""token_recall"": 0.0, ""covered"": false}, {""cq_index"": 4, ""cq_text"": ""Which hardware, software, and technical configurations were used to conduct a specific survey or investigation activity?"", ""cq_token_count"": 9, ""covered_token_count"": 0, ""token_recall"": 0.0, ""covered"": false}, {""cq_index"": 5, ""cq_text"": ""What interpretations or claims are supported by the observations produced during a survey?"", ""cq_token_count"": 7, ""covered_token_count"": 0, ""token_recall"": 0.0, ""covered"": false}, {""cq_index"": 6, ""cq_text"": ""How are post-processed outputs (e.g., interactive images, spectra, datasets) related to the underlying acquisition or observation activities?"", ""cq_token_count"": 12, ""covered_token_count"": 0, ""token_recall"": 0.0, ""covered"": false}, {""cq_index"": 7, ""cq_text"": ""Which acquisition parameters (e.g., exposure time, ISO, aperture) characterised a specific photographic acquisition cycle within a survey?"", ""cq_token_count"": 12, ""covered_token_count"": 0, ""token_recall"": 0.0, ""covered"": false}]",0,20,0.0,0.0,True,0,22,0,32,0.0,0.0,0.0,0.0,0.0,0.0,0.0,0.0,0.0,[],[]
bigscience_bloomz-7b1,cq-only,2023-133-01,False,Could not parse ontology.ttl in turtle/xml/n3 formats.,0,False,False,False,0,0,0,0,0.0,0.0,0.0,False,False,4,0.0,0.0,"[{""cq_index"": 0, ""cq_text"": ""What events are responsible for the pavement being slippery?"", ""cq_token_count"": 5, ""covered_token_count"": 0, ""token_recall"": 0.0, ""covered"": false}, {""cq_index"": 1, ""cq_text"": ""What would be the outcome of turning the sprinkler system on(off)?"", ""cq_token_count"": 5, ""covered_token_count"": 0, ""token_recall"": 0.0, ""covered"": false}, {""cq_index"": 2, ""cq_text"": ""How strong is the causal link between the sprinkler being on and the pavement being wet?"", ""cq_token_count"": 8, ""covered_token_count"": 0, ""token_recall"": 0.0, ""covered"": false}, {""cq_index"": 3, ""cq_text"": ""What if the pavement is not wet, how would it effect the pavement being slippery?"", ""cq_token_count"": 5, ""covered_token_count"": 0, ""token_recall"": 0.0, ""covered"": false}]",0,41,0.0,0.0,True,0,5,0,5,0.0,0.0,0.0,0.0,0.0,0.0,0.0,0.0,0.0,[],[]
bigscience_bloomz-7b1,cq-only,2023-133-02,False,Could not parse ontology.ttl in turtle/xml/n3 formats.,0,False,False,False,0,0,0,0,0.0,0.0,0.0,False,False,6,0.0,0.0,"[{""cq_index"": 0, ""cq_text"": ""Is the medication intake by the patient caused by the presence of outdoor environmental allergen such as pollen or AQI?"", ""cq_token_count"": 11, ""covered_token_count"": 0, ""token_recall"": 0.0, ""covered"": false}, {""cq_index"": 1, ""cq_text"": ""How much does the presence of an asthma symptom effect the intake of medication?"", ""cq_token_count"": 7, ""covered_token_count"": 0, ""token_recall"": 0.0, ""covered"": false}, {""cq_index"": 2, ""cq_text"": ""How does an outdoor environmental allergen affect the patient?"", ""cq_token_count"": 5, ""covered_token_count"": 0, ""token_recall"": 0.0, ""covered"": false}, {""cq_index"": 3, ""cq_text"": ""What is the probable cause of the cough experienced by the patient?"", ""cq_token_count"": 5, ""covered_token_count"": 0, ""token_recall"": 0.0, ""covered"": false}, {""cq_index"": 4, ""cq_text"": ""What if pollen (or AQI) allergen was not present in the outdoor environment, how would it effect the intake of medication?"", ""cq_token_count"": 9, ""covered_token_count"": 0, ""token_recall"": 0.0, ""covered"": false}, {""cq_index"": 5, ""cq_text"": ""What if the patient did not experience a cough, how would it effect the intake of medication?"", ""cq_token_count"": 6, ""covered_token_count"": 0, ""token_recall"": 0.0, ""covered"": false}]",0,60,0.0,0.0,True,0,5,0,5,0.0,0.0,0.0,0.0,0.0,0.0,0.0,0.0,0.0,[],[]
bigscience_bloomz-7b1,cq-only,2023-134-01,False,Could not parse ontology.ttl in turtle/xml/n3 formats.,0,False,False,False,0,0,0,0,0.0,0.0,0.0,False,False,8,0.0,0.0,"[{""cq_index"": 0, ""cq_text"": ""What is the unique identifier of the policy?"", ""cq_token_count"": 3, ""covered_token_count"": 0, ""token_recall"": 0.0, ""covered"": false}, {""cq_index"": 1, ""cq_text"": ""Who is the creator of the policy?"", ""cq_token_count"": 2, ""covered_token_count"": 0, ""token_recall"": 0.0, ""covered"": false}, {""cq_index"": 2, ""cq_text"": ""When was the policy issued?"", ""cq_token_count"": 2, ""covered_token_count"": 0, ""token_recall"": 0.0, ""covered"": false}, {""cq_index"": 3, ""cq_text"": ""Who is the assignee of the policy?"", ""cq_token_count"": 2, ""covered_token_count"": 0, ""token_recall"": 0.0, ""covered"": false}, {""cq_index"": 4, ""cq_text"": ""What application/service is being used to access the data?"", ""cq_token_count"": 5, ""covered_token_count"": 0, ""token_recall"": 0.0, ""covered"": false}, {""cq_index"": 5, ""cq_text"": ""What access mode is being requested?"", ""cq_token_count"": 4, ""covered_token_count"": 0, ""token_recall"": 0.0, ""covered"": false}, {""cq_index"": 6, ""cq_text"": ""What personal data is being accessed?"", ""cq_token_count"": 4, ""covered_token_count"": 0, ""token_recall"": 0.0, ""covered"": false}, {""cq_index"": 7, ""cq_text"": ""What is the purpose for accessing the data?"", ""cq_token_count"": 3, ""covered_token_count"": 0, ""token_recall"": 0.0, ""covered"": false}]",0,88,0.0,0.0,True,0,0,0,0,0.0,0.0,0.0,0.0,0.0,0.0,1.0,1.0,0.0,[],[]
bigscience_bloomz-7b1,cq-only,2023-134-02,False,Could not parse ontology.ttl in turtle/xml/n3 formats.,0,False,False,False,0,0,0,0,0.0,0.0,0.0,False,False,6,0.0,0.0,"[{""cq_index"": 0, ""cq_text"": ""What type of action, e.g., create, update, erase, is being performed on the data?"", ""cq_token_count"": 7, ""covered_token_count"": 0, ""token_recall"": 0.0, ""covered"": false}, {""cq_index"": 1, ""cq_text"": ""Who is the entity interacting with the data?"", ""cq_token_count"": 3, ""covered_token_count"": 0, ""token_recall"": 0.0, ""covered"": false}, {""cq_index"": 2, ""cq_text"": ""Who is the entity publishing the log?"", ""cq_token_count"": 3, ""covered_token_count"": 0, ""token_recall"": 0.0, ""covered"": false}, {""cq_index"": 3, ""cq_text"": ""When was the log issued?"", ""cq_token_count"": 2, ""covered_token_count"": 0, ""token_recall"": 0.0, ""covered"": false}, {""cq_index"": 4, ""cq_text"": ""Where is the data being stored?"", ""cq_token_count"": 3, ""covered_token_count"": 0, ""token_recall"": 0.0, ""covered"": false}, {""cq_index"": 5, ""cq_text"": ""What application/service is being used to generate the data, if any?"", ""cq_token_count"": 5, ""covered_token_count"": 0, ""token_recall"": 0.0, ""covered"": false}]",0,88,0.0,0.0,True,0,0,0,0,0.0,0.0,0.0,0.0,0.0,0.0,1.0,1.0,0.0,[],[]
bigscience_bloomz-7b1,cq-only,2023-134-03,False,Could not parse ontology.ttl in turtle/xml/n3 formats.,0,False,False,False,0,0,0,0,0.0,0.0,0.0,False,False,5,0.0,0.0,"[{""cq_index"": 0, ""cq_text"": ""Who is maintaining the registry?"", ""cq_token_count"": 2, ""covered_token_count"": 0, ""token_recall"": 0.0, ""covered"": false}, {""cq_index"": 1, ""cq_text"": ""When was the registry created/updated?"", ""cq_token_count"": 3, ""covered_token_count"": 0, ""token_recall"": 0.0, ""covered"": false}, {""cq_index"": 2, ""cq_text"": ""What types of data are available?"", ""cq_token_count"": 2, ""covered_token_count"": 0, ""token_recall"": 0.0, ""covered"": false}, {""cq_index"": 3, ""cq_text"": ""Where is a specific type of data being stored?"", ""cq_token_count"": 4, ""covered_token_count"": 0, ""token_recall"": 0.0, ""covered"": false}, {""cq_index"": 4, ""cq_text"": ""What policy is associated with the data?"", ""cq_token_count"": 3, ""covered_token_count"": 0, ""token_recall"": 0.0, ""covered"": false}]",0,88,0.0,0.0,True,0,0,0,0,0.0,0.0,0.0,0.0,0.0,0.0,1.0,1.0,0.0,[],[]
bigscience_bloomz-7b1,cq-only,2023-135-01,False,Could not parse ontology.ttl in turtle/xml/n3 formats.,0,False,False,False,0,0,0,0,0.0,0.0,0.0,False,False,3,0.0,0.0,"[{""cq_index"": 0, ""cq_text"": ""Under what pseudonym did the author C. S. Lewis published a collection of poems, Spirit in Bondage?"", ""cq_token_count"": 9, ""covered_token_count"": 0, ""token_recall"": 0.0, ""covered"": false}, {""cq_index"": 1, ""cq_text"": ""What alternative did C. S. Lewis used to assume the role of a book writer?"", ""cq_token_count"": 6, ""covered_token_count"": 0, ""token_recall"": 0.0, ""covered"": false}, {""cq_index"": 2, ""cq_text"": ""Show the trajectories of rivers which cross national parks?"", ""cq_token_count"": 5, ""covered_token_count"": 0, ""token_recall"": 0.0, ""covered"": false}]",0,10,0.0,0.0,True,0,5,0,13,0.0,0.0,0.0,0.0,0.0,0.0,0.0,0.0,0.0,[],[]
bigscience_bloomz-7b1,cq-only,2024-145-01,False,Could not parse ontology.ttl in turtle/xml/n3 formats.,0,False,False,False,0,0,0,0,0.0,0.0,0.0,False,False,7,0.0,0.0,"[{""cq_index"": 0, ""cq_text"": ""List all district courts in a given state."", ""cq_token_count"": 3, ""covered_token_count"": 0, ""token_recall"": 0.0, ""covered"": false}, {""cq_index"": 1, ""cq_text"": ""In which state is a given district court instance located?"", ""cq_token_count"": 5, ""covered_token_count"": 0, ""token_recall"": 0.0, ""covered"": false}, {""cq_index"": 2, ""cq_text"": ""How many districts are in a given state of India?"", ""cq_token_count"": 4, ""covered_token_count"": 0, ""token_recall"": 0.0, ""covered"": false}, {""cq_index"": 3, ""cq_text"": ""Which court has authority over a given court?"", ""cq_token_count"": 3, ""covered_token_count"": 0, ""token_recall"": 0.0, ""covered"": false}, {""cq_index"": 4, ""cq_text"": ""What is the check transaction type for a bad check?"", ""cq_token_count"": 3, ""covered_token_count"": 0, ""token_recall"": 0.0, ""covered"": false}, {""cq_index"": 5, ""cq_text"": ""When is a check payment of a bad check?"", ""cq_token_count"": 3, ""covered_token_count"": 0, ""token_recall"": 0.0, ""covered"": false}, {""cq_index"": 6, ""cq_text"": ""What is the transaction status of a given check payment?"", ""cq_token_count"": 4, ""covered_token_count"": 0, ""token_recall"": 0.0, ""covered"": false}]",0,17,0.0,0.0,False,0,0,0,0,0.0,0.0,0.0,0.0,0.0,0.0,0.0,0.0,0.0,[],[]
bigscience_bloomz-7b1,cq-only,2025-147-01,False,Could not parse ontology.ttl in turtle/xml/n3 formats.,0,False,False,False,0,0,0,0,0.0,0.0,0.0,False,False,48,0.0,0.0,"[{""cq_index"": 0, ""cq_text"": ""How are ships clearly identified?"", ""cq_token_count"": 3, ""covered_token_count"": 0, ""token_recall"": 0.0, ""covered"": false}, {""cq_index"": 1, ""cq_text"": ""How are a ship's dimensions described?"", ""cq_token_count"": 3, ""covered_token_count"": 0, ""token_recall"": 0.0, ""covered"": false}, {""cq_index"": 2, ""cq_text"": ""What information can be provided about the typical location of a ship?"", ""cq_token_count"": 5, ""covered_token_count"": 0, ""token_recall"": 0.0, ""covered"": false}, {""cq_index"": 3, ""cq_text"": ""Who can be the owner of a ship?"", ""cq_token_count"": 2, ""covered_token_count"": 0, ""token_recall"": 0.0, ""covered"": false}, {""cq_index"": 4, ""cq_text"": ""How is a ship's average speed over ground specified?"", ""cq_token_count"": 6, ""covered_token_count"": 0, ""token_recall"": 0.0, ""covered"": false}, {""cq_index"": 5, ""cq_text"": ""How many container ships are registered under the German flag?"", ""cq_token_count"": 7, ""covered_token_count"": 0, ""token_recall"": 0.0, ""covered"": false}, {""cq_index"": 6, ""cq_text"": ""How is the GPS antenna placed relatively to the ship's structure (bow, stern, port, starboard)?"", ""cq_token_count"": 10, ""covered_token_count"": 0, ""token_recall"": 0.0, ""covered"": false}, {""cq_index"": 7, ""cq_text"": ""Which organization owns the most ships?"", ""cq_token_count"": 4, ""covered_token_count"": 0, ""token_recall"": 0.0, ""covered"": false}, {""cq_index"": 8, ""cq_text"": ""What information can be provided about a ship route?"", ""cq_token_count"": 4, ""covered_token_count"": 0, ""token_recall"": 0.0, ""covered"": false}, {""cq_index"": 9, ""cq_text"": ""What information is known about a single trajectory part?"", ""cq_token_count"": 5, ""covered_token_count"": 0, ""token_recall"": 0.0, ""covered"": false}, {""cq_index"": 10, ""cq_text"": ""What types of trajectories are distinguished?"", ""cq_token_count"": 2, ""covered_token_count"": 0, ""token_recall"": 0.0, ""covered"": false}, {""cq_index"": 11, ""cq_text"": ""What unit does the draught of a ship have?"", ""cq_token_count"": 3, ""covered_token_count"": 0, ""token_recall"": 0.0, ""covered"": false}, {""cq_index"": 12, ""cq_text"": ""What was the average speed over ground of the ship on route on day X?"", ""cq_token_count"": 7, ""covered_token_count"": 0, ""token_recall"": 0.0, ""covered"": false}, {""cq_index"": 13, ""cq_text"": ""What route is predicted for ship X?"", ""cq_token_count"": 3, ""covered_token_count"": 0, ""token_recall"": 0.0, ""covered"": false}, {""cq_index"": 14, ""cq_text"": ""What types of engines are used in ships?"", ""cq_token_count"": 2, ""covered_token_count"": 0, ""token_recall"": 0.0, ""covered"": false}, {""cq_index"": 15, ""cq_text"": ""What combinations of engines can exist?"", ""cq_token_count"": 3, ""covered_token_count"": 0, ""token_recall"": 0.0, ""covered"": false}, {""cq_index"": 16, ""cq_text"": ""What powers these ship engines?"", ""cq_token_count"": 4, ""covered_token_count"": 0, ""token_recall"": 0.0, ""covered"": false}, {""cq_index"": 17, ""cq_text"": ""What is driven by ship engines?"", ""cq_token_count"": 3, ""covered_token_count"": 0, ""token_recall"": 0.0, ""covered"": false}, {""cq_index"": 18, ""cq_text"": ""What types of propulsion systems can ships have?"", ""cq_token_count"": 3, ""covered_token_count"": 0, ""token_recall"": 0.0, ""covered"": false}, {""cq_index"": 19, ""cq_text"": ""What propulsion systems don't rely on an engine?"", ""cq_token_count"": 5, ""covered_token_count"": 0, ""token_recall"": 0.0, ""covered"": false}, {""cq_index"": 20, ""cq_text"": ""Which propulsion technologies are used by each individual propulsion system?"", ""cq_token_count"": 4, ""covered_token_count"": 0, ""token_recall"": 0.0, ""covered"": false}, {""cq_index"": 21, ""cq_text"": ""What falls under the category of propulsion technologies powered by engines?"", ""cq_token_count"": 7, ""covered_token_count"": 0, ""token_recall"": 0.0, ""covered"": false}, {""cq_index"": 22, ""cq_text"": ""What types of jet propulsors exist?"", ""cq_token_count"": 3, ""covered_token_count"": 0, ""token_recall"": 0.0, ""covered"": false}, {""cq_index"": 23, ""cq_text"": ""What types of bladed propulsors exist?"", ""cq_token_count"": 3, ""covered_token_count"": 0, ""token_recall"": 0.0, ""covered"": false}, {""cq_index"": 24, ""cq_text"": ""What types of blade propulsors follow a special design?"", ""cq_token_count"": 5, ""covered_token_count"": 0, ""token_recall"": 0.0, ""covered"": false}, {""cq_index"": 25, ""cq_text"": ""What properties describe a bladed propulsor?"", ""cq_token_count"": 4, ""covered_token_count"": 0, ""token_recall"": 0.0, ""covered"": false}, {""cq_index"": 26, ""cq_text"": ""What types of screw propellers can be used?"", ""cq_token_count"": 2, ""covered_token_count"": 0, ""token_recall"": 0.0, ""covered"": false}, {""cq_index"": 27, ""cq_text"": ""What is used to prevent cavitation on technologies for motorized propulsion?"", ""cq_token_count"": 5, ""covered_token_count"": 0, ""token_recall"": 0.0, ""covered"": false}, {""cq_index"": 28, ""cq_text"": ""What type of sails exist?"", ""cq_token_count"": 2, ""covered_token_count"": 0, ""token_recall"": 0.0, ""covered"": false}, {""cq_index"": 29, ""cq_text"": ""Which type of propulsion technologies can assist a motorized ship?"", ""cq_token_count"": 5, ""covered_token_count"": 0, ""token_recall"": 0.0, ""covered"": false}, {""cq_index"": 30, ""cq_text"": ""What fuel does ship X use to drive?"", ""cq_token_count"": 3, ""covered_token_count"": 0, ""token_recall"": 0.0, ""covered"": false}, {""cq_index"": 31, ""cq_text"": ""How many engines power ship X?"", ""cq_token_count"": 4, ""covered_token_count"": 0, ""token_recall"": 0.0, ""covered"": false}, {""cq_index"": 32, ""cq_text"": ""What types of propellers are installed on ship X?"", ""cq_token_count"": 3, ""covered_token_count"": 0, ""token_recall"": 0.0, ""covered"": false}, {""cq_index"": 33, ""cq_text"": ""What is the most common type of propeller?"", ""cq_token_count"": 3, ""covered_token_count"": 0, ""token_recall"": 0.0, ""covered"": false}, {""cq_index"": 34, ""cq_text"": ""How many ships have sails?"", ""cq_token_count"": 3, ""covered_token_count"": 0, ""token_recall"": 0.0, ""covered"": false}, {""cq_index"": 35, ""cq_text"": ""Which ships use electric engines exclusively?"", ""cq_token_count"": 4, ""covered_token_count"": 0, ""token_recall"": 0.0, ""covered"": false}, {""cq_index"": 36, ""cq_text"": ""What motorized propulsion does a ship use that is assisted by wind propulsion?"", ""cq_token_count"": 5, ""covered_token_count"": 0, ""token_recall"": 0.0, ""covered"": false}, {""cq_index"": 37, ""cq_text"": ""How many supercavitating propellers does ship X use?"", ""cq_token_count"": 4, ""covered_token_count"": 0, ""token_recall"": 0.0, ""covered"": false}, {""cq_index"": 38, ""cq_text"": ""What diameter and how many blades does the fixed pitch propeller Y of ship X have?"", ""cq_token_count"": 7, ""covered_token_count"": 0, ""token_recall"": 0.0, ""covered"": false}, {""cq_index"": 39, ""cq_text"": ""What is the least utilized wind assisted propulsion system?"", ""cq_token_count"": 6, ""covered_token_count"": 0, ""token_recall"": 0.0, ""covered"": false}, {""cq_index"": 40, ""cq_text"": ""What different kinds of data can be used to represent a ship?"", ""cq_token_count"": 5, ""covered_token_count"": 0, ""token_recall"": 0.0, ""covered"": false}, {""cq_index"": 41, ""cq_text"": ""How is sonar data of ships stored?"", ""cq_token_count"": 4, ""covered_token_count"": 0, ""token_recall"": 0.0, ""covered"": false}, {""cq_index"": 42, ""cq_text"": ""What image resources are available for a ship?"", ""cq_token_count"": 4, ""covered_token_count"": 0, ""token_recall"": 0.0, ""covered"": false}, {""cq_index"": 43, ""cq_text"": ""What textual information about a ship is available?"", ""cq_token_count"": 4, ""covered_token_count"": 0, ""token_recall"": 0.0, ""covered"": false}, {""cq_index"": 44, ""cq_text"": ""What does ship X look like?"", ""cq_token_count"": 3, ""covered_token_count"": 0, ""token_recall"": 0.0, ""covered"": false}, {""cq_index"": 45, ""cq_text"": ""How does ship X sound like on a sonar?"", ""cq_token_count"": 4, ""covered_token_count"": 0, ""token_recall"": 0.0, ""covered"": false}, {""cq_index"": 46, ""cq_text"": ""What is the textual description of ship X?"", ""cq_token_count"": 3, ""covered_token_count"": 0, ""token_recall"": 0.0, ""covered"": false}, {""cq_index"": 47, ""cq_text"": ""Are there ships without sonar signatures?"", ""cq_token_count"": 5, ""covered_token_count"": 0, ""token_recall"": 0.0, ""covered"": false}]",0,109,0.0,0.0,True,0,1,0,8,0.0,0.0,0.0,0.0,0.0,0.0,0.0,0.0,0.0,[],[]
bigscience_bloomz-7b1,cq-only,2025-149-01,False,Could not parse ontology.ttl in turtle/xml/n3 formats.,0,False,False,False,0,0,0,0,0.0,0.0,0.0,False,False,25,0.0,0.0,"[{""cq_index"": 0, ""cq_text"": ""Can the ontology represent a relational database as a first-class schema entity?"", ""cq_token_count"": 8, ""covered_token_count"": 0, ""token_recall"": 0.0, ""covered"": false}, {""cq_index"": 1, ""cq_text"": ""Can the ontology represent tables belonging to a database?"", ""cq_token_count"": 5, ""covered_token_count"": 0, ""token_recall"": 0.0, ""covered"": false}, {""cq_index"": 2, ""cq_text"": ""Can the ontology represent columns belonging to a table?"", ""cq_token_count"": 5, ""covered_token_count"": 0, ""token_recall"": 0.0, ""covered"": false}, {""cq_index"": 3, ""cq_text"": ""Can the ontology represent primary-key relationships in the schema?"", ""cq_token_count"": 6, ""covered_token_count"": 0, ""token_recall"": 0.0, ""covered"": false}, {""cq_index"": 4, ""cq_text"": ""Can the ontology represent foreign-key relationships and distinguish same-named columns across different tables when they are not semantically linked?"", ""cq_token_count"": 15, ""covered_token_count"": 0, ""token_recall"": 0.0, ""covered"": false}, {""cq_index"": 5, ""cq_text"": ""Can the ontology define a policy for a specific agent?"", ""cq_token_count"": 5, ""covered_token_count"": 0, ""token_recall"": 0.0, ""covered"": false}, {""cq_index"": 6, ""cq_text"": ""Can a policy specify a high-level ReadAction?"", ""cq_token_count"": 5, ""covered_token_count"": 0, ""token_recall"": 0.0, ""covered"": false}, {""cq_index"": 7, ""cq_text"": ""Can a policy specify a high-level ModifyAction?"", ""cq_token_count"": 5, ""covered_token_count"": 0, ""token_recall"": 0.0, ""covered"": false}, {""cq_index"": 8, ""cq_text"": ""Can a policy specify a ViewActionScope for read operations?"", ""cq_token_count"": 5, ""covered_token_count"": 0, ""token_recall"": 0.0, ""covered"": false}, {""cq_index"": 9, ""cq_text"": ""Can a policy specify a ProcessActionScope for read operations?"", ""cq_token_count"": 5, ""covered_token_count"": 0, ""token_recall"": 0.0, ""covered"": false}, {""cq_index"": 10, ""cq_text"": ""Can a policy be defined at table level?"", ""cq_token_count"": 4, ""covered_token_count"": 0, ""token_recall"": 0.0, ""covered"": false}, {""cq_index"": 11, ""cq_text"": ""Can a policy be defined at column level?"", ""cq_token_count"": 4, ""covered_token_count"": 0, ""token_recall"": 0.0, ""covered"": false}, {""cq_index"": 12, ""cq_text"": ""Can a policy be defined at row level using conditions?"", ""cq_token_count"": 5, ""covered_token_count"": 0, ""token_recall"": 0.0, ""covered"": false}, {""cq_index"": 13, ""cq_text"": ""Can the ontology express a prohibited modify action on a table?"", ""cq_token_count"": 6, ""covered_token_count"": 0, ""token_recall"": 0.0, ""covered"": false}, {""cq_index"": 14, ""cq_text"": ""Can the ontology express a table-level read prohibition for processing?"", ""cq_token_count"": 7, ""covered_token_count"": 0, ""token_recall"": 0.0, ""covered"": false}, {""cq_index"": 15, ""cq_text"": ""Can the ontology express a table-level read prohibition for viewing?"", ""cq_token_count"": 7, ""covered_token_count"": 0, ""token_recall"": 0.0, ""covered"": false}, {""cq_index"": 16, ""cq_text"": ""Can the ontology express a conditional row-level read restriction for later enforcement?"", ""cq_token_count"": 9, ""covered_token_count"": 0, ""token_recall"": 0.0, ""covered"": false}, {""cq_index"": 17, ""cq_text"": ""Can the ontology represent a SQL query as an AST-based semantic graph?"", ""cq_token_count"": 8, ""covered_token_count"": 0, ""token_recall"": 0.0, ""covered"": false}, {""cq_index"": 18, ""cq_text"": ""Can a SQL statement such as SelectStatement or UpdateStatement be mapped to its semantic action type?"", ""cq_token_count"": 8, ""covered_token_count"": 0, ""token_recall"": 0.0, ""covered"": false}, {""cq_index"": 19, ""cq_text"": ""Can a query statement be linked to the executing agent?"", ""cq_token_count"": 5, ""covered_token_count"": 0, ""token_recall"": 0.0, ""covered"": false}, {""cq_index"": 20, ""cq_text"": ""Can SQL clauses be assigned operational scopes such as view or process?"", ""cq_token_count"": 8, ""covered_token_count"": 0, ""token_recall"": 0.0, ""covered"": false}, {""cq_index"": 21, ""cq_text"": ""Can scope be propagated to reference nodes as an effectiveActionScope?"", ""cq_token_count"": 5, ""covered_token_count"": 0, ""token_recall"": 0.0, ""covered"": false}, {""cq_index"": 22, ""cq_text"": ""Can a TableRef in the query be linked to its corresponding schema Table?"", ""cq_token_count"": 6, ""covered_token_count"": 0, ""token_recall"": 0.0, ""covered"": false}, {""cq_index"": 23, ""cq_text"": ""Can a ColumnRef in the query be linked to its corresponding schema Column?"", ""cq_token_count"": 6, ""covered_token_count"": 0, ""token_recall"": 0.0, ""covered"": false}, {""cq_index"": 24, ""cq_text"": ""Can the reasoner infer whether a referenced table or column is Violated or RowTag based on the matching policy, action, and scope?"", ""cq_token_count"": 13, ""covered_token_count"": 0, ""token_recall"": 0.0, ""covered"": false}]",0,10,0.0,0.0,True,0,48,0,41,0.0,0.0,0.0,0.0,0.0,0.0,0.0,0.0,0.0,[],[]
bigscience_bloomz-7b1,cq-only,2025-150-01,False,Could not parse ontology.ttl in turtle/xml/n3 formats.,0,False,False,False,0,0,0,0,0.0,0.0,0.0,False,False,32,0.0,0.0,"[{""cq_index"": 0, ""cq_text"": ""Which MQTT Clients are connected to which Broker?"", ""cq_token_count"": 4, ""covered_token_count"": 0, ""token_recall"": 0.0, ""covered"": false}, {""cq_index"": 1, ""cq_text"": ""Which MQTT NetworkConnections exist, are they TLS-secured, and who initiated/accepted them?"", ""cq_token_count"": 9, ""covered_token_count"": 0, ""token_recall"": 0.0, ""covered"": false}, {""cq_index"": 2, ""cq_text"": ""Which MQTT participants (Clients/Brokers) use which MQTT NetworkConnections?"", ""cq_token_count"": 5, ""covered_token_count"": 0, ""token_recall"": 0.0, ""covered"": false}, {""cq_index"": 3, ""cq_text"": ""Which MQTT Clients with which ClientIDs run on which SOSA platforms?"", ""cq_token_count"": 6, ""covered_token_count"": 0, ""token_recall"": 0.0, ""covered"": false}, {""cq_index"": 4, ""cq_text"": ""Which MQTT Clients are hosting which SOSA systems (sensors/actuators)?"", ""cq_token_count"": 7, ""covered_token_count"": 0, ""token_recall"": 0.0, ""covered"": false}, {""cq_index"": 5, ""cq_text"": ""What host/port is a MQTT Broker configured with?"", ""cq_token_count"": 5, ""covered_token_count"": 0, ""token_recall"": 0.0, ""covered"": false}, {""cq_index"": 6, ""cq_text"": ""Which SOSA sensors publish to which MQTT Topics (observations)?"", ""cq_token_count"": 6, ""covered_token_count"": 0, ""token_recall"": 0.0, ""covered"": false}, {""cq_index"": 7, ""cq_text"": ""Which SOSA actuators listen to which MQTT Topics (commands)?"", ""cq_token_count"": 6, ""covered_token_count"": 0, ""token_recall"": 0.0, ""covered"": false}, {""cq_index"": 8, ""cq_text"": ""Which SOSA FeaturesOfInterest, Properties etc. appear as MQTT TopicSubjects and on which MQTT Topics?"", ""cq_token_count"": 8, ""covered_token_count"": 0, ""token_recall"": 0.0, ""covered"": false}, {""cq_index"": 9, ""cq_text"": ""Which MQTT Topic Filters match a given MQTT Topic?"", ""cq_token_count"": 4, ""covered_token_count"": 0, ""token_recall"": 0.0, ""covered"": false}, {""cq_index"": 10, ""cq_text"": ""Which MQTT Topics are matched by a given MQTT Topic Filter?"", ""cq_token_count"": 5, ""covered_token_count"": 0, ""token_recall"": 0.0, ""covered"": false}, {""cq_index"": 11, ""cq_text"": ""Which MQTT filter patterns (with wildcards) are stored?"", ""cq_token_count"": 5, ""covered_token_count"": 0, ""token_recall"": 0.0, ""covered"": false}, {""cq_index"": 12, ""cq_text"": ""Which MQTT Clients send which MQTT Control Packets?"", ""cq_token_count"": 5, ""covered_token_count"": 0, ""token_recall"": 0.0, ""covered"": false}, {""cq_index"": 13, ""cq_text"": ""Which MQTT PUBLISH/SUBSCRIBE/UNSUBSCRIBE packets were sent (specializations)?"", ""cq_token_count"": 7, ""covered_token_count"": 0, ""token_recall"": 0.0, ""covered"": false}, {""cq_index"": 14, ""cq_text"": ""Which MQTT Brokers receive/forward which MQTT Control Packets?"", ""cq_token_count"": 6, ""covered_token_count"": 0, ""token_recall"": 0.0, ""covered"": false}, {""cq_index"": 15, ""cq_text"": ""Which MQTT Control Packets were sent by which Client (inverse)?"", ""cq_token_count"": 6, ""covered_token_count"": 0, ""token_recall"": 0.0, ""covered"": false}, {""cq_index"": 16, ""cq_text"": ""Which MQTT Publish packets carry Observations for a specific SOSA FeatureOfInterest or Property?"", ""cq_token_count"": 9, ""covered_token_count"": 0, ""token_recall"": 0.0, ""covered"": false}, {""cq_index"": 17, ""cq_text"": ""Which MQTT SUBSCRIBE packets request QoS=2 and for which filters?"", ""cq_token_count"": 6, ""covered_token_count"": 0, ""token_recall"": 0.0, ""covered"": false}, {""cq_index"": 18, ""cq_text"": ""Which MQTT UNSUBSCRIBE packets remove all filters under a certain path (e.g. 'factory/centering/#')?"", ""cq_token_count"": 10, ""covered_token_count"": 0, ""token_recall"": 0.0, ""covered"": false}, {""cq_index"": 19, ""cq_text"": ""Which MQTT Control Packet has which Fixed Header / Variable Header / Payload?"", ""cq_token_count"": 7, ""covered_token_count"": 0, ""token_recall"": 0.0, ""covered"": false}, {""cq_index"": 20, ""cq_text"": ""Which MQTT PUBLISH packet has which MQTT Topic (name) in the Variable Header?"", ""cq_token_count"": 7, ""covered_token_count"": 0, ""token_recall"": 0.0, ""covered"": false}, {""cq_index"": 21, ""cq_text"": ""Which QoS levels are set (in PUBLISH Fixed Header or SubscriptionEntry)?"", ""cq_token_count"": 7, ""covered_token_count"": 0, ""token_recall"": 0.0, ""covered"": false}, {""cq_index"": 22, ""cq_text"": ""Are RETAIN/DUP flags set in PUBLISH?"", ""cq_token_count"": 5, ""covered_token_count"": 0, ""token_recall"": 0.0, ""covered"": false}, {""cq_index"": 23, ""cq_text"": ""Which MQTT Control Packets have which PacketIdentifier?"", ""cq_token_count"": 4, ""covered_token_count"": 0, ""token_recall"": 0.0, ""covered"": false}, {""cq_index"": 24, ""cq_text"": ""Which MQTT SUBSCRIBE payloads contain which SubscriptionEntries?"", ""cq_token_count"": 5, ""covered_token_count"": 0, ""token_recall"": 0.0, ""covered"": false}, {""cq_index"": 25, ""cq_text"": ""Which MQTT Topic Filters (with QoS) are requested by a SubscriptionEntry?"", ""cq_token_count"": 6, ""covered_token_count"": 0, ""token_recall"": 0.0, ""covered"": false}, {""cq_index"": 26, ""cq_text"": ""Which MQTT UNSUBSCRIBE payloads remove which MQTT TopicFilters?"", ""cq_token_count"": 5, ""covered_token_count"": 0, ""token_recall"": 0.0, ""covered"": false}, {""cq_index"": 27, ""cq_text"": ""Which MQTT PUBLISH payloads encode SOSA Observations (or Observation Collections)?"", ""cq_token_count"": 8, ""covered_token_count"": 0, ""token_recall"": 0.0, ""covered"": false}, {""cq_index"": 28, ""cq_text"": ""Which MQTT PUBLISH payloads encode SOSA Actuations (or Actuation Collections)?"", ""cq_token_count"": 8, ""covered_token_count"": 0, ""token_recall"": 0.0, ""covered"": false}, {""cq_index"": 29, ""cq_text"": ""Which fields are encoded in a MQTT payload?"", ""cq_token_count"": 4, ""covered_token_count"": 0, ""token_recall"": 0.0, ""covered"": false}, {""cq_index"": 30, ""cq_text"": ""What content, content type, encoding and delimiter does a MQTT PUBLISH payload have?"", ""cq_token_count"": 6, ""covered_token_count"": 0, ""token_recall"": 0.0, ""covered"": false}, {""cq_index"": 31, ""cq_text"": ""What is the size of a MQTT payload (as QUDT QuantityValue with unit)?"", ""cq_token_count"": 6, ""covered_token_count"": 0, ""token_recall"": 0.0, ""covered"": false}]",0,60,0.0,0.0,True,0,9,0,11,0.0,0.0,0.0,0.0,0.0,0.0,0.0,0.0,0.0,[],[]
bigscience_bloomz-7b1,cq-only,2025-151-01,False,Could not parse ontology.ttl in turtle/xml/n3 formats.,0,False,False,False,0,0,0,0,0.0,0.0,0.0,False,False,5,0.0,0.0,"[{""cq_index"": 0, ""cq_text"": ""What is the requested action?"", ""cq_token_count"": 2, ""covered_token_count"": 0, ""token_recall"": 0.0, ""covered"": false}, {""cq_index"": 1, ""cq_text"": ""Who is the party issuing the evaluation request?"", ""cq_token_count"": 4, ""covered_token_count"": 0, ""token_recall"": 0.0, ""covered"": false}, {""cq_index"": 2, ""cq_text"": ""What is the target asset of the evaluation request?"", ""cq_token_count"": 4, ""covered_token_count"": 0, ""token_recall"": 0.0, ""covered"": false}, {""cq_index"": 3, ""cq_text"": ""When was the evaluation request issued?"", ""cq_token_count"": 3, ""covered_token_count"": 0, ""token_recall"": 0.0, ""covered"": false}, {""cq_index"": 4, ""cq_text"": ""What additional contextual information can be included in the evaluation request to further constrain it?"", ""cq_token_count"": 8, ""covered_token_count"": 0, ""token_recall"": 0.0, ""covered"": false}]",0,25,0.0,0.0,True,0,1,0,5,0.0,0.0,0.0,0.0,0.0,0.0,0.0,0.0,0.0,[],[]
bigscience_bloomz-7b1,cq-only,2025-151-02,False,Could not parse ontology.ttl in turtle/xml/n3 formats.,0,False,False,False,0,0,0,0,0.0,0.0,0.0,False,False,10,0.0,0.0,"[{""cq_index"": 0, ""cq_text"": ""What is the current time?"", ""cq_token_count"": 2, ""covered_token_count"": 0, ""token_recall"": 0.0, ""covered"": false}, {""cq_index"": 1, ""cq_text"": ""What is the location of a party?"", ""cq_token_count"": 2, ""covered_token_count"": 0, ""token_recall"": 0.0, ""covered"": false}, {""cq_index"": 2, ""cq_text"": ""What assets are part of the asset collection of the policy that is being evaluated?"", ""cq_token_count"": 7, ""covered_token_count"": 0, ""token_recall"": 0.0, ""covered"": false}, {""cq_index"": 3, ""cq_text"": ""Which parties are part of the party collection of the policy that is being evaluated?"", ""cq_token_count"": 7, ""covered_token_count"": 0, ""token_recall"": 0.0, ""covered"": false}, {""cq_index"": 4, ""cq_text"": ""What actions were already performed or attempted?"", ""cq_token_count"": 4, ""covered_token_count"": 0, ""token_recall"": 0.0, ""covered"": false}, {""cq_index"": 5, ""cq_text"": ""How many times has a rule been exercised?"", ""cq_token_count"": 4, ""covered_token_count"": 0, ""token_recall"": 0.0, ""covered"": false}, {""cq_index"": 6, ""cq_text"": ""What information is available about an event that has occurred?"", ""cq_token_count"": 4, ""covered_token_count"": 0, ""token_recall"": 0.0, ""covered"": false}, {""cq_index"": 7, ""cq_text"": ""How long has a rule been exercised?"", ""cq_token_count"": 3, ""covered_token_count"": 0, ""token_recall"": 0.0, ""covered"": false}, {""cq_index"": 8, ""cq_text"": ""Which recipients or categories of recipients can receive the result of the rule that has been exercised?"", ""cq_token_count"": 6, ""covered_token_count"": 0, ""token_recall"": 0.0, ""covered"": false}, {""cq_index"": 9, ""cq_text"": ""Has a financial payment been made? What was the amount paid?"", ""cq_token_count"": 5, ""covered_token_count"": 0, ""token_recall"": 0.0, ""covered"": false}]",0,23,0.0,0.0,True,0,1,0,0,0.0,0.0,0.0,0.0,0.0,0.0,0.0,1.0,0.0,[],[]
bigscience_bloomz-7b1,cq-only,2025-153-01,False,Could not parse ontology.ttl in turtle/xml/n3 formats.,0,False,False,False,0,0,0,0,0.0,0.0,0.0,False,False,8,0.0,0.0,"[{""cq_index"": 0, ""cq_text"": ""Which entity does a persistent identifier currently reference?"", ""cq_token_count"": 5, ""covered_token_count"": 0, ""token_recall"": 0.0, ""covered"": false}, {""cq_index"": 1, ""cq_text"": ""Which entity was referenced at a past timestamp?"", ""cq_token_count"": 4, ""covered_token_count"": 0, ""token_recall"": 0.0, ""covered"": false}, {""cq_index"": 2, ""cq_text"": ""When did referent transitions occur?"", ""cq_token_count"": 3, ""covered_token_count"": 0, ""token_recall"": 0.0, ""covered"": false}, {""cq_index"": 3, ""cq_text"": ""What observations are associated with specific referents?"", ""cq_token_count"": 4, ""covered_token_count"": 0, ""token_recall"": 0.0, ""covered"": false}, {""cq_index"": 4, ""cq_text"": ""What is the full sequence of referents over time?"", ""cq_token_count"": 5, ""covered_token_count"": 0, ""token_recall"": 0.0, ""covered"": false}, {""cq_index"": 5, ""cq_text"": ""Which rules triggered specific transitions?"", ""cq_token_count"": 4, ""covered_token_count"": 0, ""token_recall"": 0.0, ""covered"": false}, {""cq_index"": 6, ""cq_text"": ""Are there gaps or overlaps in temporal bindings?"", ""cq_token_count"": 5, ""covered_token_count"": 0, ""token_recall"": 0.0, ""covered"": false}, {""cq_index"": 7, ""cq_text"": ""Can complete context be rebuilt for any time point?"", ""cq_token_count"": 5, ""covered_token_count"": 0, ""token_recall"": 0.0, ""covered"": false}]",0,119,0.0,0.0,True,0,11,0,22,0.0,0.0,0.0,0.0,0.0,0.0,0.0,0.0,0.0,[],[]
bigscience_bloomz-7b1,cq-only,2026-155-01,False,Could not parse ontology.ttl in turtle/xml/n3 formats.,0,False,False,False,0,0,0,0,0.0,0.0,0.0,False,False,8,0.0,0.0,"[{""cq_index"": 0, ""cq_text"": ""Which survey or investigation activities were performed on a given cultural property or on a specific feature of interest?"", ""cq_token_count"": 9, ""covered_token_count"": 0, ""token_recall"": 0.0, ""covered"": false}, {""cq_index"": 1, ""cq_text"": ""Which method or investigation technique was adopted in a specific survey or investigation activity?"", ""cq_token_count"": 7, ""covered_token_count"": 0, ""token_recall"": 0.0, ""covered"": false}, {""cq_index"": 2, ""cq_text"": ""Which observations were produced during a given survey or investigation activity?"", ""cq_token_count"": 6, ""covered_token_count"": 0, ""token_recall"": 0.0, ""covered"": false}, {""cq_index"": 3, ""cq_text"": ""Which experts participated in the survey or investigation activity, and with which roles?"", ""cq_token_count"": 6, ""covered_token_count"": 0, ""token_recall"": 0.0, ""covered"": false}, {""cq_index"": 4, ""cq_text"": ""Which hardware, software, and technical configurations were used to conduct a specific survey or investigation activity?"", ""cq_token_count"": 9, ""covered_token_count"": 0, ""token_recall"": 0.0, ""covered"": false}, {""cq_index"": 5, ""cq_text"": ""What interpretations or claims are supported by the observations produced during a survey?"", ""cq_token_count"": 7, ""covered_token_count"": 0, ""token_recall"": 0.0, ""covered"": false}, {""cq_index"": 6, ""cq_text"": ""How are post-processed outputs (e.g., interactive images, spectra, datasets) related to the underlying acquisition or observation activities?"", ""cq_token_count"": 12, ""covered_token_count"": 0, ""token_recall"": 0.0, ""covered"": false}, {""cq_index"": 7, ""cq_text"": ""Which acquisition parameters (e.g., exposure time, ISO, aperture) characterised a specific photographic acquisition cycle within a survey?"", ""cq_token_count"": 12, ""covered_token_count"": 0, ""token_recall"": 0.0, ""covered"": false}]",0,20,0.0,0.0,True,0,22,0,32,0.0,0.0,0.0,0.0,0.0,0.0,0.0,0.0,0.0,[],[]
bigscience_bloomz-7b1,scenario-cq,2023-133-01,False,Could not parse ontology.ttl in turtle/xml/n3 formats.,0,False,False,False,0,0,0,0,0.0,0.0,0.0,False,False,4,0.0,0.0,"[{""cq_index"": 0, ""cq_text"": ""What events are responsible for the pavement being slippery?"", ""cq_token_count"": 5, ""covered_token_count"": 0, ""token_recall"": 0.0, ""covered"": false}, {""cq_index"": 1, ""cq_text"": ""What would be the outcome of turning the sprinkler system on(off)?"", ""cq_token_count"": 5, ""covered_token_count"": 0, ""token_recall"": 0.0, ""covered"": false}, {""cq_index"": 2, ""cq_text"": ""How strong is the causal link between the sprinkler being on and the pavement being wet?"", ""cq_token_count"": 8, ""covered_token_count"": 0, ""token_recall"": 0.0, ""covered"": false}, {""cq_index"": 3, ""cq_text"": ""What if the pavement is not wet, how would it effect the pavement being slippery?"", ""cq_token_count"": 5, ""covered_token_count"": 0, ""token_recall"": 0.0, ""covered"": false}]",0,41,0.0,0.0,True,0,5,0,5,0.0,0.0,0.0,0.0,0.0,0.0,0.0,0.0,0.0,[],[]
bigscience_bloomz-7b1,scenario-cq,2023-133-02,False,Could not parse ontology.ttl in turtle/xml/n3 formats.,0,False,False,False,0,0,0,0,0.0,0.0,0.0,False,False,6,0.0,0.0,"[{""cq_index"": 0, ""cq_text"": ""Is the medication intake by the patient caused by the presence of outdoor environmental allergen such as pollen or AQI?"", ""cq_token_count"": 11, ""covered_token_count"": 0, ""token_recall"": 0.0, ""covered"": false}, {""cq_index"": 1, ""cq_text"": ""How much does the presence of an asthma symptom effect the intake of medication?"", ""cq_token_count"": 7, ""covered_token_count"": 0, ""token_recall"": 0.0, ""covered"": false}, {""cq_index"": 2, ""cq_text"": ""How does an outdoor environmental allergen affect the patient?"", ""cq_token_count"": 5, ""covered_token_count"": 0, ""token_recall"": 0.0, ""covered"": false}, {""cq_index"": 3, ""cq_text"": ""What is the probable cause of the cough experienced by the patient?"", ""cq_token_count"": 5, ""covered_token_count"": 0, ""token_recall"": 0.0, ""covered"": false}, {""cq_index"": 4, ""cq_text"": ""What if pollen (or AQI) allergen was not present in the outdoor environment, how would it effect the intake of medication?"", ""cq_token_count"": 9, ""covered_token_count"": 0, ""token_recall"": 0.0, ""covered"": false}, {""cq_index"": 5, ""cq_text"": ""What if the patient did not experience a cough, how would it effect the intake of medication?"", ""cq_token_count"": 6, ""covered_token_count"": 0, ""token_recall"": 0.0, ""covered"": false}]",0,60,0.0,0.0,True,0,5,0,5,0.0,0.0,0.0,0.0,0.0,0.0,0.0,0.0,0.0,[],[]
bigscience_bloomz-7b1,scenario-cq,2023-134-01,False,Could not parse ontology.ttl in turtle/xml/n3 formats.,0,False,False,False,0,0,0,0,0.0,0.0,0.0,False,False,8,0.0,0.0,"[{""cq_index"": 0, ""cq_text"": ""What is the unique identifier of the policy?"", ""cq_token_count"": 3, ""covered_token_count"": 0, ""token_recall"": 0.0, ""covered"": false}, {""cq_index"": 1, ""cq_text"": ""Who is the creator of the policy?"", ""cq_token_count"": 2, ""covered_token_count"": 0, ""token_recall"": 0.0, ""covered"": false}, {""cq_index"": 2, ""cq_text"": ""When was the policy issued?"", ""cq_token_count"": 2, ""covered_token_count"": 0, ""token_recall"": 0.0, ""covered"": false}, {""cq_index"": 3, ""cq_text"": ""Who is the assignee of the policy?"", ""cq_token_count"": 2, ""covered_token_count"": 0, ""token_recall"": 0.0, ""covered"": false}, {""cq_index"": 4, ""cq_text"": ""What application/service is being used to access the data?"", ""cq_token_count"": 5, ""covered_token_count"": 0, ""token_recall"": 0.0, ""covered"": false}, {""cq_index"": 5, ""cq_text"": ""What access mode is being requested?"", ""cq_token_count"": 4, ""covered_token_count"": 0, ""token_recall"": 0.0, ""covered"": false}, {""cq_index"": 6, ""cq_text"": ""What personal data is being accessed?"", ""cq_token_count"": 4, ""covered_token_count"": 0, ""token_recall"": 0.0, ""covered"": false}, {""cq_index"": 7, ""cq_text"": ""What is the purpose for accessing the data?"", ""cq_token_count"": 3, ""covered_token_count"": 0, ""token_recall"": 0.0, ""covered"": false}]",0,88,0.0,0.0,True,0,0,0,0,0.0,0.0,0.0,0.0,0.0,0.0,1.0,1.0,0.0,[],[]
bigscience_bloomz-7b1,scenario-cq,2023-134-02,False,Could not parse ontology.ttl in turtle/xml/n3 formats.,0,False,False,False,0,0,0,0,0.0,0.0,0.0,False,False,6,0.0,0.0,"[{""cq_index"": 0, ""cq_text"": ""What type of action, e.g., create, update, erase, is being performed on the data?"", ""cq_token_count"": 7, ""covered_token_count"": 0, ""token_recall"": 0.0, ""covered"": false}, {""cq_index"": 1, ""cq_text"": ""Who is the entity interacting with the data?"", ""cq_token_count"": 3, ""covered_token_count"": 0, ""token_recall"": 0.0, ""covered"": false}, {""cq_index"": 2, ""cq_text"": ""Who is the entity publishing the log?"", ""cq_token_count"": 3, ""covered_token_count"": 0, ""token_recall"": 0.0, ""covered"": false}, {""cq_index"": 3, ""cq_text"": ""When was the log issued?"", ""cq_token_count"": 2, ""covered_token_count"": 0, ""token_recall"": 0.0, ""covered"": false}, {""cq_index"": 4, ""cq_text"": ""Where is the data being stored?"", ""cq_token_count"": 3, ""covered_token_count"": 0, ""token_recall"": 0.0, ""covered"": false}, {""cq_index"": 5, ""cq_text"": ""What application/service is being used to generate the data, if any?"", ""cq_token_count"": 5, ""covered_token_count"": 0, ""token_recall"": 0.0, ""covered"": false}]",0,88,0.0,0.0,True,0,0,0,0,0.0,0.0,0.0,0.0,0.0,0.0,1.0,1.0,0.0,[],[]
bigscience_bloomz-7b1,scenario-cq,2023-134-03,False,Could not parse ontology.ttl in turtle/xml/n3 formats.,0,False,False,False,0,0,0,0,0.0,0.0,0.0,False,False,5,0.0,0.0,"[{""cq_index"": 0, ""cq_text"": ""Who is maintaining the registry?"", ""cq_token_count"": 2, ""covered_token_count"": 0, ""token_recall"": 0.0, ""covered"": false}, {""cq_index"": 1, ""cq_text"": ""When was the registry created/updated?"", ""cq_token_count"": 3, ""covered_token_count"": 0, ""token_recall"": 0.0, ""covered"": false}, {""cq_index"": 2, ""cq_text"": ""What types of data are available?"", ""cq_token_count"": 2, ""covered_token_count"": 0, ""token_recall"": 0.0, ""covered"": false}, {""cq_index"": 3, ""cq_text"": ""Where is a specific type of data being stored?"", ""cq_token_count"": 4, ""covered_token_count"": 0, ""token_recall"": 0.0, ""covered"": false}, {""cq_index"": 4, ""cq_text"": ""What policy is associated with the data?"", ""cq_token_count"": 3, ""covered_token_count"": 0, ""token_recall"": 0.0, ""covered"": false}]",0,88,0.0,0.0,True,0,0,0,0,0.0,0.0,0.0,0.0,0.0,0.0,1.0,1.0,0.0,[],[]
bigscience_bloomz-7b1,scenario-cq,2023-135-01,False,Could not parse ontology.ttl in turtle/xml/n3 formats.,0,False,False,False,0,0,0,0,0.0,0.0,0.0,False,False,3,0.0,0.0,"[{""cq_index"": 0, ""cq_text"": ""Under what pseudonym did the author C. S. Lewis published a collection of poems, Spirit in Bondage?"", ""cq_token_count"": 9, ""covered_token_count"": 0, ""token_recall"": 0.0, ""covered"": false}, {""cq_index"": 1, ""cq_text"": ""What alternative did C. S. Lewis used to assume the role of a book writer?"", ""cq_token_count"": 6, ""covered_token_count"": 0, ""token_recall"": 0.0, ""covered"": false}, {""cq_index"": 2, ""cq_text"": ""Show the trajectories of rivers which cross national parks?"", ""cq_token_count"": 5, ""covered_token_count"": 0, ""token_recall"": 0.0, ""covered"": false}]",0,10,0.0,0.0,True,0,5,0,13,0.0,0.0,0.0,0.0,0.0,0.0,0.0,0.0,0.0,[],[]
bigscience_bloomz-7b1,scenario-cq,2024-145-01,False,Could not parse ontology.ttl in turtle/xml/n3 formats.,0,False,False,False,0,0,0,0,0.0,0.0,0.0,False,False,7,0.0,0.0,"[{""cq_index"": 0, ""cq_text"": ""List all district courts in a given state."", ""cq_token_count"": 3, ""covered_token_count"": 0, ""token_recall"": 0.0, ""covered"": false}, {""cq_index"": 1, ""cq_text"": ""In which state is a given district court instance located?"", ""cq_token_count"": 5, ""covered_token_count"": 0, ""token_recall"": 0.0, ""covered"": false}, {""cq_index"": 2, ""cq_text"": ""How many districts are in a given state of India?"", ""cq_token_count"": 4, ""covered_token_count"": 0, ""token_recall"": 0.0, ""covered"": false}, {""cq_index"": 3, ""cq_text"": ""Which court has authority over a given court?"", ""cq_token_count"": 3, ""covered_token_count"": 0, ""token_recall"": 0.0, ""covered"": false}, {""cq_index"": 4, ""cq_text"": ""What is the check transaction type for a bad check?"", ""cq_token_count"": 3, ""covered_token_count"": 0, ""token_recall"": 0.0, ""covered"": false}, {""cq_index"": 5, ""cq_text"": ""When is a check payment of a bad check?"", ""cq_token_count"": 3, ""covered_token_count"": 0, ""token_recall"": 0.0, ""covered"": false}, {""cq_index"": 6, ""cq_text"": ""What is the transaction status of a given check payment?"", ""cq_token_count"": 4, ""covered_token_count"": 0, ""token_recall"": 0.0, ""covered"": false}]",0,17,0.0,0.0,False,0,0,0,0,0.0,0.0,0.0,0.0,0.0,0.0,0.0,0.0,0.0,[],[]
bigscience_bloomz-7b1,scenario-cq,2025-147-01,False,Could not parse ontology.ttl in turtle/xml/n3 formats.,0,False,False,False,0,0,0,0,0.0,0.0,0.0,False,False,48,0.0,0.0,"[{""cq_index"": 0, ""cq_text"": ""How are ships clearly identified?"", ""cq_token_count"": 3, ""covered_token_count"": 0, ""token_recall"": 0.0, ""covered"": false}, {""cq_index"": 1, ""cq_text"": ""How are a ship's dimensions described?"", ""cq_token_count"": 3, ""covered_token_count"": 0, ""token_recall"": 0.0, ""covered"": false}, {""cq_index"": 2, ""cq_text"": ""What information can be provided about the typical location of a ship?"", ""cq_token_count"": 5, ""covered_token_count"": 0, ""token_recall"": 0.0, ""covered"": false}, {""cq_index"": 3, ""cq_text"": ""Who can be the owner of a ship?"", ""cq_token_count"": 2, ""covered_token_count"": 0, ""token_recall"": 0.0, ""covered"": false}, {""cq_index"": 4, ""cq_text"": ""How is a ship's average speed over ground specified?"", ""cq_token_count"": 6, ""covered_token_count"": 0, ""token_recall"": 0.0, ""covered"": false}, {""cq_index"": 5, ""cq_text"": ""How many container ships are registered under the German flag?"", ""cq_token_count"": 7, ""covered_token_count"": 0, ""token_recall"": 0.0, ""covered"": false}, {""cq_index"": 6, ""cq_text"": ""How is the GPS antenna placed relatively to the ship's structure (bow, stern, port, starboard)?"", ""cq_token_count"": 10, ""covered_token_count"": 0, ""token_recall"": 0.0, ""covered"": false}, {""cq_index"": 7, ""cq_text"": ""Which organization owns the most ships?"", ""cq_token_count"": 4, ""covered_token_count"": 0, ""token_recall"": 0.0, ""covered"": false}, {""cq_index"": 8, ""cq_text"": ""What information can be provided about a ship route?"", ""cq_token_count"": 4, ""covered_token_count"": 0, ""token_recall"": 0.0, ""covered"": false}, {""cq_index"": 9, ""cq_text"": ""What information is known about a single trajectory part?"", ""cq_token_count"": 5, ""covered_token_count"": 0, ""token_recall"": 0.0, ""covered"": false}, {""cq_index"": 10, ""cq_text"": ""What types of trajectories are distinguished?"", ""cq_token_count"": 2, ""covered_token_count"": 0, ""token_recall"": 0.0, ""covered"": false}, {""cq_index"": 11, ""cq_text"": ""What unit does the draught of a ship have?"", ""cq_token_count"": 3, ""covered_token_count"": 0, ""token_recall"": 0.0, ""covered"": false}, {""cq_index"": 12, ""cq_text"": ""What was the average speed over ground of the ship on route on day X?"", ""cq_token_count"": 7, ""covered_token_count"": 0, ""token_recall"": 0.0, ""covered"": false}, {""cq_index"": 13, ""cq_text"": ""What route is predicted for ship X?"", ""cq_token_count"": 3, ""covered_token_count"": 0, ""token_recall"": 0.0, ""covered"": false}, {""cq_index"": 14, ""cq_text"": ""What types of engines are used in ships?"", ""cq_token_count"": 2, ""covered_token_count"": 0, ""token_recall"": 0.0, ""covered"": false}, {""cq_index"": 15, ""cq_text"": ""What combinations of engines can exist?"", ""cq_token_count"": 3, ""covered_token_count"": 0, ""token_recall"": 0.0, ""covered"": false}, {""cq_index"": 16, ""cq_text"": ""What powers these ship engines?"", ""cq_token_count"": 4, ""covered_token_count"": 0, ""token_recall"": 0.0, ""covered"": false}, {""cq_index"": 17, ""cq_text"": ""What is driven by ship engines?"", ""cq_token_count"": 3, ""covered_token_count"": 0, ""token_recall"": 0.0, ""covered"": false}, {""cq_index"": 18, ""cq_text"": ""What types of propulsion systems can ships have?"", ""cq_token_count"": 3, ""covered_token_count"": 0, ""token_recall"": 0.0, ""covered"": false}, {""cq_index"": 19, ""cq_text"": ""What propulsion systems don't rely on an engine?"", ""cq_token_count"": 5, ""covered_token_count"": 0, ""token_recall"": 0.0, ""covered"": false}, {""cq_index"": 20, ""cq_text"": ""Which propulsion technologies are used by each individual propulsion system?"", ""cq_token_count"": 4, ""covered_token_count"": 0, ""token_recall"": 0.0, ""covered"": false}, {""cq_index"": 21, ""cq_text"": ""What falls under the category of propulsion technologies powered by engines?"", ""cq_token_count"": 7, ""covered_token_count"": 0, ""token_recall"": 0.0, ""covered"": false}, {""cq_index"": 22, ""cq_text"": ""What types of jet propulsors exist?"", ""cq_token_count"": 3, ""covered_token_count"": 0, ""token_recall"": 0.0, ""covered"": false}, {""cq_index"": 23, ""cq_text"": ""What types of bladed propulsors exist?"", ""cq_token_count"": 3, ""covered_token_count"": 0, ""token_recall"": 0.0, ""covered"": false}, {""cq_index"": 24, ""cq_text"": ""What types of blade propulsors follow a special design?"", ""cq_token_count"": 5, ""covered_token_count"": 0, ""token_recall"": 0.0, ""covered"": false}, {""cq_index"": 25, ""cq_text"": ""What properties describe a bladed propulsor?"", ""cq_token_count"": 4, ""covered_token_count"": 0, ""token_recall"": 0.0, ""covered"": false}, {""cq_index"": 26, ""cq_text"": ""What types of screw propellers can be used?"", ""cq_token_count"": 2, ""covered_token_count"": 0, ""token_recall"": 0.0, ""covered"": false}, {""cq_index"": 27, ""cq_text"": ""What is used to prevent cavitation on technologies for motorized propulsion?"", ""cq_token_count"": 5, ""covered_token_count"": 0, ""token_recall"": 0.0, ""covered"": false}, {""cq_index"": 28, ""cq_text"": ""What type of sails exist?"", ""cq_token_count"": 2, ""covered_token_count"": 0, ""token_recall"": 0.0, ""covered"": false}, {""cq_index"": 29, ""cq_text"": ""Which type of propulsion technologies can assist a motorized ship?"", ""cq_token_count"": 5, ""covered_token_count"": 0, ""token_recall"": 0.0, ""covered"": false}, {""cq_index"": 30, ""cq_text"": ""What fuel does ship X use to drive?"", ""cq_token_count"": 3, ""covered_token_count"": 0, ""token_recall"": 0.0, ""covered"": false}, {""cq_index"": 31, ""cq_text"": ""How many engines power ship X?"", ""cq_token_count"": 4, ""covered_token_count"": 0, ""token_recall"": 0.0, ""covered"": false}, {""cq_index"": 32, ""cq_text"": ""What types of propellers are installed on ship X?"", ""cq_token_count"": 3, ""covered_token_count"": 0, ""token_recall"": 0.0, ""covered"": false}, {""cq_index"": 33, ""cq_text"": ""What is the most common type of propeller?"", ""cq_token_count"": 3, ""covered_token_count"": 0, ""token_recall"": 0.0, ""covered"": false}, {""cq_index"": 34, ""cq_text"": ""How many ships have sails?"", ""cq_token_count"": 3, ""covered_token_count"": 0, ""token_recall"": 0.0, ""covered"": false}, {""cq_index"": 35, ""cq_text"": ""Which ships use electric engines exclusively?"", ""cq_token_count"": 4, ""covered_token_count"": 0, ""token_recall"": 0.0, ""covered"": false}, {""cq_index"": 36, ""cq_text"": ""What motorized propulsion does a ship use that is assisted by wind propulsion?"", ""cq_token_count"": 5, ""covered_token_count"": 0, ""token_recall"": 0.0, ""covered"": false}, {""cq_index"": 37, ""cq_text"": ""How many supercavitating propellers does ship X use?"", ""cq_token_count"": 4, ""covered_token_count"": 0, ""token_recall"": 0.0, ""covered"": false}, {""cq_index"": 38, ""cq_text"": ""What diameter and how many blades does the fixed pitch propeller Y of ship X have?"", ""cq_token_count"": 7, ""covered_token_count"": 0, ""token_recall"": 0.0, ""covered"": false}, {""cq_index"": 39, ""cq_text"": ""What is the least utilized wind assisted propulsion system?"", ""cq_token_count"": 6, ""covered_token_count"": 0, ""token_recall"": 0.0, ""covered"": false}, {""cq_index"": 40, ""cq_text"": ""What different kinds of data can be used to represent a ship?"", ""cq_token_count"": 5, ""covered_token_count"": 0, ""token_recall"": 0.0, ""covered"": false}, {""cq_index"": 41, ""cq_text"": ""How is sonar data of ships stored?"", ""cq_token_count"": 4, ""covered_token_count"": 0, ""token_recall"": 0.0, ""covered"": false}, {""cq_index"": 42, ""cq_text"": ""What image resources are available for a ship?"", ""cq_token_count"": 4, ""covered_token_count"": 0, ""token_recall"": 0.0, ""covered"": false}, {""cq_index"": 43, ""cq_text"": ""What textual information about a ship is available?"", ""cq_token_count"": 4, ""covered_token_count"": 0, ""token_recall"": 0.0, ""covered"": false}, {""cq_index"": 44, ""cq_text"": ""What does ship X look like?"", ""cq_token_count"": 3, ""covered_token_count"": 0, ""token_recall"": 0.0, ""covered"": false}, {""cq_index"": 45, ""cq_text"": ""How does ship X sound like on a sonar?"", ""cq_token_count"": 4, ""covered_token_count"": 0, ""token_recall"": 0.0, ""covered"": false}, {""cq_index"": 46, ""cq_text"": ""What is the textual description of ship X?"", ""cq_token_count"": 3, ""covered_token_count"": 0, ""token_recall"": 0.0, ""covered"": false}, {""cq_index"": 47, ""cq_text"": ""Are there ships without sonar signatures?"", ""cq_token_count"": 5, ""covered_token_count"": 0, ""token_recall"": 0.0, ""covered"": false}]",0,109,0.0,0.0,True,0,1,0,8,0.0,0.0,0.0,0.0,0.0,0.0,0.0,0.0,0.0,[],[]
bigscience_bloomz-7b1,scenario-cq,2025-149-01,False,Could not parse ontology.ttl in turtle/xml/n3 formats.,0,False,False,False,0,0,0,0,0.0,0.0,0.0,False,False,25,0.0,0.0,"[{""cq_index"": 0, ""cq_text"": ""Can the ontology represent a relational database as a first-class schema entity?"", ""cq_token_count"": 8, ""covered_token_count"": 0, ""token_recall"": 0.0, ""covered"": false}, {""cq_index"": 1, ""cq_text"": ""Can the ontology represent tables belonging to a database?"", ""cq_token_count"": 5, ""covered_token_count"": 0, ""token_recall"": 0.0, ""covered"": false}, {""cq_index"": 2, ""cq_text"": ""Can the ontology represent columns belonging to a table?"", ""cq_token_count"": 5, ""covered_token_count"": 0, ""token_recall"": 0.0, ""covered"": false}, {""cq_index"": 3, ""cq_text"": ""Can the ontology represent primary-key relationships in the schema?"", ""cq_token_count"": 6, ""covered_token_count"": 0, ""token_recall"": 0.0, ""covered"": false}, {""cq_index"": 4, ""cq_text"": ""Can the ontology represent foreign-key relationships and distinguish same-named columns across different tables when they are not semantically linked?"", ""cq_token_count"": 15, ""covered_token_count"": 0, ""token_recall"": 0.0, ""covered"": false}, {""cq_index"": 5, ""cq_text"": ""Can the ontology define a policy for a specific agent?"", ""cq_token_count"": 5, ""covered_token_count"": 0, ""token_recall"": 0.0, ""covered"": false}, {""cq_index"": 6, ""cq_text"": ""Can a policy specify a high-level ReadAction?"", ""cq_token_count"": 5, ""covered_token_count"": 0, ""token_recall"": 0.0, ""covered"": false}, {""cq_index"": 7, ""cq_text"": ""Can a policy specify a high-level ModifyAction?"", ""cq_token_count"": 5, ""covered_token_count"": 0, ""token_recall"": 0.0, ""covered"": false}, {""cq_index"": 8, ""cq_text"": ""Can a policy specify a ViewActionScope for read operations?"", ""cq_token_count"": 5, ""covered_token_count"": 0, ""token_recall"": 0.0, ""covered"": false}, {""cq_index"": 9, ""cq_text"": ""Can a policy specify a ProcessActionScope for read operations?"", ""cq_token_count"": 5, ""covered_token_count"": 0, ""token_recall"": 0.0, ""covered"": false}, {""cq_index"": 10, ""cq_text"": ""Can a policy be defined at table level?"", ""cq_token_count"": 4, ""covered_token_count"": 0, ""token_recall"": 0.0, ""covered"": false}, {""cq_index"": 11, ""cq_text"": ""Can a policy be defined at column level?"", ""cq_token_count"": 4, ""covered_token_count"": 0, ""token_recall"": 0.0, ""covered"": false}, {""cq_index"": 12, ""cq_text"": ""Can a policy be defined at row level using conditions?"", ""cq_token_count"": 5, ""covered_token_count"": 0, ""token_recall"": 0.0, ""covered"": false}, {""cq_index"": 13, ""cq_text"": ""Can the ontology express a prohibited modify action on a table?"", ""cq_token_count"": 6, ""covered_token_count"": 0, ""token_recall"": 0.0, ""covered"": false}, {""cq_index"": 14, ""cq_text"": ""Can the ontology express a table-level read prohibition for processing?"", ""cq_token_count"": 7, ""covered_token_count"": 0, ""token_recall"": 0.0, ""covered"": false}, {""cq_index"": 15, ""cq_text"": ""Can the ontology express a table-level read prohibition for viewing?"", ""cq_token_count"": 7, ""covered_token_count"": 0, ""token_recall"": 0.0, ""covered"": false}, {""cq_index"": 16, ""cq_text"": ""Can the ontology express a conditional row-level read restriction for later enforcement?"", ""cq_token_count"": 9, ""covered_token_count"": 0, ""token_recall"": 0.0, ""covered"": false}, {""cq_index"": 17, ""cq_text"": ""Can the ontology represent a SQL query as an AST-based semantic graph?"", ""cq_token_count"": 8, ""covered_token_count"": 0, ""token_recall"": 0.0, ""covered"": false}, {""cq_index"": 18, ""cq_text"": ""Can a SQL statement such as SelectStatement or UpdateStatement be mapped to its semantic action type?"", ""cq_token_count"": 8, ""covered_token_count"": 0, ""token_recall"": 0.0, ""covered"": false}, {""cq_index"": 19, ""cq_text"": ""Can a query statement be linked to the executing agent?"", ""cq_token_count"": 5, ""covered_token_count"": 0, ""token_recall"": 0.0, ""covered"": false}, {""cq_index"": 20, ""cq_text"": ""Can SQL clauses be assigned operational scopes such as view or process?"", ""cq_token_count"": 8, ""covered_token_count"": 0, ""token_recall"": 0.0, ""covered"": false}, {""cq_index"": 21, ""cq_text"": ""Can scope be propagated to reference nodes as an effectiveActionScope?"", ""cq_token_count"": 5, ""covered_token_count"": 0, ""token_recall"": 0.0, ""covered"": false}, {""cq_index"": 22, ""cq_text"": ""Can a TableRef in the query be linked to its corresponding schema Table?"", ""cq_token_count"": 6, ""covered_token_count"": 0, ""token_recall"": 0.0, ""covered"": false}, {""cq_index"": 23, ""cq_text"": ""Can a ColumnRef in the query be linked to its corresponding schema Column?"", ""cq_token_count"": 6, ""covered_token_count"": 0, ""token_recall"": 0.0, ""covered"": false}, {""cq_index"": 24, ""cq_text"": ""Can the reasoner infer whether a referenced table or column is Violated or RowTag based on the matching policy, action, and scope?"", ""cq_token_count"": 13, ""covered_token_count"": 0, ""token_recall"": 0.0, ""covered"": false}]",0,10,0.0,0.0,True,0,48,0,41,0.0,0.0,0.0,0.0,0.0,0.0,0.0,0.0,0.0,[],[]
bigscience_bloomz-7b1,scenario-cq,2025-150-01,False,Could not parse ontology.ttl in turtle/xml/n3 formats.,0,False,False,False,0,0,0,0,0.0,0.0,0.0,False,False,32,0.0,0.0,"[{""cq_index"": 0, ""cq_text"": ""Which MQTT Clients are connected to which Broker?"", ""cq_token_count"": 4, ""covered_token_count"": 0, ""token_recall"": 0.0, ""covered"": false}, {""cq_index"": 1, ""cq_text"": ""Which MQTT NetworkConnections exist, are they TLS-secured, and who initiated/accepted them?"", ""cq_token_count"": 9, ""covered_token_count"": 0, ""token_recall"": 0.0, ""covered"": false}, {""cq_index"": 2, ""cq_text"": ""Which MQTT participants (Clients/Brokers) use which MQTT NetworkConnections?"", ""cq_token_count"": 5, ""covered_token_count"": 0, ""token_recall"": 0.0, ""covered"": false}, {""cq_index"": 3, ""cq_text"": ""Which MQTT Clients with which ClientIDs run on which SOSA platforms?"", ""cq_token_count"": 6, ""covered_token_count"": 0, ""token_recall"": 0.0, ""covered"": false}, {""cq_index"": 4, ""cq_text"": ""Which MQTT Clients are hosting which SOSA systems (sensors/actuators)?"", ""cq_token_count"": 7, ""covered_token_count"": 0, ""token_recall"": 0.0, ""covered"": false}, {""cq_index"": 5, ""cq_text"": ""What host/port is a MQTT Broker configured with?"", ""cq_token_count"": 5, ""covered_token_count"": 0, ""token_recall"": 0.0, ""covered"": false}, {""cq_index"": 6, ""cq_text"": ""Which SOSA sensors publish to which MQTT Topics (observations)?"", ""cq_token_count"": 6, ""covered_token_count"": 0, ""token_recall"": 0.0, ""covered"": false}, {""cq_index"": 7, ""cq_text"": ""Which SOSA actuators listen to which MQTT Topics (commands)?"", ""cq_token_count"": 6, ""covered_token_count"": 0, ""token_recall"": 0.0, ""covered"": false}, {""cq_index"": 8, ""cq_text"": ""Which SOSA FeaturesOfInterest, Properties etc. appear as MQTT TopicSubjects and on which MQTT Topics?"", ""cq_token_count"": 8, ""covered_token_count"": 0, ""token_recall"": 0.0, ""covered"": false}, {""cq_index"": 9, ""cq_text"": ""Which MQTT Topic Filters match a given MQTT Topic?"", ""cq_token_count"": 4, ""covered_token_count"": 0, ""token_recall"": 0.0, ""covered"": false}, {""cq_index"": 10, ""cq_text"": ""Which MQTT Topics are matched by a given MQTT Topic Filter?"", ""cq_token_count"": 5, ""covered_token_count"": 0, ""token_recall"": 0.0, ""covered"": false}, {""cq_index"": 11, ""cq_text"": ""Which MQTT filter patterns (with wildcards) are stored?"", ""cq_token_count"": 5, ""covered_token_count"": 0, ""token_recall"": 0.0, ""covered"": false}, {""cq_index"": 12, ""cq_text"": ""Which MQTT Clients send which MQTT Control Packets?"", ""cq_token_count"": 5, ""covered_token_count"": 0, ""token_recall"": 0.0, ""covered"": false}, {""cq_index"": 13, ""cq_text"": ""Which MQTT PUBLISH/SUBSCRIBE/UNSUBSCRIBE packets were sent (specializations)?"", ""cq_token_count"": 7, ""covered_token_count"": 0, ""token_recall"": 0.0, ""covered"": false}, {""cq_index"": 14, ""cq_text"": ""Which MQTT Brokers receive/forward which MQTT Control Packets?"", ""cq_token_count"": 6, ""covered_token_count"": 0, ""token_recall"": 0.0, ""covered"": false}, {""cq_index"": 15, ""cq_text"": ""Which MQTT Control Packets were sent by which Client (inverse)?"", ""cq_token_count"": 6, ""covered_token_count"": 0, ""token_recall"": 0.0, ""covered"": false}, {""cq_index"": 16, ""cq_text"": ""Which MQTT Publish packets carry Observations for a specific SOSA FeatureOfInterest or Property?"", ""cq_token_count"": 9, ""covered_token_count"": 0, ""token_recall"": 0.0, ""covered"": false}, {""cq_index"": 17, ""cq_text"": ""Which MQTT SUBSCRIBE packets request QoS=2 and for which filters?"", ""cq_token_count"": 6, ""covered_token_count"": 0, ""token_recall"": 0.0, ""covered"": false}, {""cq_index"": 18, ""cq_text"": ""Which MQTT UNSUBSCRIBE packets remove all filters under a certain path (e.g. 'factory/centering/#')?"", ""cq_token_count"": 10, ""covered_token_count"": 0, ""token_recall"": 0.0, ""covered"": false}, {""cq_index"": 19, ""cq_text"": ""Which MQTT Control Packet has which Fixed Header / Variable Header / Payload?"", ""cq_token_count"": 7, ""covered_token_count"": 0, ""token_recall"": 0.0, ""covered"": false}, {""cq_index"": 20, ""cq_text"": ""Which MQTT PUBLISH packet has which MQTT Topic (name) in the Variable Header?"", ""cq_token_count"": 7, ""covered_token_count"": 0, ""token_recall"": 0.0, ""covered"": false}, {""cq_index"": 21, ""cq_text"": ""Which QoS levels are set (in PUBLISH Fixed Header or SubscriptionEntry)?"", ""cq_token_count"": 7, ""covered_token_count"": 0, ""token_recall"": 0.0, ""covered"": false}, {""cq_index"": 22, ""cq_text"": ""Are RETAIN/DUP flags set in PUBLISH?"", ""cq_token_count"": 5, ""covered_token_count"": 0, ""token_recall"": 0.0, ""covered"": false}, {""cq_index"": 23, ""cq_text"": ""Which MQTT Control Packets have which PacketIdentifier?"", ""cq_token_count"": 4, ""covered_token_count"": 0, ""token_recall"": 0.0, ""covered"": false}, {""cq_index"": 24, ""cq_text"": ""Which MQTT SUBSCRIBE payloads contain which SubscriptionEntries?"", ""cq_token_count"": 5, ""covered_token_count"": 0, ""token_recall"": 0.0, ""covered"": false}, {""cq_index"": 25, ""cq_text"": ""Which MQTT Topic Filters (with QoS) are requested by a SubscriptionEntry?"", ""cq_token_count"": 6, ""covered_token_count"": 0, ""token_recall"": 0.0, ""covered"": false}, {""cq_index"": 26, ""cq_text"": ""Which MQTT UNSUBSCRIBE payloads remove which MQTT TopicFilters?"", ""cq_token_count"": 5, ""covered_token_count"": 0, ""token_recall"": 0.0, ""covered"": false}, {""cq_index"": 27, ""cq_text"": ""Which MQTT PUBLISH payloads encode SOSA Observations (or Observation Collections)?"", ""cq_token_count"": 8, ""covered_token_count"": 0, ""token_recall"": 0.0, ""covered"": false}, {""cq_index"": 28, ""cq_text"": ""Which MQTT PUBLISH payloads encode SOSA Actuations (or Actuation Collections)?"", ""cq_token_count"": 8, ""covered_token_count"": 0, ""token_recall"": 0.0, ""covered"": false}, {""cq_index"": 29, ""cq_text"": ""Which fields are encoded in a MQTT payload?"", ""cq_token_count"": 4, ""covered_token_count"": 0, ""token_recall"": 0.0, ""covered"": false}, {""cq_index"": 30, ""cq_text"": ""What content, content type, encoding and delimiter does a MQTT PUBLISH payload have?"", ""cq_token_count"": 6, ""covered_token_count"": 0, ""token_recall"": 0.0, ""covered"": false}, {""cq_index"": 31, ""cq_text"": ""What is the size of a MQTT payload (as QUDT QuantityValue with unit)?"", ""cq_token_count"": 6, ""covered_token_count"": 0, ""token_recall"": 0.0, ""covered"": false}]",1,60,0.0,1.0,True,0,9,0,11,0.0,0.0,0.0,0.0,0.0,0.0,0.0,0.0,0.0,[],[]
bigscience_bloomz-7b1,scenario-cq,2025-151-01,False,Could not parse ontology.ttl in turtle/xml/n3 formats.,0,False,False,False,0,0,0,0,0.0,0.0,0.0,False,False,5,0.0,0.0,"[{""cq_index"": 0, ""cq_text"": ""What is the requested action?"", ""cq_token_count"": 2, ""covered_token_count"": 0, ""token_recall"": 0.0, ""covered"": false}, {""cq_index"": 1, ""cq_text"": ""Who is the party issuing the evaluation request?"", ""cq_token_count"": 4, ""covered_token_count"": 0, ""token_recall"": 0.0, ""covered"": false}, {""cq_index"": 2, ""cq_text"": ""What is the target asset of the evaluation request?"", ""cq_token_count"": 4, ""covered_token_count"": 0, ""token_recall"": 0.0, ""covered"": false}, {""cq_index"": 3, ""cq_text"": ""When was the evaluation request issued?"", ""cq_token_count"": 3, ""covered_token_count"": 0, ""token_recall"": 0.0, ""covered"": false}, {""cq_index"": 4, ""cq_text"": ""What additional contextual information can be included in the evaluation request to further constrain it?"", ""cq_token_count"": 8, ""covered_token_count"": 0, ""token_recall"": 0.0, ""covered"": false}]",0,25,0.0,0.0,True,0,1,0,5,0.0,0.0,0.0,0.0,0.0,0.0,0.0,0.0,0.0,[],[]
bigscience_bloomz-7b1,scenario-cq,2025-151-02,False,Could not parse ontology.ttl in turtle/xml/n3 formats.,0,False,False,False,0,0,0,0,0.0,0.0,0.0,False,False,10,0.0,0.0,"[{""cq_index"": 0, ""cq_text"": ""What is the current time?"", ""cq_token_count"": 2, ""covered_token_count"": 0, ""token_recall"": 0.0, ""covered"": false}, {""cq_index"": 1, ""cq_text"": ""What is the location of a party?"", ""cq_token_count"": 2, ""covered_token_count"": 0, ""token_recall"": 0.0, ""covered"": false}, {""cq_index"": 2, ""cq_text"": ""What assets are part of the asset collection of the policy that is being evaluated?"", ""cq_token_count"": 7, ""covered_token_count"": 0, ""token_recall"": 0.0, ""covered"": false}, {""cq_index"": 3, ""cq_text"": ""Which parties are part of the party collection of the policy that is being evaluated?"", ""cq_token_count"": 7, ""covered_token_count"": 0, ""token_recall"": 0.0, ""covered"": false}, {""cq_index"": 4, ""cq_text"": ""What actions were already performed or attempted?"", ""cq_token_count"": 4, ""covered_token_count"": 0, ""token_recall"": 0.0, ""covered"": false}, {""cq_index"": 5, ""cq_text"": ""How many times has a rule been exercised?"", ""cq_token_count"": 4, ""covered_token_count"": 0, ""token_recall"": 0.0, ""covered"": false}, {""cq_index"": 6, ""cq_text"": ""What information is available about an event that has occurred?"", ""cq_token_count"": 4, ""covered_token_count"": 0, ""token_recall"": 0.0, ""covered"": false}, {""cq_index"": 7, ""cq_text"": ""How long has a rule been exercised?"", ""cq_token_count"": 3, ""covered_token_count"": 0, ""token_recall"": 0.0, ""covered"": false}, {""cq_index"": 8, ""cq_text"": ""Which recipients or categories of recipients can receive the result of the rule that has been exercised?"", ""cq_token_count"": 6, ""covered_token_count"": 0, ""token_recall"": 0.0, ""covered"": false}, {""cq_index"": 9, ""cq_text"": ""Has a financial payment been made? What was the amount paid?"", ""cq_token_count"": 5, ""covered_token_count"": 0, ""token_recall"": 0.0, ""covered"": false}]",0,23,0.0,0.0,True,0,1,0,0,0.0,0.0,0.0,0.0,0.0,0.0,0.0,1.0,0.0,[],[]
bigscience_bloomz-7b1,scenario-cq,2025-153-01,False,Could not parse ontology.ttl in turtle/xml/n3 formats.,0,False,False,False,0,0,0,0,0.0,0.0,0.0,False,False,8,0.0,0.0,"[{""cq_index"": 0, ""cq_text"": ""Which entity does a persistent identifier currently reference?"", ""cq_token_count"": 5, ""covered_token_count"": 0, ""token_recall"": 0.0, ""covered"": false}, {""cq_index"": 1, ""cq_text"": ""Which entity was referenced at a past timestamp?"", ""cq_token_count"": 4, ""covered_token_count"": 0, ""token_recall"": 0.0, ""covered"": false}, {""cq_index"": 2, ""cq_text"": ""When did referent transitions occur?"", ""cq_token_count"": 3, ""covered_token_count"": 0, ""token_recall"": 0.0, ""covered"": false}, {""cq_index"": 3, ""cq_text"": ""What observations are associated with specific referents?"", ""cq_token_count"": 4, ""covered_token_count"": 0, ""token_recall"": 0.0, ""covered"": false}, {""cq_index"": 4, ""cq_text"": ""What is the full sequence of referents over time?"", ""cq_token_count"": 5, ""covered_token_count"": 0, ""token_recall"": 0.0, ""covered"": false}, {""cq_index"": 5, ""cq_text"": ""Which rules triggered specific transitions?"", ""cq_token_count"": 4, ""covered_token_count"": 0, ""token_recall"": 0.0, ""covered"": false}, {""cq_index"": 6, ""cq_text"": ""Are there gaps or overlaps in temporal bindings?"", ""cq_token_count"": 5, ""covered_token_count"": 0, ""token_recall"": 0.0, ""covered"": false}, {""cq_index"": 7, ""cq_text"": ""Can complete context be rebuilt for any time point?"", ""cq_token_count"": 5, ""covered_token_count"": 0, ""token_recall"": 0.0, ""covered"": false}]",0,119,0.0,0.0,True,0,11,0,22,0.0,0.0,0.0,0.0,0.0,0.0,0.0,0.0,0.0,[],[]
bigscience_bloomz-7b1,scenario-cq,2026-155-01,False,Could not parse ontology.ttl in turtle/xml/n3 formats.,0,False,False,False,0,0,0,0,0.0,0.0,0.0,False,False,8,0.0,0.0,"[{""cq_index"": 0, ""cq_text"": ""Which survey or investigation activities were performed on a given cultural property or on a specific feature of interest?"", ""cq_token_count"": 9, ""covered_token_count"": 0, ""token_recall"": 0.0, ""covered"": false}, {""cq_index"": 1, ""cq_text"": ""Which method or investigation technique was adopted in a specific survey or investigation activity?"", ""cq_token_count"": 7, ""covered_token_count"": 0, ""token_recall"": 0.0, ""covered"": false}, {""cq_index"": 2, ""cq_text"": ""Which observations were produced during a given survey or investigation activity?"", ""cq_token_count"": 6, ""covered_token_count"": 0, ""token_recall"": 0.0, ""covered"": false}, {""cq_index"": 3, ""cq_text"": ""Which experts participated in the survey or investigation activity, and with which roles?"", ""cq_token_count"": 6, ""covered_token_count"": 0, ""token_recall"": 0.0, ""covered"": false}, {""cq_index"": 4, ""cq_text"": ""Which hardware, software, and technical configurations were used to conduct a specific survey or investigation activity?"", ""cq_token_count"": 9, ""covered_token_count"": 0, ""token_recall"": 0.0, ""covered"": false}, {""cq_index"": 5, ""cq_text"": ""What interpretations or claims are supported by the observations produced during a survey?"", ""cq_token_count"": 7, ""covered_token_count"": 0, ""token_recall"": 0.0, ""covered"": false}, {""cq_index"": 6, ""cq_text"": ""How are post-processed outputs (e.g., interactive images, spectra, datasets) related to the underlying acquisition or observation activities?"", ""cq_token_count"": 12, ""covered_token_count"": 0, ""token_recall"": 0.0, ""covered"": false}, {""cq_index"": 7, ""cq_text"": ""Which acquisition parameters (e.g., exposure time, ISO, aperture) characterised a specific photographic acquisition cycle within a survey?"", ""cq_token_count"": 12, ""covered_token_count"": 0, ""token_recall"": 0.0, ""covered"": false}]",0,20,0.0,0.0,True,0,22,0,32,0.0,0.0,0.0,0.0,0.0,0.0,0.0,0.0,0.0,[],[]
bigscience_bloomz-7b1,scenario-cq-constraints,2023-133-01,False,Could not parse ontology.ttl in turtle/xml/n3 formats.,0,False,False,False,0,0,0,0,0.0,0.0,0.0,False,False,4,0.0,0.0,"[{""cq_index"": 0, ""cq_text"": ""What events are responsible for the pavement being slippery?"", ""cq_token_count"": 5, ""covered_token_count"": 0, ""token_recall"": 0.0, ""covered"": false}, {""cq_index"": 1, ""cq_text"": ""What would be the outcome of turning the sprinkler system on(off)?"", ""cq_token_count"": 5, ""covered_token_count"": 0, ""token_recall"": 0.0, ""covered"": false}, {""cq_index"": 2, ""cq_text"": ""How strong is the causal link between the sprinkler being on and the pavement being wet?"", ""cq_token_count"": 8, ""covered_token_count"": 0, ""token_recall"": 0.0, ""covered"": false}, {""cq_index"": 3, ""cq_text"": ""What if the pavement is not wet, how would it effect the pavement being slippery?"", ""cq_token_count"": 5, ""covered_token_count"": 0, ""token_recall"": 0.0, ""covered"": false}]",0,41,0.0,0.0,True,0,5,0,5,0.0,0.0,0.0,0.0,0.0,0.0,0.0,0.0,0.0,[],[]
bigscience_bloomz-7b1,scenario-cq-constraints,2023-133-02,False,Could not parse ontology.ttl in turtle/xml/n3 formats.,0,False,False,False,0,0,0,0,0.0,0.0,0.0,False,False,6,0.0,0.0,"[{""cq_index"": 0, ""cq_text"": ""Is the medication intake by the patient caused by the presence of outdoor environmental allergen such as pollen or AQI?"", ""cq_token_count"": 11, ""covered_token_count"": 0, ""token_recall"": 0.0, ""covered"": false}, {""cq_index"": 1, ""cq_text"": ""How much does the presence of an asthma symptom effect the intake of medication?"", ""cq_token_count"": 7, ""covered_token_count"": 0, ""token_recall"": 0.0, ""covered"": false}, {""cq_index"": 2, ""cq_text"": ""How does an outdoor environmental allergen affect the patient?"", ""cq_token_count"": 5, ""covered_token_count"": 0, ""token_recall"": 0.0, ""covered"": false}, {""cq_index"": 3, ""cq_text"": ""What is the probable cause of the cough experienced by the patient?"", ""cq_token_count"": 5, ""covered_token_count"": 0, ""token_recall"": 0.0, ""covered"": false}, {""cq_index"": 4, ""cq_text"": ""What if pollen (or AQI) allergen was not present in the outdoor environment, how would it effect the intake of medication?"", ""cq_token_count"": 9, ""covered_token_count"": 0, ""token_recall"": 0.0, ""covered"": false}, {""cq_index"": 5, ""cq_text"": ""What if the patient did not experience a cough, how would it effect the intake of medication?"", ""cq_token_count"": 6, ""covered_token_count"": 0, ""token_recall"": 0.0, ""covered"": false}]",0,60,0.0,0.0,True,0,5,0,5,0.0,0.0,0.0,0.0,0.0,0.0,0.0,0.0,0.0,[],[]
bigscience_bloomz-7b1,scenario-cq-constraints,2023-134-01,False,Could not parse ontology.ttl in turtle/xml/n3 formats.,0,False,False,False,0,0,0,0,0.0,0.0,0.0,False,False,8,0.0,0.0,"[{""cq_index"": 0, ""cq_text"": ""What is the unique identifier of the policy?"", ""cq_token_count"": 3, ""covered_token_count"": 0, ""token_recall"": 0.0, ""covered"": false}, {""cq_index"": 1, ""cq_text"": ""Who is the creator of the policy?"", ""cq_token_count"": 2, ""covered_token_count"": 0, ""token_recall"": 0.0, ""covered"": false}, {""cq_index"": 2, ""cq_text"": ""When was the policy issued?"", ""cq_token_count"": 2, ""covered_token_count"": 0, ""token_recall"": 0.0, ""covered"": false}, {""cq_index"": 3, ""cq_text"": ""Who is the assignee of the policy?"", ""cq_token_count"": 2, ""covered_token_count"": 0, ""token_recall"": 0.0, ""covered"": false}, {""cq_index"": 4, ""cq_text"": ""What application/service is being used to access the data?"", ""cq_token_count"": 5, ""covered_token_count"": 0, ""token_recall"": 0.0, ""covered"": false}, {""cq_index"": 5, ""cq_text"": ""What access mode is being requested?"", ""cq_token_count"": 4, ""covered_token_count"": 0, ""token_recall"": 0.0, ""covered"": false}, {""cq_index"": 6, ""cq_text"": ""What personal data is being accessed?"", ""cq_token_count"": 4, ""covered_token_count"": 0, ""token_recall"": 0.0, ""covered"": false}, {""cq_index"": 7, ""cq_text"": ""What is the purpose for accessing the data?"", ""cq_token_count"": 3, ""covered_token_count"": 0, ""token_recall"": 0.0, ""covered"": false}]",0,88,0.0,0.0,True,0,0,0,0,0.0,0.0,0.0,0.0,0.0,0.0,1.0,1.0,0.0,[],[]
bigscience_bloomz-7b1,scenario-cq-constraints,2023-134-02,False,Could not parse ontology.ttl in turtle/xml/n3 formats.,0,False,False,False,0,0,0,0,0.0,0.0,0.0,False,False,6,0.0,0.0,"[{""cq_index"": 0, ""cq_text"": ""What type of action, e.g., create, update, erase, is being performed on the data?"", ""cq_token_count"": 7, ""covered_token_count"": 0, ""token_recall"": 0.0, ""covered"": false}, {""cq_index"": 1, ""cq_text"": ""Who is the entity interacting with the data?"", ""cq_token_count"": 3, ""covered_token_count"": 0, ""token_recall"": 0.0, ""covered"": false}, {""cq_index"": 2, ""cq_text"": ""Who is the entity publishing the log?"", ""cq_token_count"": 3, ""covered_token_count"": 0, ""token_recall"": 0.0, ""covered"": false}, {""cq_index"": 3, ""cq_text"": ""When was the log issued?"", ""cq_token_count"": 2, ""covered_token_count"": 0, ""token_recall"": 0.0, ""covered"": false}, {""cq_index"": 4, ""cq_text"": ""Where is the data being stored?"", ""cq_token_count"": 3, ""covered_token_count"": 0, ""token_recall"": 0.0, ""covered"": false}, {""cq_index"": 5, ""cq_text"": ""What application/service is being used to generate the data, if any?"", ""cq_token_count"": 5, ""covered_token_count"": 0, ""token_recall"": 0.0, ""covered"": false}]",0,88,0.0,0.0,True,0,0,0,0,0.0,0.0,0.0,0.0,0.0,0.0,1.0,1.0,0.0,[],[]
bigscience_bloomz-7b1,scenario-cq-constraints,2023-134-03,False,Could not parse ontology.ttl in turtle/xml/n3 formats.,0,False,False,False,0,0,0,0,0.0,0.0,0.0,False,False,5,0.0,0.0,"[{""cq_index"": 0, ""cq_text"": ""Who is maintaining the registry?"", ""cq_token_count"": 2, ""covered_token_count"": 0, ""token_recall"": 0.0, ""covered"": false}, {""cq_index"": 1, ""cq_text"": ""When was the registry created/updated?"", ""cq_token_count"": 3, ""covered_token_count"": 0, ""token_recall"": 0.0, ""covered"": false}, {""cq_index"": 2, ""cq_text"": ""What types of data are available?"", ""cq_token_count"": 2, ""covered_token_count"": 0, ""token_recall"": 0.0, ""covered"": false}, {""cq_index"": 3, ""cq_text"": ""Where is a specific type of data being stored?"", ""cq_token_count"": 4, ""covered_token_count"": 0, ""token_recall"": 0.0, ""covered"": false}, {""cq_index"": 4, ""cq_text"": ""What policy is associated with the data?"", ""cq_token_count"": 3, ""covered_token_count"": 0, ""token_recall"": 0.0, ""covered"": false}]",0,88,0.0,0.0,True,0,0,0,0,0.0,0.0,0.0,0.0,0.0,0.0,1.0,1.0,0.0,[],[]
bigscience_bloomz-7b1,scenario-cq-constraints,2023-135-01,False,Could not parse ontology.ttl in turtle/xml/n3 formats.,0,False,False,False,0,0,0,0,0.0,0.0,0.0,False,False,3,0.0,0.0,"[{""cq_index"": 0, ""cq_text"": ""Under what pseudonym did the author C. S. Lewis published a collection of poems, Spirit in Bondage?"", ""cq_token_count"": 9, ""covered_token_count"": 0, ""token_recall"": 0.0, ""covered"": false}, {""cq_index"": 1, ""cq_text"": ""What alternative did C. S. Lewis used to assume the role of a book writer?"", ""cq_token_count"": 6, ""covered_token_count"": 0, ""token_recall"": 0.0, ""covered"": false}, {""cq_index"": 2, ""cq_text"": ""Show the trajectories of rivers which cross national parks?"", ""cq_token_count"": 5, ""covered_token_count"": 0, ""token_recall"": 0.0, ""covered"": false}]",0,10,0.0,0.0,True,0,5,0,13,0.0,0.0,0.0,0.0,0.0,0.0,0.0,0.0,0.0,[],[]
bigscience_bloomz-7b1,scenario-cq-constraints,2024-145-01,False,Could not parse ontology.ttl in turtle/xml/n3 formats.,0,False,False,False,0,0,0,0,0.0,0.0,0.0,False,False,7,0.0,0.0,"[{""cq_index"": 0, ""cq_text"": ""List all district courts in a given state."", ""cq_token_count"": 3, ""covered_token_count"": 0, ""token_recall"": 0.0, ""covered"": false}, {""cq_index"": 1, ""cq_text"": ""In which state is a given district court instance located?"", ""cq_token_count"": 5, ""covered_token_count"": 0, ""token_recall"": 0.0, ""covered"": false}, {""cq_index"": 2, ""cq_text"": ""How many districts are in a given state of India?"", ""cq_token_count"": 4, ""covered_token_count"": 0, ""token_recall"": 0.0, ""covered"": false}, {""cq_index"": 3, ""cq_text"": ""Which court has authority over a given court?"", ""cq_token_count"": 3, ""covered_token_count"": 0, ""token_recall"": 0.0, ""covered"": false}, {""cq_index"": 4, ""cq_text"": ""What is the check transaction type for a bad check?"", ""cq_token_count"": 3, ""covered_token_count"": 0, ""token_recall"": 0.0, ""covered"": false}, {""cq_index"": 5, ""cq_text"": ""When is a check payment of a bad check?"", ""cq_token_count"": 3, ""covered_token_count"": 0, ""token_recall"": 0.0, ""covered"": false}, {""cq_index"": 6, ""cq_text"": ""What is the transaction status of a given check payment?"", ""cq_token_count"": 4, ""covered_token_count"": 0, ""token_recall"": 0.0, ""covered"": false}]",0,17,0.0,0.0,False,0,0,0,0,0.0,0.0,0.0,0.0,0.0,0.0,0.0,0.0,0.0,[],[]
bigscience_bloomz-7b1,scenario-cq-constraints,2025-147-01,False,Could not parse ontology.ttl in turtle/xml/n3 formats.,0,False,False,False,0,0,0,0,0.0,0.0,0.0,False,False,48,0.0,0.0,"[{""cq_index"": 0, ""cq_text"": ""How are ships clearly identified?"", ""cq_token_count"": 3, ""covered_token_count"": 0, ""token_recall"": 0.0, ""covered"": false}, {""cq_index"": 1, ""cq_text"": ""How are a ship's dimensions described?"", ""cq_token_count"": 3, ""covered_token_count"": 0, ""token_recall"": 0.0, ""covered"": false}, {""cq_index"": 2, ""cq_text"": ""What information can be provided about the typical location of a ship?"", ""cq_token_count"": 5, ""covered_token_count"": 0, ""token_recall"": 0.0, ""covered"": false}, {""cq_index"": 3, ""cq_text"": ""Who can be the owner of a ship?"", ""cq_token_count"": 2, ""covered_token_count"": 0, ""token_recall"": 0.0, ""covered"": false}, {""cq_index"": 4, ""cq_text"": ""How is a ship's average speed over ground specified?"", ""cq_token_count"": 6, ""covered_token_count"": 0, ""token_recall"": 0.0, ""covered"": false}, {""cq_index"": 5, ""cq_text"": ""How many container ships are registered under the German flag?"", ""cq_token_count"": 7, ""covered_token_count"": 0, ""token_recall"": 0.0, ""covered"": false}, {""cq_index"": 6, ""cq_text"": ""How is the GPS antenna placed relatively to the ship's structure (bow, stern, port, starboard)?"", ""cq_token_count"": 10, ""covered_token_count"": 0, ""token_recall"": 0.0, ""covered"": false}, {""cq_index"": 7, ""cq_text"": ""Which organization owns the most ships?"", ""cq_token_count"": 4, ""covered_token_count"": 0, ""token_recall"": 0.0, ""covered"": false}, {""cq_index"": 8, ""cq_text"": ""What information can be provided about a ship route?"", ""cq_token_count"": 4, ""covered_token_count"": 0, ""token_recall"": 0.0, ""covered"": false}, {""cq_index"": 9, ""cq_text"": ""What information is known about a single trajectory part?"", ""cq_token_count"": 5, ""covered_token_count"": 0, ""token_recall"": 0.0, ""covered"": false}, {""cq_index"": 10, ""cq_text"": ""What types of trajectories are distinguished?"", ""cq_token_count"": 2, ""covered_token_count"": 0, ""token_recall"": 0.0, ""covered"": false}, {""cq_index"": 11, ""cq_text"": ""What unit does the draught of a ship have?"", ""cq_token_count"": 3, ""covered_token_count"": 0, ""token_recall"": 0.0, ""covered"": false}, {""cq_index"": 12, ""cq_text"": ""What was the average speed over ground of the ship on route on day X?"", ""cq_token_count"": 7, ""covered_token_count"": 0, ""token_recall"": 0.0, ""covered"": false}, {""cq_index"": 13, ""cq_text"": ""What route is predicted for ship X?"", ""cq_token_count"": 3, ""covered_token_count"": 0, ""token_recall"": 0.0, ""covered"": false}, {""cq_index"": 14, ""cq_text"": ""What types of engines are used in ships?"", ""cq_token_count"": 2, ""covered_token_count"": 0, ""token_recall"": 0.0, ""covered"": false}, {""cq_index"": 15, ""cq_text"": ""What combinations of engines can exist?"", ""cq_token_count"": 3, ""covered_token_count"": 0, ""token_recall"": 0.0, ""covered"": false}, {""cq_index"": 16, ""cq_text"": ""What powers these ship engines?"", ""cq_token_count"": 4, ""covered_token_count"": 0, ""token_recall"": 0.0, ""covered"": false}, {""cq_index"": 17, ""cq_text"": ""What is driven by ship engines?"", ""cq_token_count"": 3, ""covered_token_count"": 0, ""token_recall"": 0.0, ""covered"": false}, {""cq_index"": 18, ""cq_text"": ""What types of propulsion systems can ships have?"", ""cq_token_count"": 3, ""covered_token_count"": 0, ""token_recall"": 0.0, ""covered"": false}, {""cq_index"": 19, ""cq_text"": ""What propulsion systems don't rely on an engine?"", ""cq_token_count"": 5, ""covered_token_count"": 0, ""token_recall"": 0.0, ""covered"": false}, {""cq_index"": 20, ""cq_text"": ""Which propulsion technologies are used by each individual propulsion system?"", ""cq_token_count"": 4, ""covered_token_count"": 0, ""token_recall"": 0.0, ""covered"": false}, {""cq_index"": 21, ""cq_text"": ""What falls under the category of propulsion technologies powered by engines?"", ""cq_token_count"": 7, ""covered_token_count"": 0, ""token_recall"": 0.0, ""covered"": false}, {""cq_index"": 22, ""cq_text"": ""What types of jet propulsors exist?"", ""cq_token_count"": 3, ""covered_token_count"": 0, ""token_recall"": 0.0, ""covered"": false}, {""cq_index"": 23, ""cq_text"": ""What types of bladed propulsors exist?"", ""cq_token_count"": 3, ""covered_token_count"": 0, ""token_recall"": 0.0, ""covered"": false}, {""cq_index"": 24, ""cq_text"": ""What types of blade propulsors follow a special design?"", ""cq_token_count"": 5, ""covered_token_count"": 0, ""token_recall"": 0.0, ""covered"": false}, {""cq_index"": 25, ""cq_text"": ""What properties describe a bladed propulsor?"", ""cq_token_count"": 4, ""covered_token_count"": 0, ""token_recall"": 0.0, ""covered"": false}, {""cq_index"": 26, ""cq_text"": ""What types of screw propellers can be used?"", ""cq_token_count"": 2, ""covered_token_count"": 0, ""token_recall"": 0.0, ""covered"": false}, {""cq_index"": 27, ""cq_text"": ""What is used to prevent cavitation on technologies for motorized propulsion?"", ""cq_token_count"": 5, ""covered_token_count"": 0, ""token_recall"": 0.0, ""covered"": false}, {""cq_index"": 28, ""cq_text"": ""What type of sails exist?"", ""cq_token_count"": 2, ""covered_token_count"": 0, ""token_recall"": 0.0, ""covered"": false}, {""cq_index"": 29, ""cq_text"": ""Which type of propulsion technologies can assist a motorized ship?"", ""cq_token_count"": 5, ""covered_token_count"": 0, ""token_recall"": 0.0, ""covered"": false}, {""cq_index"": 30, ""cq_text"": ""What fuel does ship X use to drive?"", ""cq_token_count"": 3, ""covered_token_count"": 0, ""token_recall"": 0.0, ""covered"": false}, {""cq_index"": 31, ""cq_text"": ""How many engines power ship X?"", ""cq_token_count"": 4, ""covered_token_count"": 0, ""token_recall"": 0.0, ""covered"": false}, {""cq_index"": 32, ""cq_text"": ""What types of propellers are installed on ship X?"", ""cq_token_count"": 3, ""covered_token_count"": 0, ""token_recall"": 0.0, ""covered"": false}, {""cq_index"": 33, ""cq_text"": ""What is the most common type of propeller?"", ""cq_token_count"": 3, ""covered_token_count"": 0, ""token_recall"": 0.0, ""covered"": false}, {""cq_index"": 34, ""cq_text"": ""How many ships have sails?"", ""cq_token_count"": 3, ""covered_token_count"": 0, ""token_recall"": 0.0, ""covered"": false}, {""cq_index"": 35, ""cq_text"": ""Which ships use electric engines exclusively?"", ""cq_token_count"": 4, ""covered_token_count"": 0, ""token_recall"": 0.0, ""covered"": false}, {""cq_index"": 36, ""cq_text"": ""What motorized propulsion does a ship use that is assisted by wind propulsion?"", ""cq_token_count"": 5, ""covered_token_count"": 0, ""token_recall"": 0.0, ""covered"": false}, {""cq_index"": 37, ""cq_text"": ""How many supercavitating propellers does ship X use?"", ""cq_token_count"": 4, ""covered_token_count"": 0, ""token_recall"": 0.0, ""covered"": false}, {""cq_index"": 38, ""cq_text"": ""What diameter and how many blades does the fixed pitch propeller Y of ship X have?"", ""cq_token_count"": 7, ""covered_token_count"": 0, ""token_recall"": 0.0, ""covered"": false}, {""cq_index"": 39, ""cq_text"": ""What is the least utilized wind assisted propulsion system?"", ""cq_token_count"": 6, ""covered_token_count"": 0, ""token_recall"": 0.0, ""covered"": false}, {""cq_index"": 40, ""cq_text"": ""What different kinds of data can be used to represent a ship?"", ""cq_token_count"": 5, ""covered_token_count"": 0, ""token_recall"": 0.0, ""covered"": false}, {""cq_index"": 41, ""cq_text"": ""How is sonar data of ships stored?"", ""cq_token_count"": 4, ""covered_token_count"": 0, ""token_recall"": 0.0, ""covered"": false}, {""cq_index"": 42, ""cq_text"": ""What image resources are available for a ship?"", ""cq_token_count"": 4, ""covered_token_count"": 0, ""token_recall"": 0.0, ""covered"": false}, {""cq_index"": 43, ""cq_text"": ""What textual information about a ship is available?"", ""cq_token_count"": 4, ""covered_token_count"": 0, ""token_recall"": 0.0, ""covered"": false}, {""cq_index"": 44, ""cq_text"": ""What does ship X look like?"", ""cq_token_count"": 3, ""covered_token_count"": 0, ""token_recall"": 0.0, ""covered"": false}, {""cq_index"": 45, ""cq_text"": ""How does ship X sound like on a sonar?"", ""cq_token_count"": 4, ""covered_token_count"": 0, ""token_recall"": 0.0, ""covered"": false}, {""cq_index"": 46, ""cq_text"": ""What is the textual description of ship X?"", ""cq_token_count"": 3, ""covered_token_count"": 0, ""token_recall"": 0.0, ""covered"": false}, {""cq_index"": 47, ""cq_text"": ""Are there ships without sonar signatures?"", ""cq_token_count"": 5, ""covered_token_count"": 0, ""token_recall"": 0.0, ""covered"": false}]",0,109,0.0,0.0,True,0,1,0,8,0.0,0.0,0.0,0.0,0.0,0.0,0.0,0.0,0.0,[],[]
bigscience_bloomz-7b1,scenario-cq-constraints,2025-149-01,False,Could not parse ontology.ttl in turtle/xml/n3 formats.,0,False,False,False,0,0,0,0,0.0,0.0,0.0,False,False,25,0.0,0.0,"[{""cq_index"": 0, ""cq_text"": ""Can the ontology represent a relational database as a first-class schema entity?"", ""cq_token_count"": 8, ""covered_token_count"": 0, ""token_recall"": 0.0, ""covered"": false}, {""cq_index"": 1, ""cq_text"": ""Can the ontology represent tables belonging to a database?"", ""cq_token_count"": 5, ""covered_token_count"": 0, ""token_recall"": 0.0, ""covered"": false}, {""cq_index"": 2, ""cq_text"": ""Can the ontology represent columns belonging to a table?"", ""cq_token_count"": 5, ""covered_token_count"": 0, ""token_recall"": 0.0, ""covered"": false}, {""cq_index"": 3, ""cq_text"": ""Can the ontology represent primary-key relationships in the schema?"", ""cq_token_count"": 6, ""covered_token_count"": 0, ""token_recall"": 0.0, ""covered"": false}, {""cq_index"": 4, ""cq_text"": ""Can the ontology represent foreign-key relationships and distinguish same-named columns across different tables when they are not semantically linked?"", ""cq_token_count"": 15, ""covered_token_count"": 0, ""token_recall"": 0.0, ""covered"": false}, {""cq_index"": 5, ""cq_text"": ""Can the ontology define a policy for a specific agent?"", ""cq_token_count"": 5, ""covered_token_count"": 0, ""token_recall"": 0.0, ""covered"": false}, {""cq_index"": 6, ""cq_text"": ""Can a policy specify a high-level ReadAction?"", ""cq_token_count"": 5, ""covered_token_count"": 0, ""token_recall"": 0.0, ""covered"": false}, {""cq_index"": 7, ""cq_text"": ""Can a policy specify a high-level ModifyAction?"", ""cq_token_count"": 5, ""covered_token_count"": 0, ""token_recall"": 0.0, ""covered"": false}, {""cq_index"": 8, ""cq_text"": ""Can a policy specify a ViewActionScope for read operations?"", ""cq_token_count"": 5, ""covered_token_count"": 0, ""token_recall"": 0.0, ""covered"": false}, {""cq_index"": 9, ""cq_text"": ""Can a policy specify a ProcessActionScope for read operations?"", ""cq_token_count"": 5, ""covered_token_count"": 0, ""token_recall"": 0.0, ""covered"": false}, {""cq_index"": 10, ""cq_text"": ""Can a policy be defined at table level?"", ""cq_token_count"": 4, ""covered_token_count"": 0, ""token_recall"": 0.0, ""covered"": false}, {""cq_index"": 11, ""cq_text"": ""Can a policy be defined at column level?"", ""cq_token_count"": 4, ""covered_token_count"": 0, ""token_recall"": 0.0, ""covered"": false}, {""cq_index"": 12, ""cq_text"": ""Can a policy be defined at row level using conditions?"", ""cq_token_count"": 5, ""covered_token_count"": 0, ""token_recall"": 0.0, ""covered"": false}, {""cq_index"": 13, ""cq_text"": ""Can the ontology express a prohibited modify action on a table?"", ""cq_token_count"": 6, ""covered_token_count"": 0, ""token_recall"": 0.0, ""covered"": false}, {""cq_index"": 14, ""cq_text"": ""Can the ontology express a table-level read prohibition for processing?"", ""cq_token_count"": 7, ""covered_token_count"": 0, ""token_recall"": 0.0, ""covered"": false}, {""cq_index"": 15, ""cq_text"": ""Can the ontology express a table-level read prohibition for viewing?"", ""cq_token_count"": 7, ""covered_token_count"": 0, ""token_recall"": 0.0, ""covered"": false}, {""cq_index"": 16, ""cq_text"": ""Can the ontology express a conditional row-level read restriction for later enforcement?"", ""cq_token_count"": 9, ""covered_token_count"": 0, ""token_recall"": 0.0, ""covered"": false}, {""cq_index"": 17, ""cq_text"": ""Can the ontology represent a SQL query as an AST-based semantic graph?"", ""cq_token_count"": 8, ""covered_token_count"": 0, ""token_recall"": 0.0, ""covered"": false}, {""cq_index"": 18, ""cq_text"": ""Can a SQL statement such as SelectStatement or UpdateStatement be mapped to its semantic action type?"", ""cq_token_count"": 8, ""covered_token_count"": 0, ""token_recall"": 0.0, ""covered"": false}, {""cq_index"": 19, ""cq_text"": ""Can a query statement be linked to the executing agent?"", ""cq_token_count"": 5, ""covered_token_count"": 0, ""token_recall"": 0.0, ""covered"": false}, {""cq_index"": 20, ""cq_text"": ""Can SQL clauses be assigned operational scopes such as view or process?"", ""cq_token_count"": 8, ""covered_token_count"": 0, ""token_recall"": 0.0, ""covered"": false}, {""cq_index"": 21, ""cq_text"": ""Can scope be propagated to reference nodes as an effectiveActionScope?"", ""cq_token_count"": 5, ""covered_token_count"": 0, ""token_recall"": 0.0, ""covered"": false}, {""cq_index"": 22, ""cq_text"": ""Can a TableRef in the query be linked to its corresponding schema Table?"", ""cq_token_count"": 6, ""covered_token_count"": 0, ""token_recall"": 0.0, ""covered"": false}, {""cq_index"": 23, ""cq_text"": ""Can a ColumnRef in the query be linked to its corresponding schema Column?"", ""cq_token_count"": 6, ""covered_token_count"": 0, ""token_recall"": 0.0, ""covered"": false}, {""cq_index"": 24, ""cq_text"": ""Can the reasoner infer whether a referenced table or column is Violated or RowTag based on the matching policy, action, and scope?"", ""cq_token_count"": 13, ""covered_token_count"": 0, ""token_recall"": 0.0, ""covered"": false}]",0,10,0.0,0.0,True,0,48,0,41,0.0,0.0,0.0,0.0,0.0,0.0,0.0,0.0,0.0,[],[]
bigscience_bloomz-7b1,scenario-cq-constraints,2025-150-01,False,Could not parse ontology.ttl in turtle/xml/n3 formats.,0,False,False,False,0,0,0,0,0.0,0.0,0.0,False,False,32,0.0,0.0,"[{""cq_index"": 0, ""cq_text"": ""Which MQTT Clients are connected to which Broker?"", ""cq_token_count"": 4, ""covered_token_count"": 0, ""token_recall"": 0.0, ""covered"": false}, {""cq_index"": 1, ""cq_text"": ""Which MQTT NetworkConnections exist, are they TLS-secured, and who initiated/accepted them?"", ""cq_token_count"": 9, ""covered_token_count"": 0, ""token_recall"": 0.0, ""covered"": false}, {""cq_index"": 2, ""cq_text"": ""Which MQTT participants (Clients/Brokers) use which MQTT NetworkConnections?"", ""cq_token_count"": 5, ""covered_token_count"": 0, ""token_recall"": 0.0, ""covered"": false}, {""cq_index"": 3, ""cq_text"": ""Which MQTT Clients with which ClientIDs run on which SOSA platforms?"", ""cq_token_count"": 6, ""covered_token_count"": 0, ""token_recall"": 0.0, ""covered"": false}, {""cq_index"": 4, ""cq_text"": ""Which MQTT Clients are hosting which SOSA systems (sensors/actuators)?"", ""cq_token_count"": 7, ""covered_token_count"": 0, ""token_recall"": 0.0, ""covered"": false}, {""cq_index"": 5, ""cq_text"": ""What host/port is a MQTT Broker configured with?"", ""cq_token_count"": 5, ""covered_token_count"": 0, ""token_recall"": 0.0, ""covered"": false}, {""cq_index"": 6, ""cq_text"": ""Which SOSA sensors publish to which MQTT Topics (observations)?"", ""cq_token_count"": 6, ""covered_token_count"": 0, ""token_recall"": 0.0, ""covered"": false}, {""cq_index"": 7, ""cq_text"": ""Which SOSA actuators listen to which MQTT Topics (commands)?"", ""cq_token_count"": 6, ""covered_token_count"": 0, ""token_recall"": 0.0, ""covered"": false}, {""cq_index"": 8, ""cq_text"": ""Which SOSA FeaturesOfInterest, Properties etc. appear as MQTT TopicSubjects and on which MQTT Topics?"", ""cq_token_count"": 8, ""covered_token_count"": 0, ""token_recall"": 0.0, ""covered"": false}, {""cq_index"": 9, ""cq_text"": ""Which MQTT Topic Filters match a given MQTT Topic?"", ""cq_token_count"": 4, ""covered_token_count"": 0, ""token_recall"": 0.0, ""covered"": false}, {""cq_index"": 10, ""cq_text"": ""Which MQTT Topics are matched by a given MQTT Topic Filter?"", ""cq_token_count"": 5, ""covered_token_count"": 0, ""token_recall"": 0.0, ""covered"": false}, {""cq_index"": 11, ""cq_text"": ""Which MQTT filter patterns (with wildcards) are stored?"", ""cq_token_count"": 5, ""covered_token_count"": 0, ""token_recall"": 0.0, ""covered"": false}, {""cq_index"": 12, ""cq_text"": ""Which MQTT Clients send which MQTT Control Packets?"", ""cq_token_count"": 5, ""covered_token_count"": 0, ""token_recall"": 0.0, ""covered"": false}, {""cq_index"": 13, ""cq_text"": ""Which MQTT PUBLISH/SUBSCRIBE/UNSUBSCRIBE packets were sent (specializations)?"", ""cq_token_count"": 7, ""covered_token_count"": 0, ""token_recall"": 0.0, ""covered"": false}, {""cq_index"": 14, ""cq_text"": ""Which MQTT Brokers receive/forward which MQTT Control Packets?"", ""cq_token_count"": 6, ""covered_token_count"": 0, ""token_recall"": 0.0, ""covered"": false}, {""cq_index"": 15, ""cq_text"": ""Which MQTT Control Packets were sent by which Client (inverse)?"", ""cq_token_count"": 6, ""covered_token_count"": 0, ""token_recall"": 0.0, ""covered"": false}, {""cq_index"": 16, ""cq_text"": ""Which MQTT Publish packets carry Observations for a specific SOSA FeatureOfInterest or Property?"", ""cq_token_count"": 9, ""covered_token_count"": 0, ""token_recall"": 0.0, ""covered"": false}, {""cq_index"": 17, ""cq_text"": ""Which MQTT SUBSCRIBE packets request QoS=2 and for which filters?"", ""cq_token_count"": 6, ""covered_token_count"": 0, ""token_recall"": 0.0, ""covered"": false}, {""cq_index"": 18, ""cq_text"": ""Which MQTT UNSUBSCRIBE packets remove all filters under a certain path (e.g. 'factory/centering/#')?"", ""cq_token_count"": 10, ""covered_token_count"": 0, ""token_recall"": 0.0, ""covered"": false}, {""cq_index"": 19, ""cq_text"": ""Which MQTT Control Packet has which Fixed Header / Variable Header / Payload?"", ""cq_token_count"": 7, ""covered_token_count"": 0, ""token_recall"": 0.0, ""covered"": false}, {""cq_index"": 20, ""cq_text"": ""Which MQTT PUBLISH packet has which MQTT Topic (name) in the Variable Header?"", ""cq_token_count"": 7, ""covered_token_count"": 0, ""token_recall"": 0.0, ""covered"": false}, {""cq_index"": 21, ""cq_text"": ""Which QoS levels are set (in PUBLISH Fixed Header or SubscriptionEntry)?"", ""cq_token_count"": 7, ""covered_token_count"": 0, ""token_recall"": 0.0, ""covered"": false}, {""cq_index"": 22, ""cq_text"": ""Are RETAIN/DUP flags set in PUBLISH?"", ""cq_token_count"": 5, ""covered_token_count"": 0, ""token_recall"": 0.0, ""covered"": false}, {""cq_index"": 23, ""cq_text"": ""Which MQTT Control Packets have which PacketIdentifier?"", ""cq_token_count"": 4, ""covered_token_count"": 0, ""token_recall"": 0.0, ""covered"": false}, {""cq_index"": 24, ""cq_text"": ""Which MQTT SUBSCRIBE payloads contain which SubscriptionEntries?"", ""cq_token_count"": 5, ""covered_token_count"": 0, ""token_recall"": 0.0, ""covered"": false}, {""cq_index"": 25, ""cq_text"": ""Which MQTT Topic Filters (with QoS) are requested by a SubscriptionEntry?"", ""cq_token_count"": 6, ""covered_token_count"": 0, ""token_recall"": 0.0, ""covered"": false}, {""cq_index"": 26, ""cq_text"": ""Which MQTT UNSUBSCRIBE payloads remove which MQTT TopicFilters?"", ""cq_token_count"": 5, ""covered_token_count"": 0, ""token_recall"": 0.0, ""covered"": false}, {""cq_index"": 27, ""cq_text"": ""Which MQTT PUBLISH payloads encode SOSA Observations (or Observation Collections)?"", ""cq_token_count"": 8, ""covered_token_count"": 0, ""token_recall"": 0.0, ""covered"": false}, {""cq_index"": 28, ""cq_text"": ""Which MQTT PUBLISH payloads encode SOSA Actuations (or Actuation Collections)?"", ""cq_token_count"": 8, ""covered_token_count"": 0, ""token_recall"": 0.0, ""covered"": false}, {""cq_index"": 29, ""cq_text"": ""Which fields are encoded in a MQTT payload?"", ""cq_token_count"": 4, ""covered_token_count"": 0, ""token_recall"": 0.0, ""covered"": false}, {""cq_index"": 30, ""cq_text"": ""What content, content type, encoding and delimiter does a MQTT PUBLISH payload have?"", ""cq_token_count"": 6, ""covered_token_count"": 0, ""token_recall"": 0.0, ""covered"": false}, {""cq_index"": 31, ""cq_text"": ""What is the size of a MQTT payload (as QUDT QuantityValue with unit)?"", ""cq_token_count"": 6, ""covered_token_count"": 0, ""token_recall"": 0.0, ""covered"": false}]",0,60,0.0,0.0,True,0,9,0,11,0.0,0.0,0.0,0.0,0.0,0.0,0.0,0.0,0.0,[],[]
bigscience_bloomz-7b1,scenario-cq-constraints,2025-151-01,False,Could not parse ontology.ttl in turtle/xml/n3 formats.,0,False,False,False,0,0,0,0,0.0,0.0,0.0,False,False,5,0.0,0.0,"[{""cq_index"": 0, ""cq_text"": ""What is the requested action?"", ""cq_token_count"": 2, ""covered_token_count"": 0, ""token_recall"": 0.0, ""covered"": false}, {""cq_index"": 1, ""cq_text"": ""Who is the party issuing the evaluation request?"", ""cq_token_count"": 4, ""covered_token_count"": 0, ""token_recall"": 0.0, ""covered"": false}, {""cq_index"": 2, ""cq_text"": ""What is the target asset of the evaluation request?"", ""cq_token_count"": 4, ""covered_token_count"": 0, ""token_recall"": 0.0, ""covered"": false}, {""cq_index"": 3, ""cq_text"": ""When was the evaluation request issued?"", ""cq_token_count"": 3, ""covered_token_count"": 0, ""token_recall"": 0.0, ""covered"": false}, {""cq_index"": 4, ""cq_text"": ""What additional contextual information can be included in the evaluation request to further constrain it?"", ""cq_token_count"": 8, ""covered_token_count"": 0, ""token_recall"": 0.0, ""covered"": false}]",0,25,0.0,0.0,True,0,1,0,5,0.0,0.0,0.0,0.0,0.0,0.0,0.0,0.0,0.0,[],[]
bigscience_bloomz-7b1,scenario-cq-constraints,2025-151-02,False,Could not parse ontology.ttl in turtle/xml/n3 formats.,0,False,False,False,0,0,0,0,0.0,0.0,0.0,False,False,10,0.0,0.0,"[{""cq_index"": 0, ""cq_text"": ""What is the current time?"", ""cq_token_count"": 2, ""covered_token_count"": 0, ""token_recall"": 0.0, ""covered"": false}, {""cq_index"": 1, ""cq_text"": ""What is the location of a party?"", ""cq_token_count"": 2, ""covered_token_count"": 0, ""token_recall"": 0.0, ""covered"": false}, {""cq_index"": 2, ""cq_text"": ""What assets are part of the asset collection of the policy that is being evaluated?"", ""cq_token_count"": 7, ""covered_token_count"": 0, ""token_recall"": 0.0, ""covered"": false}, {""cq_index"": 3, ""cq_text"": ""Which parties are part of the party collection of the policy that is being evaluated?"", ""cq_token_count"": 7, ""covered_token_count"": 0, ""token_recall"": 0.0, ""covered"": false}, {""cq_index"": 4, ""cq_text"": ""What actions were already performed or attempted?"", ""cq_token_count"": 4, ""covered_token_count"": 0, ""token_recall"": 0.0, ""covered"": false}, {""cq_index"": 5, ""cq_text"": ""How many times has a rule been exercised?"", ""cq_token_count"": 4, ""covered_token_count"": 0, ""token_recall"": 0.0, ""covered"": false}, {""cq_index"": 6, ""cq_text"": ""What information is available about an event that has occurred?"", ""cq_token_count"": 4, ""covered_token_count"": 0, ""token_recall"": 0.0, ""covered"": false}, {""cq_index"": 7, ""cq_text"": ""How long has a rule been exercised?"", ""cq_token_count"": 3, ""covered_token_count"": 0, ""token_recall"": 0.0, ""covered"": false}, {""cq_index"": 8, ""cq_text"": ""Which recipients or categories of recipients can receive the result of the rule that has been exercised?"", ""cq_token_count"": 6, ""covered_token_count"": 0, ""token_recall"": 0.0, ""covered"": false}, {""cq_index"": 9, ""cq_text"": ""Has a financial payment been made? What was the amount paid?"", ""cq_token_count"": 5, ""covered_token_count"": 0, ""token_recall"": 0.0, ""covered"": false}]",0,23,0.0,0.0,True,0,1,0,0,0.0,0.0,0.0,0.0,0.0,0.0,0.0,1.0,0.0,[],[]
bigscience_bloomz-7b1,scenario-cq-constraints,2025-153-01,False,Could not parse ontology.ttl in turtle/xml/n3 formats.,0,False,False,False,0,0,0,0,0.0,0.0,0.0,False,False,8,0.0,0.0,"[{""cq_index"": 0, ""cq_text"": ""Which entity does a persistent identifier currently reference?"", ""cq_token_count"": 5, ""covered_token_count"": 0, ""token_recall"": 0.0, ""covered"": false}, {""cq_index"": 1, ""cq_text"": ""Which entity was referenced at a past timestamp?"", ""cq_token_count"": 4, ""covered_token_count"": 0, ""token_recall"": 0.0, ""covered"": false}, {""cq_index"": 2, ""cq_text"": ""When did referent transitions occur?"", ""cq_token_count"": 3, ""covered_token_count"": 0, ""token_recall"": 0.0, ""covered"": false}, {""cq_index"": 3, ""cq_text"": ""What observations are associated with specific referents?"", ""cq_token_count"": 4, ""covered_token_count"": 0, ""token_recall"": 0.0, ""covered"": false}, {""cq_index"": 4, ""cq_text"": ""What is the full sequence of referents over time?"", ""cq_token_count"": 5, ""covered_token_count"": 0, ""token_recall"": 0.0, ""covered"": false}, {""cq_index"": 5, ""cq_text"": ""Which rules triggered specific transitions?"", ""cq_token_count"": 4, ""covered_token_count"": 0, ""token_recall"": 0.0, ""covered"": false}, {""cq_index"": 6, ""cq_text"": ""Are there gaps or overlaps in temporal bindings?"", ""cq_token_count"": 5, ""covered_token_count"": 0, ""token_recall"": 0.0, ""covered"": false}, {""cq_index"": 7, ""cq_text"": ""Can complete context be rebuilt for any time point?"", ""cq_token_count"": 5, ""covered_token_count"": 0, ""token_recall"": 0.0, ""covered"": false}]",0,119,0.0,0.0,True,0,11,0,22,0.0,0.0,0.0,0.0,0.0,0.0,0.0,0.0,0.0,[],[]
bigscience_bloomz-7b1,scenario-cq-constraints,2026-155-01,False,Could not parse ontology.ttl in turtle/xml/n3 formats.,0,False,False,False,0,0,0,0,0.0,0.0,0.0,False,False,8,0.0,0.0,"[{""cq_index"": 0, ""cq_text"": ""Which survey or investigation activities were performed on a given cultural property or on a specific feature of interest?"", ""cq_token_count"": 9, ""covered_token_count"": 0, ""token_recall"": 0.0, ""covered"": false}, {""cq_index"": 1, ""cq_text"": ""Which method or investigation technique was adopted in a specific survey or investigation activity?"", ""cq_token_count"": 7, ""covered_token_count"": 0, ""token_recall"": 0.0, ""covered"": false}, {""cq_index"": 2, ""cq_text"": ""Which observations were produced during a given survey or investigation activity?"", ""cq_token_count"": 6, ""covered_token_count"": 0, ""token_recall"": 0.0, ""covered"": false}, {""cq_index"": 3, ""cq_text"": ""Which experts participated in the survey or investigation activity, and with which roles?"", ""cq_token_count"": 6, ""covered_token_count"": 0, ""token_recall"": 0.0, ""covered"": false}, {""cq_index"": 4, ""cq_text"": ""Which hardware, software, and technical configurations were used to conduct a specific survey or investigation activity?"", ""cq_token_count"": 9, ""covered_token_count"": 0, ""token_recall"": 0.0, ""covered"": false}, {""cq_index"": 5, ""cq_text"": ""What interpretations or claims are supported by the observations produced during a survey?"", ""cq_token_count"": 7, ""covered_token_count"": 0, ""token_recall"": 0.0, ""covered"": false}, {""cq_index"": 6, ""cq_text"": ""How are post-processed outputs (e.g., interactive images, spectra, datasets) related to the underlying acquisition or observation activities?"", ""cq_token_count"": 12, ""covered_token_count"": 0, ""token_recall"": 0.0, ""covered"": false}, {""cq_index"": 7, ""cq_text"": ""Which acquisition parameters (e.g., exposure time, ISO, aperture) characterised a specific photographic acquisition cycle within a survey?"", ""cq_token_count"": 12, ""covered_token_count"": 0, ""token_recall"": 0.0, ""covered"": false}]",0,20,0.0,0.0,True,0,22,0,32,0.0,0.0,0.0,0.0,0.0,0.0,0.0,0.0,0.0,[],[]
bigscience_bloomz-7b1,scenario-cq-reasoning,2023-133-01,False,Could not parse ontology.ttl in turtle/xml/n3 formats.,0,False,False,False,0,0,0,0,0.0,0.0,0.0,False,False,4,0.0,0.0,"[{""cq_index"": 0, ""cq_text"": ""What events are responsible for the pavement being slippery?"", ""cq_token_count"": 5, ""covered_token_count"": 0, ""token_recall"": 0.0, ""covered"": false}, {""cq_index"": 1, ""cq_text"": ""What would be the outcome of turning the sprinkler system on(off)?"", ""cq_token_count"": 5, ""covered_token_count"": 0, ""token_recall"": 0.0, ""covered"": false}, {""cq_index"": 2, ""cq_text"": ""How strong is the causal link between the sprinkler being on and the pavement being wet?"", ""cq_token_count"": 8, ""covered_token_count"": 0, ""token_recall"": 0.0, ""covered"": false}, {""cq_index"": 3, ""cq_text"": ""What if the pavement is not wet, how would it effect the pavement being slippery?"", ""cq_token_count"": 5, ""covered_token_count"": 0, ""token_recall"": 0.0, ""covered"": false}]",0,41,0.0,0.0,True,0,5,0,5,0.0,0.0,0.0,0.0,0.0,0.0,0.0,0.0,0.0,[],[]
bigscience_bloomz-7b1,scenario-cq-reasoning,2023-133-02,False,Could not parse ontology.ttl in turtle/xml/n3 formats.,0,False,False,False,0,0,0,0,0.0,0.0,0.0,False,False,6,0.0,0.0,"[{""cq_index"": 0, ""cq_text"": ""Is the medication intake by the patient caused by the presence of outdoor environmental allergen such as pollen or AQI?"", ""cq_token_count"": 11, ""covered_token_count"": 0, ""token_recall"": 0.0, ""covered"": false}, {""cq_index"": 1, ""cq_text"": ""How much does the presence of an asthma symptom effect the intake of medication?"", ""cq_token_count"": 7, ""covered_token_count"": 0, ""token_recall"": 0.0, ""covered"": false}, {""cq_index"": 2, ""cq_text"": ""How does an outdoor environmental allergen affect the patient?"", ""cq_token_count"": 5, ""covered_token_count"": 0, ""token_recall"": 0.0, ""covered"": false}, {""cq_index"": 3, ""cq_text"": ""What is the probable cause of the cough experienced by the patient?"", ""cq_token_count"": 5, ""covered_token_count"": 0, ""token_recall"": 0.0, ""covered"": false}, {""cq_index"": 4, ""cq_text"": ""What if pollen (or AQI) allergen was not present in the outdoor environment, how would it effect the intake of medication?"", ""cq_token_count"": 9, ""covered_token_count"": 0, ""token_recall"": 0.0, ""covered"": false}, {""cq_index"": 5, ""cq_text"": ""What if the patient did not experience a cough, how would it effect the intake of medication?"", ""cq_token_count"": 6, ""covered_token_count"": 0, ""token_recall"": 0.0, ""covered"": false}]",0,60,0.0,0.0,True,0,5,0,5,0.0,0.0,0.0,0.0,0.0,0.0,0.0,0.0,0.0,[],[]
bigscience_bloomz-7b1,scenario-cq-reasoning,2023-134-01,False,Could not parse ontology.ttl in turtle/xml/n3 formats.,0,False,False,False,0,0,0,0,0.0,0.0,0.0,False,False,8,0.0,0.0,"[{""cq_index"": 0, ""cq_text"": ""What is the unique identifier of the policy?"", ""cq_token_count"": 3, ""covered_token_count"": 0, ""token_recall"": 0.0, ""covered"": false}, {""cq_index"": 1, ""cq_text"": ""Who is the creator of the policy?"", ""cq_token_count"": 2, ""covered_token_count"": 0, ""token_recall"": 0.0, ""covered"": false}, {""cq_index"": 2, ""cq_text"": ""When was the policy issued?"", ""cq_token_count"": 2, ""covered_token_count"": 0, ""token_recall"": 0.0, ""covered"": false}, {""cq_index"": 3, ""cq_text"": ""Who is the assignee of the policy?"", ""cq_token_count"": 2, ""covered_token_count"": 0, ""token_recall"": 0.0, ""covered"": false}, {""cq_index"": 4, ""cq_text"": ""What application/service is being used to access the data?"", ""cq_token_count"": 5, ""covered_token_count"": 0, ""token_recall"": 0.0, ""covered"": false}, {""cq_index"": 5, ""cq_text"": ""What access mode is being requested?"", ""cq_token_count"": 4, ""covered_token_count"": 0, ""token_recall"": 0.0, ""covered"": false}, {""cq_index"": 6, ""cq_text"": ""What personal data is being accessed?"", ""cq_token_count"": 4, ""covered_token_count"": 0, ""token_recall"": 0.0, ""covered"": false}, {""cq_index"": 7, ""cq_text"": ""What is the purpose for accessing the data?"", ""cq_token_count"": 3, ""covered_token_count"": 0, ""token_recall"": 0.0, ""covered"": false}]",0,88,0.0,0.0,True,0,0,0,0,0.0,0.0,0.0,0.0,0.0,0.0,1.0,1.0,0.0,[],[]
bigscience_bloomz-7b1,scenario-cq-reasoning,2023-134-02,False,Could not parse ontology.ttl in turtle/xml/n3 formats.,0,False,False,False,0,0,0,0,0.0,0.0,0.0,False,False,6,0.0,0.0,"[{""cq_index"": 0, ""cq_text"": ""What type of action, e.g., create, update, erase, is being performed on the data?"", ""cq_token_count"": 7, ""covered_token_count"": 0, ""token_recall"": 0.0, ""covered"": false}, {""cq_index"": 1, ""cq_text"": ""Who is the entity interacting with the data?"", ""cq_token_count"": 3, ""covered_token_count"": 0, ""token_recall"": 0.0, ""covered"": false}, {""cq_index"": 2, ""cq_text"": ""Who is the entity publishing the log?"", ""cq_token_count"": 3, ""covered_token_count"": 0, ""token_recall"": 0.0, ""covered"": false}, {""cq_index"": 3, ""cq_text"": ""When was the log issued?"", ""cq_token_count"": 2, ""covered_token_count"": 0, ""token_recall"": 0.0, ""covered"": false}, {""cq_index"": 4, ""cq_text"": ""Where is the data being stored?"", ""cq_token_count"": 3, ""covered_token_count"": 0, ""token_recall"": 0.0, ""covered"": false}, {""cq_index"": 5, ""cq_text"": ""What application/service is being used to generate the data, if any?"", ""cq_token_count"": 5, ""covered_token_count"": 0, ""token_recall"": 0.0, ""covered"": false}]",0,88,0.0,0.0,True,0,0,0,0,0.0,0.0,0.0,0.0,0.0,0.0,1.0,1.0,0.0,[],[]
bigscience_bloomz-7b1,scenario-cq-reasoning,2023-134-03,False,Could not parse ontology.ttl in turtle/xml/n3 formats.,0,False,False,False,0,0,0,0,0.0,0.0,0.0,False,False,5,0.0,0.0,"[{""cq_index"": 0, ""cq_text"": ""Who is maintaining the registry?"", ""cq_token_count"": 2, ""covered_token_count"": 0, ""token_recall"": 0.0, ""covered"": false}, {""cq_index"": 1, ""cq_text"": ""When was the registry created/updated?"", ""cq_token_count"": 3, ""covered_token_count"": 0, ""token_recall"": 0.0, ""covered"": false}, {""cq_index"": 2, ""cq_text"": ""What types of data are available?"", ""cq_token_count"": 2, ""covered_token_count"": 0, ""token_recall"": 0.0, ""covered"": false}, {""cq_index"": 3, ""cq_text"": ""Where is a specific type of data being stored?"", ""cq_token_count"": 4, ""covered_token_count"": 0, ""token_recall"": 0.0, ""covered"": false}, {""cq_index"": 4, ""cq_text"": ""What policy is associated with the data?"", ""cq_token_count"": 3, ""covered_token_count"": 0, ""token_recall"": 0.0, ""covered"": false}]",0,88,0.0,0.0,True,0,0,0,0,0.0,0.0,0.0,0.0,0.0,0.0,1.0,1.0,0.0,[],[]
bigscience_bloomz-7b1,scenario-cq-reasoning,2023-135-01,False,Could not parse ontology.ttl in turtle/xml/n3 formats.,0,False,False,False,0,0,0,0,0.0,0.0,0.0,False,False,3,0.0,0.0,"[{""cq_index"": 0, ""cq_text"": ""Under what pseudonym did the author C. S. Lewis published a collection of poems, Spirit in Bondage?"", ""cq_token_count"": 9, ""covered_token_count"": 0, ""token_recall"": 0.0, ""covered"": false}, {""cq_index"": 1, ""cq_text"": ""What alternative did C. S. Lewis used to assume the role of a book writer?"", ""cq_token_count"": 6, ""covered_token_count"": 0, ""token_recall"": 0.0, ""covered"": false}, {""cq_index"": 2, ""cq_text"": ""Show the trajectories of rivers which cross national parks?"", ""cq_token_count"": 5, ""covered_token_count"": 0, ""token_recall"": 0.0, ""covered"": false}]",0,10,0.0,0.0,True,0,5,0,13,0.0,0.0,0.0,0.0,0.0,0.0,0.0,0.0,0.0,[],[]
bigscience_bloomz-7b1,scenario-cq-reasoning,2024-145-01,False,Could not parse ontology.ttl in turtle/xml/n3 formats.,0,False,False,False,0,0,0,0,0.0,0.0,0.0,False,False,7,0.0,0.0,"[{""cq_index"": 0, ""cq_text"": ""List all district courts in a given state."", ""cq_token_count"": 3, ""covered_token_count"": 0, ""token_recall"": 0.0, ""covered"": false}, {""cq_index"": 1, ""cq_text"": ""In which state is a given district court instance located?"", ""cq_token_count"": 5, ""covered_token_count"": 0, ""token_recall"": 0.0, ""covered"": false}, {""cq_index"": 2, ""cq_text"": ""How many districts are in a given state of India?"", ""cq_token_count"": 4, ""covered_token_count"": 0, ""token_recall"": 0.0, ""covered"": false}, {""cq_index"": 3, ""cq_text"": ""Which court has authority over a given court?"", ""cq_token_count"": 3, ""covered_token_count"": 0, ""token_recall"": 0.0, ""covered"": false}, {""cq_index"": 4, ""cq_text"": ""What is the check transaction type for a bad check?"", ""cq_token_count"": 3, ""covered_token_count"": 0, ""token_recall"": 0.0, ""covered"": false}, {""cq_index"": 5, ""cq_text"": ""When is a check payment of a bad check?"", ""cq_token_count"": 3, ""covered_token_count"": 0, ""token_recall"": 0.0, ""covered"": false}, {""cq_index"": 6, ""cq_text"": ""What is the transaction status of a given check payment?"", ""cq_token_count"": 4, ""covered_token_count"": 0, ""token_recall"": 0.0, ""covered"": false}]",0,17,0.0,0.0,False,0,0,0,0,0.0,0.0,0.0,0.0,0.0,0.0,0.0,0.0,0.0,[],[]
bigscience_bloomz-7b1,scenario-cq-reasoning,2025-147-01,False,Could not parse ontology.ttl in turtle/xml/n3 formats.,0,False,False,False,0,0,0,0,0.0,0.0,0.0,False,False,48,0.0,0.0,"[{""cq_index"": 0, ""cq_text"": ""How are ships clearly identified?"", ""cq_token_count"": 3, ""covered_token_count"": 0, ""token_recall"": 0.0, ""covered"": false}, {""cq_index"": 1, ""cq_text"": ""How are a ship's dimensions described?"", ""cq_token_count"": 3, ""covered_token_count"": 0, ""token_recall"": 0.0, ""covered"": false}, {""cq_index"": 2, ""cq_text"": ""What information can be provided about the typical location of a ship?"", ""cq_token_count"": 5, ""covered_token_count"": 0, ""token_recall"": 0.0, ""covered"": false}, {""cq_index"": 3, ""cq_text"": ""Who can be the owner of a ship?"", ""cq_token_count"": 2, ""covered_token_count"": 0, ""token_recall"": 0.0, ""covered"": false}, {""cq_index"": 4, ""cq_text"": ""How is a ship's average speed over ground specified?"", ""cq_token_count"": 6, ""covered_token_count"": 0, ""token_recall"": 0.0, ""covered"": false}, {""cq_index"": 5, ""cq_text"": ""How many container ships are registered under the German flag?"", ""cq_token_count"": 7, ""covered_token_count"": 0, ""token_recall"": 0.0, ""covered"": false}, {""cq_index"": 6, ""cq_text"": ""How is the GPS antenna placed relatively to the ship's structure (bow, stern, port, starboard)?"", ""cq_token_count"": 10, ""covered_token_count"": 0, ""token_recall"": 0.0, ""covered"": false}, {""cq_index"": 7, ""cq_text"": ""Which organization owns the most ships?"", ""cq_token_count"": 4, ""covered_token_count"": 0, ""token_recall"": 0.0, ""covered"": false}, {""cq_index"": 8, ""cq_text"": ""What information can be provided about a ship route?"", ""cq_token_count"": 4, ""covered_token_count"": 0, ""token_recall"": 0.0, ""covered"": false}, {""cq_index"": 9, ""cq_text"": ""What information is known about a single trajectory part?"", ""cq_token_count"": 5, ""covered_token_count"": 0, ""token_recall"": 0.0, ""covered"": false}, {""cq_index"": 10, ""cq_text"": ""What types of trajectories are distinguished?"", ""cq_token_count"": 2, ""covered_token_count"": 0, ""token_recall"": 0.0, ""covered"": false}, {""cq_index"": 11, ""cq_text"": ""What unit does the draught of a ship have?"", ""cq_token_count"": 3, ""covered_token_count"": 0, ""token_recall"": 0.0, ""covered"": false}, {""cq_index"": 12, ""cq_text"": ""What was the average speed over ground of the ship on route on day X?"", ""cq_token_count"": 7, ""covered_token_count"": 0, ""token_recall"": 0.0, ""covered"": false}, {""cq_index"": 13, ""cq_text"": ""What route is predicted for ship X?"", ""cq_token_count"": 3, ""covered_token_count"": 0, ""token_recall"": 0.0, ""covered"": false}, {""cq_index"": 14, ""cq_text"": ""What types of engines are used in ships?"", ""cq_token_count"": 2, ""covered_token_count"": 0, ""token_recall"": 0.0, ""covered"": false}, {""cq_index"": 15, ""cq_text"": ""What combinations of engines can exist?"", ""cq_token_count"": 3, ""covered_token_count"": 0, ""token_recall"": 0.0, ""covered"": false}, {""cq_index"": 16, ""cq_text"": ""What powers these ship engines?"", ""cq_token_count"": 4, ""covered_token_count"": 0, ""token_recall"": 0.0, ""covered"": false}, {""cq_index"": 17, ""cq_text"": ""What is driven by ship engines?"", ""cq_token_count"": 3, ""covered_token_count"": 0, ""token_recall"": 0.0, ""covered"": false}, {""cq_index"": 18, ""cq_text"": ""What types of propulsion systems can ships have?"", ""cq_token_count"": 3, ""covered_token_count"": 0, ""token_recall"": 0.0, ""covered"": false}, {""cq_index"": 19, ""cq_text"": ""What propulsion systems don't rely on an engine?"", ""cq_token_count"": 5, ""covered_token_count"": 0, ""token_recall"": 0.0, ""covered"": false}, {""cq_index"": 20, ""cq_text"": ""Which propulsion technologies are used by each individual propulsion system?"", ""cq_token_count"": 4, ""covered_token_count"": 0, ""token_recall"": 0.0, ""covered"": false}, {""cq_index"": 21, ""cq_text"": ""What falls under the category of propulsion technologies powered by engines?"", ""cq_token_count"": 7, ""covered_token_count"": 0, ""token_recall"": 0.0, ""covered"": false}, {""cq_index"": 22, ""cq_text"": ""What types of jet propulsors exist?"", ""cq_token_count"": 3, ""covered_token_count"": 0, ""token_recall"": 0.0, ""covered"": false}, {""cq_index"": 23, ""cq_text"": ""What types of bladed propulsors exist?"", ""cq_token_count"": 3, ""covered_token_count"": 0, ""token_recall"": 0.0, ""covered"": false}, {""cq_index"": 24, ""cq_text"": ""What types of blade propulsors follow a special design?"", ""cq_token_count"": 5, ""covered_token_count"": 0, ""token_recall"": 0.0, ""covered"": false}, {""cq_index"": 25, ""cq_text"": ""What properties describe a bladed propulsor?"", ""cq_token_count"": 4, ""covered_token_count"": 0, ""token_recall"": 0.0, ""covered"": false}, {""cq_index"": 26, ""cq_text"": ""What types of screw propellers can be used?"", ""cq_token_count"": 2, ""covered_token_count"": 0, ""token_recall"": 0.0, ""covered"": false}, {""cq_index"": 27, ""cq_text"": ""What is used to prevent cavitation on technologies for motorized propulsion?"", ""cq_token_count"": 5, ""covered_token_count"": 0, ""token_recall"": 0.0, ""covered"": false}, {""cq_index"": 28, ""cq_text"": ""What type of sails exist?"", ""cq_token_count"": 2, ""covered_token_count"": 0, ""token_recall"": 0.0, ""covered"": false}, {""cq_index"": 29, ""cq_text"": ""Which type of propulsion technologies can assist a motorized ship?"", ""cq_token_count"": 5, ""covered_token_count"": 0, ""token_recall"": 0.0, ""covered"": false}, {""cq_index"": 30, ""cq_text"": ""What fuel does ship X use to drive?"", ""cq_token_count"": 3, ""covered_token_count"": 0, ""token_recall"": 0.0, ""covered"": false}, {""cq_index"": 31, ""cq_text"": ""How many engines power ship X?"", ""cq_token_count"": 4, ""covered_token_count"": 0, ""token_recall"": 0.0, ""covered"": false}, {""cq_index"": 32, ""cq_text"": ""What types of propellers are installed on ship X?"", ""cq_token_count"": 3, ""covered_token_count"": 0, ""token_recall"": 0.0, ""covered"": false}, {""cq_index"": 33, ""cq_text"": ""What is the most common type of propeller?"", ""cq_token_count"": 3, ""covered_token_count"": 0, ""token_recall"": 0.0, ""covered"": false}, {""cq_index"": 34, ""cq_text"": ""How many ships have sails?"", ""cq_token_count"": 3, ""covered_token_count"": 0, ""token_recall"": 0.0, ""covered"": false}, {""cq_index"": 35, ""cq_text"": ""Which ships use electric engines exclusively?"", ""cq_token_count"": 4, ""covered_token_count"": 0, ""token_recall"": 0.0, ""covered"": false}, {""cq_index"": 36, ""cq_text"": ""What motorized propulsion does a ship use that is assisted by wind propulsion?"", ""cq_token_count"": 5, ""covered_token_count"": 0, ""token_recall"": 0.0, ""covered"": false}, {""cq_index"": 37, ""cq_text"": ""How many supercavitating propellers does ship X use?"", ""cq_token_count"": 4, ""covered_token_count"": 0, ""token_recall"": 0.0, ""covered"": false}, {""cq_index"": 38, ""cq_text"": ""What diameter and how many blades does the fixed pitch propeller Y of ship X have?"", ""cq_token_count"": 7, ""covered_token_count"": 0, ""token_recall"": 0.0, ""covered"": false}, {""cq_index"": 39, ""cq_text"": ""What is the least utilized wind assisted propulsion system?"", ""cq_token_count"": 6, ""covered_token_count"": 0, ""token_recall"": 0.0, ""covered"": false}, {""cq_index"": 40, ""cq_text"": ""What different kinds of data can be used to represent a ship?"", ""cq_token_count"": 5, ""covered_token_count"": 0, ""token_recall"": 0.0, ""covered"": false}, {""cq_index"": 41, ""cq_text"": ""How is sonar data of ships stored?"", ""cq_token_count"": 4, ""covered_token_count"": 0, ""token_recall"": 0.0, ""covered"": false}, {""cq_index"": 42, ""cq_text"": ""What image resources are available for a ship?"", ""cq_token_count"": 4, ""covered_token_count"": 0, ""token_recall"": 0.0, ""covered"": false}, {""cq_index"": 43, ""cq_text"": ""What textual information about a ship is available?"", ""cq_token_count"": 4, ""covered_token_count"": 0, ""token_recall"": 0.0, ""covered"": false}, {""cq_index"": 44, ""cq_text"": ""What does ship X look like?"", ""cq_token_count"": 3, ""covered_token_count"": 0, ""token_recall"": 0.0, ""covered"": false}, {""cq_index"": 45, ""cq_text"": ""How does ship X sound like on a sonar?"", ""cq_token_count"": 4, ""covered_token_count"": 0, ""token_recall"": 0.0, ""covered"": false}, {""cq_index"": 46, ""cq_text"": ""What is the textual description of ship X?"", ""cq_token_count"": 3, ""covered_token_count"": 0, ""token_recall"": 0.0, ""covered"": false}, {""cq_index"": 47, ""cq_text"": ""Are there ships without sonar signatures?"", ""cq_token_count"": 5, ""covered_token_count"": 0, ""token_recall"": 0.0, ""covered"": false}]",0,109,0.0,0.0,True,0,1,0,8,0.0,0.0,0.0,0.0,0.0,0.0,0.0,0.0,0.0,[],[]
bigscience_bloomz-7b1,scenario-cq-reasoning,2025-149-01,False,Could not parse ontology.ttl in turtle/xml/n3 formats.,0,False,False,False,0,0,0,0,0.0,0.0,0.0,False,False,25,0.0,0.0,"[{""cq_index"": 0, ""cq_text"": ""Can the ontology represent a relational database as a first-class schema entity?"", ""cq_token_count"": 8, ""covered_token_count"": 0, ""token_recall"": 0.0, ""covered"": false}, {""cq_index"": 1, ""cq_text"": ""Can the ontology represent tables belonging to a database?"", ""cq_token_count"": 5, ""covered_token_count"": 0, ""token_recall"": 0.0, ""covered"": false}, {""cq_index"": 2, ""cq_text"": ""Can the ontology represent columns belonging to a table?"", ""cq_token_count"": 5, ""covered_token_count"": 0, ""token_recall"": 0.0, ""covered"": false}, {""cq_index"": 3, ""cq_text"": ""Can the ontology represent primary-key relationships in the schema?"", ""cq_token_count"": 6, ""covered_token_count"": 0, ""token_recall"": 0.0, ""covered"": false}, {""cq_index"": 4, ""cq_text"": ""Can the ontology represent foreign-key relationships and distinguish same-named columns across different tables when they are not semantically linked?"", ""cq_token_count"": 15, ""covered_token_count"": 0, ""token_recall"": 0.0, ""covered"": false}, {""cq_index"": 5, ""cq_text"": ""Can the ontology define a policy for a specific agent?"", ""cq_token_count"": 5, ""covered_token_count"": 0, ""token_recall"": 0.0, ""covered"": false}, {""cq_index"": 6, ""cq_text"": ""Can a policy specify a high-level ReadAction?"", ""cq_token_count"": 5, ""covered_token_count"": 0, ""token_recall"": 0.0, ""covered"": false}, {""cq_index"": 7, ""cq_text"": ""Can a policy specify a high-level ModifyAction?"", ""cq_token_count"": 5, ""covered_token_count"": 0, ""token_recall"": 0.0, ""covered"": false}, {""cq_index"": 8, ""cq_text"": ""Can a policy specify a ViewActionScope for read operations?"", ""cq_token_count"": 5, ""covered_token_count"": 0, ""token_recall"": 0.0, ""covered"": false}, {""cq_index"": 9, ""cq_text"": ""Can a policy specify a ProcessActionScope for read operations?"", ""cq_token_count"": 5, ""covered_token_count"": 0, ""token_recall"": 0.0, ""covered"": false}, {""cq_index"": 10, ""cq_text"": ""Can a policy be defined at table level?"", ""cq_token_count"": 4, ""covered_token_count"": 0, ""token_recall"": 0.0, ""covered"": false}, {""cq_index"": 11, ""cq_text"": ""Can a policy be defined at column level?"", ""cq_token_count"": 4, ""covered_token_count"": 0, ""token_recall"": 0.0, ""covered"": false}, {""cq_index"": 12, ""cq_text"": ""Can a policy be defined at row level using conditions?"", ""cq_token_count"": 5, ""covered_token_count"": 0, ""token_recall"": 0.0, ""covered"": false}, {""cq_index"": 13, ""cq_text"": ""Can the ontology express a prohibited modify action on a table?"", ""cq_token_count"": 6, ""covered_token_count"": 0, ""token_recall"": 0.0, ""covered"": false}, {""cq_index"": 14, ""cq_text"": ""Can the ontology express a table-level read prohibition for processing?"", ""cq_token_count"": 7, ""covered_token_count"": 0, ""token_recall"": 0.0, ""covered"": false}, {""cq_index"": 15, ""cq_text"": ""Can the ontology express a table-level read prohibition for viewing?"", ""cq_token_count"": 7, ""covered_token_count"": 0, ""token_recall"": 0.0, ""covered"": false}, {""cq_index"": 16, ""cq_text"": ""Can the ontology express a conditional row-level read restriction for later enforcement?"", ""cq_token_count"": 9, ""covered_token_count"": 0, ""token_recall"": 0.0, ""covered"": false}, {""cq_index"": 17, ""cq_text"": ""Can the ontology represent a SQL query as an AST-based semantic graph?"", ""cq_token_count"": 8, ""covered_token_count"": 0, ""token_recall"": 0.0, ""covered"": false}, {""cq_index"": 18, ""cq_text"": ""Can a SQL statement such as SelectStatement or UpdateStatement be mapped to its semantic action type?"", ""cq_token_count"": 8, ""covered_token_count"": 0, ""token_recall"": 0.0, ""covered"": false}, {""cq_index"": 19, ""cq_text"": ""Can a query statement be linked to the executing agent?"", ""cq_token_count"": 5, ""covered_token_count"": 0, ""token_recall"": 0.0, ""covered"": false}, {""cq_index"": 20, ""cq_text"": ""Can SQL clauses be assigned operational scopes such as view or process?"", ""cq_token_count"": 8, ""covered_token_count"": 0, ""token_recall"": 0.0, ""covered"": false}, {""cq_index"": 21, ""cq_text"": ""Can scope be propagated to reference nodes as an effectiveActionScope?"", ""cq_token_count"": 5, ""covered_token_count"": 0, ""token_recall"": 0.0, ""covered"": false}, {""cq_index"": 22, ""cq_text"": ""Can a TableRef in the query be linked to its corresponding schema Table?"", ""cq_token_count"": 6, ""covered_token_count"": 0, ""token_recall"": 0.0, ""covered"": false}, {""cq_index"": 23, ""cq_text"": ""Can a ColumnRef in the query be linked to its corresponding schema Column?"", ""cq_token_count"": 6, ""covered_token_count"": 0, ""token_recall"": 0.0, ""covered"": false}, {""cq_index"": 24, ""cq_text"": ""Can the reasoner infer whether a referenced table or column is Violated or RowTag based on the matching policy, action, and scope?"", ""cq_token_count"": 13, ""covered_token_count"": 0, ""token_recall"": 0.0, ""covered"": false}]",0,10,0.0,0.0,True,0,48,0,41,0.0,0.0,0.0,0.0,0.0,0.0,0.0,0.0,0.0,[],[]
bigscience_bloomz-7b1,scenario-cq-reasoning,2025-150-01,False,Could not parse ontology.ttl in turtle/xml/n3 formats.,0,False,False,False,0,0,0,0,0.0,0.0,0.0,False,False,32,0.0,0.0,"[{""cq_index"": 0, ""cq_text"": ""Which MQTT Clients are connected to which Broker?"", ""cq_token_count"": 4, ""covered_token_count"": 0, ""token_recall"": 0.0, ""covered"": false}, {""cq_index"": 1, ""cq_text"": ""Which MQTT NetworkConnections exist, are they TLS-secured, and who initiated/accepted them?"", ""cq_token_count"": 9, ""covered_token_count"": 0, ""token_recall"": 0.0, ""covered"": false}, {""cq_index"": 2, ""cq_text"": ""Which MQTT participants (Clients/Brokers) use which MQTT NetworkConnections?"", ""cq_token_count"": 5, ""covered_token_count"": 0, ""token_recall"": 0.0, ""covered"": false}, {""cq_index"": 3, ""cq_text"": ""Which MQTT Clients with which ClientIDs run on which SOSA platforms?"", ""cq_token_count"": 6, ""covered_token_count"": 0, ""token_recall"": 0.0, ""covered"": false}, {""cq_index"": 4, ""cq_text"": ""Which MQTT Clients are hosting which SOSA systems (sensors/actuators)?"", ""cq_token_count"": 7, ""covered_token_count"": 0, ""token_recall"": 0.0, ""covered"": false}, {""cq_index"": 5, ""cq_text"": ""What host/port is a MQTT Broker configured with?"", ""cq_token_count"": 5, ""covered_token_count"": 0, ""token_recall"": 0.0, ""covered"": false}, {""cq_index"": 6, ""cq_text"": ""Which SOSA sensors publish to which MQTT Topics (observations)?"", ""cq_token_count"": 6, ""covered_token_count"": 0, ""token_recall"": 0.0, ""covered"": false}, {""cq_index"": 7, ""cq_text"": ""Which SOSA actuators listen to which MQTT Topics (commands)?"", ""cq_token_count"": 6, ""covered_token_count"": 0, ""token_recall"": 0.0, ""covered"": false}, {""cq_index"": 8, ""cq_text"": ""Which SOSA FeaturesOfInterest, Properties etc. appear as MQTT TopicSubjects and on which MQTT Topics?"", ""cq_token_count"": 8, ""covered_token_count"": 0, ""token_recall"": 0.0, ""covered"": false}, {""cq_index"": 9, ""cq_text"": ""Which MQTT Topic Filters match a given MQTT Topic?"", ""cq_token_count"": 4, ""covered_token_count"": 0, ""token_recall"": 0.0, ""covered"": false}, {""cq_index"": 10, ""cq_text"": ""Which MQTT Topics are matched by a given MQTT Topic Filter?"", ""cq_token_count"": 5, ""covered_token_count"": 0, ""token_recall"": 0.0, ""covered"": false}, {""cq_index"": 11, ""cq_text"": ""Which MQTT filter patterns (with wildcards) are stored?"", ""cq_token_count"": 5, ""covered_token_count"": 0, ""token_recall"": 0.0, ""covered"": false}, {""cq_index"": 12, ""cq_text"": ""Which MQTT Clients send which MQTT Control Packets?"", ""cq_token_count"": 5, ""covered_token_count"": 0, ""token_recall"": 0.0, ""covered"": false}, {""cq_index"": 13, ""cq_text"": ""Which MQTT PUBLISH/SUBSCRIBE/UNSUBSCRIBE packets were sent (specializations)?"", ""cq_token_count"": 7, ""covered_token_count"": 0, ""token_recall"": 0.0, ""covered"": false}, {""cq_index"": 14, ""cq_text"": ""Which MQTT Brokers receive/forward which MQTT Control Packets?"", ""cq_token_count"": 6, ""covered_token_count"": 0, ""token_recall"": 0.0, ""covered"": false}, {""cq_index"": 15, ""cq_text"": ""Which MQTT Control Packets were sent by which Client (inverse)?"", ""cq_token_count"": 6, ""covered_token_count"": 0, ""token_recall"": 0.0, ""covered"": false}, {""cq_index"": 16, ""cq_text"": ""Which MQTT Publish packets carry Observations for a specific SOSA FeatureOfInterest or Property?"", ""cq_token_count"": 9, ""covered_token_count"": 0, ""token_recall"": 0.0, ""covered"": false}, {""cq_index"": 17, ""cq_text"": ""Which MQTT SUBSCRIBE packets request QoS=2 and for which filters?"", ""cq_token_count"": 6, ""covered_token_count"": 0, ""token_recall"": 0.0, ""covered"": false}, {""cq_index"": 18, ""cq_text"": ""Which MQTT UNSUBSCRIBE packets remove all filters under a certain path (e.g. 'factory/centering/#')?"", ""cq_token_count"": 10, ""covered_token_count"": 0, ""token_recall"": 0.0, ""covered"": false}, {""cq_index"": 19, ""cq_text"": ""Which MQTT Control Packet has which Fixed Header / Variable Header / Payload?"", ""cq_token_count"": 7, ""covered_token_count"": 0, ""token_recall"": 0.0, ""covered"": false}, {""cq_index"": 20, ""cq_text"": ""Which MQTT PUBLISH packet has which MQTT Topic (name) in the Variable Header?"", ""cq_token_count"": 7, ""covered_token_count"": 0, ""token_recall"": 0.0, ""covered"": false}, {""cq_index"": 21, ""cq_text"": ""Which QoS levels are set (in PUBLISH Fixed Header or SubscriptionEntry)?"", ""cq_token_count"": 7, ""covered_token_count"": 0, ""token_recall"": 0.0, ""covered"": false}, {""cq_index"": 22, ""cq_text"": ""Are RETAIN/DUP flags set in PUBLISH?"", ""cq_token_count"": 5, ""covered_token_count"": 0, ""token_recall"": 0.0, ""covered"": false}, {""cq_index"": 23, ""cq_text"": ""Which MQTT Control Packets have which PacketIdentifier?"", ""cq_token_count"": 4, ""covered_token_count"": 0, ""token_recall"": 0.0, ""covered"": false}, {""cq_index"": 24, ""cq_text"": ""Which MQTT SUBSCRIBE payloads contain which SubscriptionEntries?"", ""cq_token_count"": 5, ""covered_token_count"": 0, ""token_recall"": 0.0, ""covered"": false}, {""cq_index"": 25, ""cq_text"": ""Which MQTT Topic Filters (with QoS) are requested by a SubscriptionEntry?"", ""cq_token_count"": 6, ""covered_token_count"": 0, ""token_recall"": 0.0, ""covered"": false}, {""cq_index"": 26, ""cq_text"": ""Which MQTT UNSUBSCRIBE payloads remove which MQTT TopicFilters?"", ""cq_token_count"": 5, ""covered_token_count"": 0, ""token_recall"": 0.0, ""covered"": false}, {""cq_index"": 27, ""cq_text"": ""Which MQTT PUBLISH payloads encode SOSA Observations (or Observation Collections)?"", ""cq_token_count"": 8, ""covered_token_count"": 0, ""token_recall"": 0.0, ""covered"": false}, {""cq_index"": 28, ""cq_text"": ""Which MQTT PUBLISH payloads encode SOSA Actuations (or Actuation Collections)?"", ""cq_token_count"": 8, ""covered_token_count"": 0, ""token_recall"": 0.0, ""covered"": false}, {""cq_index"": 29, ""cq_text"": ""Which fields are encoded in a MQTT payload?"", ""cq_token_count"": 4, ""covered_token_count"": 0, ""token_recall"": 0.0, ""covered"": false}, {""cq_index"": 30, ""cq_text"": ""What content, content type, encoding and delimiter does a MQTT PUBLISH payload have?"", ""cq_token_count"": 6, ""covered_token_count"": 0, ""token_recall"": 0.0, ""covered"": false}, {""cq_index"": 31, ""cq_text"": ""What is the size of a MQTT payload (as QUDT QuantityValue with unit)?"", ""cq_token_count"": 6, ""covered_token_count"": 0, ""token_recall"": 0.0, ""covered"": false}]",0,60,0.0,0.0,True,0,9,0,11,0.0,0.0,0.0,0.0,0.0,0.0,0.0,0.0,0.0,[],[]
bigscience_bloomz-7b1,scenario-cq-reasoning,2025-151-01,False,Could not parse ontology.ttl in turtle/xml/n3 formats.,0,False,False,False,0,0,0,0,0.0,0.0,0.0,False,False,5,0.0,0.0,"[{""cq_index"": 0, ""cq_text"": ""What is the requested action?"", ""cq_token_count"": 2, ""covered_token_count"": 0, ""token_recall"": 0.0, ""covered"": false}, {""cq_index"": 1, ""cq_text"": ""Who is the party issuing the evaluation request?"", ""cq_token_count"": 4, ""covered_token_count"": 0, ""token_recall"": 0.0, ""covered"": false}, {""cq_index"": 2, ""cq_text"": ""What is the target asset of the evaluation request?"", ""cq_token_count"": 4, ""covered_token_count"": 0, ""token_recall"": 0.0, ""covered"": false}, {""cq_index"": 3, ""cq_text"": ""When was the evaluation request issued?"", ""cq_token_count"": 3, ""covered_token_count"": 0, ""token_recall"": 0.0, ""covered"": false}, {""cq_index"": 4, ""cq_text"": ""What additional contextual information can be included in the evaluation request to further constrain it?"", ""cq_token_count"": 8, ""covered_token_count"": 0, ""token_recall"": 0.0, ""covered"": false}]",0,25,0.0,0.0,True,0,1,0,5,0.0,0.0,0.0,0.0,0.0,0.0,0.0,0.0,0.0,[],[]
bigscience_bloomz-7b1,scenario-cq-reasoning,2025-151-02,False,Could not parse ontology.ttl in turtle/xml/n3 formats.,0,False,False,False,0,0,0,0,0.0,0.0,0.0,False,False,10,0.0,0.0,"[{""cq_index"": 0, ""cq_text"": ""What is the current time?"", ""cq_token_count"": 2, ""covered_token_count"": 0, ""token_recall"": 0.0, ""covered"": false}, {""cq_index"": 1, ""cq_text"": ""What is the location of a party?"", ""cq_token_count"": 2, ""covered_token_count"": 0, ""token_recall"": 0.0, ""covered"": false}, {""cq_index"": 2, ""cq_text"": ""What assets are part of the asset collection of the policy that is being evaluated?"", ""cq_token_count"": 7, ""covered_token_count"": 0, ""token_recall"": 0.0, ""covered"": false}, {""cq_index"": 3, ""cq_text"": ""Which parties are part of the party collection of the policy that is being evaluated?"", ""cq_token_count"": 7, ""covered_token_count"": 0, ""token_recall"": 0.0, ""covered"": false}, {""cq_index"": 4, ""cq_text"": ""What actions were already performed or attempted?"", ""cq_token_count"": 4, ""covered_token_count"": 0, ""token_recall"": 0.0, ""covered"": false}, {""cq_index"": 5, ""cq_text"": ""How many times has a rule been exercised?"", ""cq_token_count"": 4, ""covered_token_count"": 0, ""token_recall"": 0.0, ""covered"": false}, {""cq_index"": 6, ""cq_text"": ""What information is available about an event that has occurred?"", ""cq_token_count"": 4, ""covered_token_count"": 0, ""token_recall"": 0.0, ""covered"": false}, {""cq_index"": 7, ""cq_text"": ""How long has a rule been exercised?"", ""cq_token_count"": 3, ""covered_token_count"": 0, ""token_recall"": 0.0, ""covered"": false}, {""cq_index"": 8, ""cq_text"": ""Which recipients or categories of recipients can receive the result of the rule that has been exercised?"", ""cq_token_count"": 6, ""covered_token_count"": 0, ""token_recall"": 0.0, ""covered"": false}, {""cq_index"": 9, ""cq_text"": ""Has a financial payment been made? What was the amount paid?"", ""cq_token_count"": 5, ""covered_token_count"": 0, ""token_recall"": 0.0, ""covered"": false}]",0,23,0.0,0.0,True,0,1,0,0,0.0,0.0,0.0,0.0,0.0,0.0,0.0,1.0,0.0,[],[]
bigscience_bloomz-7b1,scenario-cq-reasoning,2025-153-01,False,Could not parse ontology.ttl in turtle/xml/n3 formats.,0,False,False,False,0,0,0,0,0.0,0.0,0.0,False,False,8,0.0,0.0,"[{""cq_index"": 0, ""cq_text"": ""Which entity does a persistent identifier currently reference?"", ""cq_token_count"": 5, ""covered_token_count"": 0, ""token_recall"": 0.0, ""covered"": false}, {""cq_index"": 1, ""cq_text"": ""Which entity was referenced at a past timestamp?"", ""cq_token_count"": 4, ""covered_token_count"": 0, ""token_recall"": 0.0, ""covered"": false}, {""cq_index"": 2, ""cq_text"": ""When did referent transitions occur?"", ""cq_token_count"": 3, ""covered_token_count"": 0, ""token_recall"": 0.0, ""covered"": false}, {""cq_index"": 3, ""cq_text"": ""What observations are associated with specific referents?"", ""cq_token_count"": 4, ""covered_token_count"": 0, ""token_recall"": 0.0, ""covered"": false}, {""cq_index"": 4, ""cq_text"": ""What is the full sequence of referents over time?"", ""cq_token_count"": 5, ""covered_token_count"": 0, ""token_recall"": 0.0, ""covered"": false}, {""cq_index"": 5, ""cq_text"": ""Which rules triggered specific transitions?"", ""cq_token_count"": 4, ""covered_token_count"": 0, ""token_recall"": 0.0, ""covered"": false}, {""cq_index"": 6, ""cq_text"": ""Are there gaps or overlaps in temporal bindings?"", ""cq_token_count"": 5, ""covered_token_count"": 0, ""token_recall"": 0.0, ""covered"": false}, {""cq_index"": 7, ""cq_text"": ""Can complete context be rebuilt for any time point?"", ""cq_token_count"": 5, ""covered_token_count"": 0, ""token_recall"": 0.0, ""covered"": false}]",0,119,0.0,0.0,True,0,11,0,22,0.0,0.0,0.0,0.0,0.0,0.0,0.0,0.0,0.0,[],[]
bigscience_bloomz-7b1,scenario-cq-reasoning,2026-155-01,False,Could not parse ontology.ttl in turtle/xml/n3 formats.,0,False,False,False,0,0,0,0,0.0,0.0,0.0,False,False,8,0.0,0.0,"[{""cq_index"": 0, ""cq_text"": ""Which survey or investigation activities were performed on a given cultural property or on a specific feature of interest?"", ""cq_token_count"": 9, ""covered_token_count"": 0, ""token_recall"": 0.0, ""covered"": false}, {""cq_index"": 1, ""cq_text"": ""Which method or investigation technique was adopted in a specific survey or investigation activity?"", ""cq_token_count"": 7, ""covered_token_count"": 0, ""token_recall"": 0.0, ""covered"": false}, {""cq_index"": 2, ""cq_text"": ""Which observations were produced during a given survey or investigation activity?"", ""cq_token_count"": 6, ""covered_token_count"": 0, ""token_recall"": 0.0, ""covered"": false}, {""cq_index"": 3, ""cq_text"": ""Which experts participated in the survey or investigation activity, and with which roles?"", ""cq_token_count"": 6, ""covered_token_count"": 0, ""token_recall"": 0.0, ""covered"": false}, {""cq_index"": 4, ""cq_text"": ""Which hardware, software, and technical configurations were used to conduct a specific survey or investigation activity?"", ""cq_token_count"": 9, ""covered_token_count"": 0, ""token_recall"": 0.0, ""covered"": false}, {""cq_index"": 5, ""cq_text"": ""What interpretations or claims are supported by the observations produced during a survey?"", ""cq_token_count"": 7, ""covered_token_count"": 0, ""token_recall"": 0.0, ""covered"": false}, {""cq_index"": 6, ""cq_text"": ""How are post-processed outputs (e.g., interactive images, spectra, datasets) related to the underlying acquisition or observation activities?"", ""cq_token_count"": 12, ""covered_token_count"": 0, ""token_recall"": 0.0, ""covered"": false}, {""cq_index"": 7, ""cq_text"": ""Which acquisition parameters (e.g., exposure time, ISO, aperture) characterised a specific photographic acquisition cycle within a survey?"", ""cq_token_count"": 12, ""covered_token_count"": 0, ""token_recall"": 0.0, ""covered"": false}]",0,20,0.0,0.0,True,0,22,0,32,0.0,0.0,0.0,0.0,0.0,0.0,0.0,0.0,0.0,[],[]
bigscience_bloomz-7b1,scenario-only,2023-133-01,False,Could not parse ontology.ttl in turtle/xml/n3 formats.,0,False,False,False,0,0,0,0,0.0,0.0,0.0,False,False,4,0.0,0.0,"[{""cq_index"": 0, ""cq_text"": ""What events are responsible for the pavement being slippery?"", ""cq_token_count"": 5, ""covered_token_count"": 0, ""token_recall"": 0.0, ""covered"": false}, {""cq_index"": 1, ""cq_text"": ""What would be the outcome of turning the sprinkler system on(off)?"", ""cq_token_count"": 5, ""covered_token_count"": 0, ""token_recall"": 0.0, ""covered"": false}, {""cq_index"": 2, ""cq_text"": ""How strong is the causal link between the sprinkler being on and the pavement being wet?"", ""cq_token_count"": 8, ""covered_token_count"": 0, ""token_recall"": 0.0, ""covered"": false}, {""cq_index"": 3, ""cq_text"": ""What if the pavement is not wet, how would it effect the pavement being slippery?"", ""cq_token_count"": 5, ""covered_token_count"": 0, ""token_recall"": 0.0, ""covered"": false}]",0,41,0.0,0.0,True,0,5,0,5,0.0,0.0,0.0,0.0,0.0,0.0,0.0,0.0,0.0,[],[]
bigscience_bloomz-7b1,scenario-only,2023-133-02,False,Could not parse ontology.ttl in turtle/xml/n3 formats.,0,False,False,False,0,0,0,0,0.0,0.0,0.0,False,False,6,0.0,0.0,"[{""cq_index"": 0, ""cq_text"": ""Is the medication intake by the patient caused by the presence of outdoor environmental allergen such as pollen or AQI?"", ""cq_token_count"": 11, ""covered_token_count"": 0, ""token_recall"": 0.0, ""covered"": false}, {""cq_index"": 1, ""cq_text"": ""How much does the presence of an asthma symptom effect the intake of medication?"", ""cq_token_count"": 7, ""covered_token_count"": 0, ""token_recall"": 0.0, ""covered"": false}, {""cq_index"": 2, ""cq_text"": ""How does an outdoor environmental allergen affect the patient?"", ""cq_token_count"": 5, ""covered_token_count"": 0, ""token_recall"": 0.0, ""covered"": false}, {""cq_index"": 3, ""cq_text"": ""What is the probable cause of the cough experienced by the patient?"", ""cq_token_count"": 5, ""covered_token_count"": 0, ""token_recall"": 0.0, ""covered"": false}, {""cq_index"": 4, ""cq_text"": ""What if pollen (or AQI) allergen was not present in the outdoor environment, how would it effect the intake of medication?"", ""cq_token_count"": 9, ""covered_token_count"": 0, ""token_recall"": 0.0, ""covered"": false}, {""cq_index"": 5, ""cq_text"": ""What if the patient did not experience a cough, how would it effect the intake of medication?"", ""cq_token_count"": 6, ""covered_token_count"": 0, ""token_recall"": 0.0, ""covered"": false}]",0,60,0.0,0.0,True,0,5,0,5,0.0,0.0,0.0,0.0,0.0,0.0,0.0,0.0,0.0,[],[]
bigscience_bloomz-7b1,scenario-only,2023-134-01,False,Could not parse ontology.ttl in turtle/xml/n3 formats.,0,False,False,False,0,0,0,0,0.0,0.0,0.0,False,False,8,0.0,0.0,"[{""cq_index"": 0, ""cq_text"": ""What is the unique identifier of the policy?"", ""cq_token_count"": 3, ""covered_token_count"": 0, ""token_recall"": 0.0, ""covered"": false}, {""cq_index"": 1, ""cq_text"": ""Who is the creator of the policy?"", ""cq_token_count"": 2, ""covered_token_count"": 0, ""token_recall"": 0.0, ""covered"": false}, {""cq_index"": 2, ""cq_text"": ""When was the policy issued?"", ""cq_token_count"": 2, ""covered_token_count"": 0, ""token_recall"": 0.0, ""covered"": false}, {""cq_index"": 3, ""cq_text"": ""Who is the assignee of the policy?"", ""cq_token_count"": 2, ""covered_token_count"": 0, ""token_recall"": 0.0, ""covered"": false}, {""cq_index"": 4, ""cq_text"": ""What application/service is being used to access the data?"", ""cq_token_count"": 5, ""covered_token_count"": 0, ""token_recall"": 0.0, ""covered"": false}, {""cq_index"": 5, ""cq_text"": ""What access mode is being requested?"", ""cq_token_count"": 4, ""covered_token_count"": 0, ""token_recall"": 0.0, ""covered"": false}, {""cq_index"": 6, ""cq_text"": ""What personal data is being accessed?"", ""cq_token_count"": 4, ""covered_token_count"": 0, ""token_recall"": 0.0, ""covered"": false}, {""cq_index"": 7, ""cq_text"": ""What is the purpose for accessing the data?"", ""cq_token_count"": 3, ""covered_token_count"": 0, ""token_recall"": 0.0, ""covered"": false}]",8,88,0.0,1.0,True,0,0,0,0,0.0,0.0,0.0,0.0,0.0,0.0,1.0,1.0,0.0,[],[]
bigscience_bloomz-7b1,scenario-only,2023-134-02,False,Could not parse ontology.ttl in turtle/xml/n3 formats.,0,False,False,False,0,0,0,0,0.0,0.0,0.0,False,False,6,0.0,0.0,"[{""cq_index"": 0, ""cq_text"": ""What type of action, e.g., create, update, erase, is being performed on the data?"", ""cq_token_count"": 7, ""covered_token_count"": 0, ""token_recall"": 0.0, ""covered"": false}, {""cq_index"": 1, ""cq_text"": ""Who is the entity interacting with the data?"", ""cq_token_count"": 3, ""covered_token_count"": 0, ""token_recall"": 0.0, ""covered"": false}, {""cq_index"": 2, ""cq_text"": ""Who is the entity publishing the log?"", ""cq_token_count"": 3, ""covered_token_count"": 0, ""token_recall"": 0.0, ""covered"": false}, {""cq_index"": 3, ""cq_text"": ""When was the log issued?"", ""cq_token_count"": 2, ""covered_token_count"": 0, ""token_recall"": 0.0, ""covered"": false}, {""cq_index"": 4, ""cq_text"": ""Where is the data being stored?"", ""cq_token_count"": 3, ""covered_token_count"": 0, ""token_recall"": 0.0, ""covered"": false}, {""cq_index"": 5, ""cq_text"": ""What application/service is being used to generate the data, if any?"", ""cq_token_count"": 5, ""covered_token_count"": 0, ""token_recall"": 0.0, ""covered"": false}]",8,88,0.0,1.0,True,0,0,0,0,0.0,0.0,0.0,0.0,0.0,0.0,1.0,1.0,0.0,[],[]
bigscience_bloomz-7b1,scenario-only,2023-134-03,False,Could not parse ontology.ttl in turtle/xml/n3 formats.,0,False,False,False,0,0,0,0,0.0,0.0,0.0,False,False,5,0.0,0.0,"[{""cq_index"": 0, ""cq_text"": ""Who is maintaining the registry?"", ""cq_token_count"": 2, ""covered_token_count"": 0, ""token_recall"": 0.0, ""covered"": false}, {""cq_index"": 1, ""cq_text"": ""When was the registry created/updated?"", ""cq_token_count"": 3, ""covered_token_count"": 0, ""token_recall"": 0.0, ""covered"": false}, {""cq_index"": 2, ""cq_text"": ""What types of data are available?"", ""cq_token_count"": 2, ""covered_token_count"": 0, ""token_recall"": 0.0, ""covered"": false}, {""cq_index"": 3, ""cq_text"": ""Where is a specific type of data being stored?"", ""cq_token_count"": 4, ""covered_token_count"": 0, ""token_recall"": 0.0, ""covered"": false}, {""cq_index"": 4, ""cq_text"": ""What policy is associated with the data?"", ""cq_token_count"": 3, ""covered_token_count"": 0, ""token_recall"": 0.0, ""covered"": false}]",8,88,0.0,1.0,True,0,0,0,0,0.0,0.0,0.0,0.0,0.0,0.0,1.0,1.0,0.0,[],[]
bigscience_bloomz-7b1,scenario-only,2023-135-01,False,Could not parse ontology.ttl in turtle/xml/n3 formats.,0,False,False,False,0,0,0,0,0.0,0.0,0.0,False,False,3,0.0,0.0,"[{""cq_index"": 0, ""cq_text"": ""Under what pseudonym did the author C. S. Lewis published a collection of poems, Spirit in Bondage?"", ""cq_token_count"": 9, ""covered_token_count"": 0, ""token_recall"": 0.0, ""covered"": false}, {""cq_index"": 1, ""cq_text"": ""What alternative did C. S. Lewis used to assume the role of a book writer?"", ""cq_token_count"": 6, ""covered_token_count"": 0, ""token_recall"": 0.0, ""covered"": false}, {""cq_index"": 2, ""cq_text"": ""Show the trajectories of rivers which cross national parks?"", ""cq_token_count"": 5, ""covered_token_count"": 0, ""token_recall"": 0.0, ""covered"": false}]",9,10,0.3,0.6667,True,0,5,0,13,0.0,0.0,0.0,0.0,0.0,0.0,0.0,0.0,0.0,[],[]
bigscience_bloomz-7b1,scenario-only,2024-145-01,False,Could not parse ontology.ttl in turtle/xml/n3 formats.,0,False,False,False,0,0,0,0,0.0,0.0,0.0,True,False,7,0.0,0.0,"[{""cq_index"": 0, ""cq_text"": ""List all district courts in a given state."", ""cq_token_count"": 3, ""covered_token_count"": 0, ""token_recall"": 0.0, ""covered"": false}, {""cq_index"": 1, ""cq_text"": ""In which state is a given district court instance located?"", ""cq_token_count"": 5, ""covered_token_count"": 0, ""token_recall"": 0.0, ""covered"": false}, {""cq_index"": 2, ""cq_text"": ""How many districts are in a given state of India?"", ""cq_token_count"": 4, ""covered_token_count"": 0, ""token_recall"": 0.0, ""covered"": false}, {""cq_index"": 3, ""cq_text"": ""Which court has authority over a given court?"", ""cq_token_count"": 3, ""covered_token_count"": 0, ""token_recall"": 0.0, ""covered"": false}, {""cq_index"": 4, ""cq_text"": ""What is the check transaction type for a bad check?"", ""cq_token_count"": 3, ""covered_token_count"": 0, ""token_recall"": 0.0, ""covered"": false}, {""cq_index"": 5, ""cq_text"": ""When is a check payment of a bad check?"", ""cq_token_count"": 3, ""covered_token_count"": 0, ""token_recall"": 0.0, ""covered"": false}, {""cq_index"": 6, ""cq_text"": ""What is the transaction status of a given check payment?"", ""cq_token_count"": 4, ""covered_token_count"": 0, ""token_recall"": 0.0, ""covered"": false}]",6,17,0.0,1.0,False,0,0,0,0,0.0,0.0,0.0,0.0,0.0,0.0,0.0,0.0,0.0,[],[]
bigscience_bloomz-7b1,scenario-only,2025-147-01,False,Could not parse ontology.ttl in turtle/xml/n3 formats.,0,False,False,False,0,0,0,0,0.0,0.0,0.0,False,False,48,0.0,0.0,"[{""cq_index"": 0, ""cq_text"": ""How are ships clearly identified?"", ""cq_token_count"": 3, ""covered_token_count"": 0, ""token_recall"": 0.0, ""covered"": false}, {""cq_index"": 1, ""cq_text"": ""How are a ship's dimensions described?"", ""cq_token_count"": 3, ""covered_token_count"": 0, ""token_recall"": 0.0, ""covered"": false}, {""cq_index"": 2, ""cq_text"": ""What information can be provided about the typical location of a ship?"", ""cq_token_count"": 5, ""covered_token_count"": 0, ""token_recall"": 0.0, ""covered"": false}, {""cq_index"": 3, ""cq_text"": ""Who can be the owner of a ship?"", ""cq_token_count"": 2, ""covered_token_count"": 0, ""token_recall"": 0.0, ""covered"": false}, {""cq_index"": 4, ""cq_text"": ""How is a ship's average speed over ground specified?"", ""cq_token_count"": 6, ""covered_token_count"": 0, ""token_recall"": 0.0, ""covered"": false}, {""cq_index"": 5, ""cq_text"": ""How many container ships are registered under the German flag?"", ""cq_token_count"": 7, ""covered_token_count"": 0, ""token_recall"": 0.0, ""covered"": false}, {""cq_index"": 6, ""cq_text"": ""How is the GPS antenna placed relatively to the ship's structure (bow, stern, port, starboard)?"", ""cq_token_count"": 10, ""covered_token_count"": 0, ""token_recall"": 0.0, ""covered"": false}, {""cq_index"": 7, ""cq_text"": ""Which organization owns the most ships?"", ""cq_token_count"": 4, ""covered_token_count"": 0, ""token_recall"": 0.0, ""covered"": false}, {""cq_index"": 8, ""cq_text"": ""What information can be provided about a ship route?"", ""cq_token_count"": 4, ""covered_token_count"": 0, ""token_recall"": 0.0, ""covered"": false}, {""cq_index"": 9, ""cq_text"": ""What information is known about a single trajectory part?"", ""cq_token_count"": 5, ""covered_token_count"": 0, ""token_recall"": 0.0, ""covered"": false}, {""cq_index"": 10, ""cq_text"": ""What types of trajectories are distinguished?"", ""cq_token_count"": 2, ""covered_token_count"": 0, ""token_recall"": 0.0, ""covered"": false}, {""cq_index"": 11, ""cq_text"": ""What unit does the draught of a ship have?"", ""cq_token_count"": 3, ""covered_token_count"": 0, ""token_recall"": 0.0, ""covered"": false}, {""cq_index"": 12, ""cq_text"": ""What was the average speed over ground of the ship on route on day X?"", ""cq_token_count"": 7, ""covered_token_count"": 0, ""token_recall"": 0.0, ""covered"": false}, {""cq_index"": 13, ""cq_text"": ""What route is predicted for ship X?"", ""cq_token_count"": 3, ""covered_token_count"": 0, ""token_recall"": 0.0, ""covered"": false}, {""cq_index"": 14, ""cq_text"": ""What types of engines are used in ships?"", ""cq_token_count"": 2, ""covered_token_count"": 0, ""token_recall"": 0.0, ""covered"": false}, {""cq_index"": 15, ""cq_text"": ""What combinations of engines can exist?"", ""cq_token_count"": 3, ""covered_token_count"": 0, ""token_recall"": 0.0, ""covered"": false}, {""cq_index"": 16, ""cq_text"": ""What powers these ship engines?"", ""cq_token_count"": 4, ""covered_token_count"": 0, ""token_recall"": 0.0, ""covered"": false}, {""cq_index"": 17, ""cq_text"": ""What is driven by ship engines?"", ""cq_token_count"": 3, ""covered_token_count"": 0, ""token_recall"": 0.0, ""covered"": false}, {""cq_index"": 18, ""cq_text"": ""What types of propulsion systems can ships have?"", ""cq_token_count"": 3, ""covered_token_count"": 0, ""token_recall"": 0.0, ""covered"": false}, {""cq_index"": 19, ""cq_text"": ""What propulsion systems don't rely on an engine?"", ""cq_token_count"": 5, ""covered_token_count"": 0, ""token_recall"": 0.0, ""covered"": false}, {""cq_index"": 20, ""cq_text"": ""Which propulsion technologies are used by each individual propulsion system?"", ""cq_token_count"": 4, ""covered_token_count"": 0, ""token_recall"": 0.0, ""covered"": false}, {""cq_index"": 21, ""cq_text"": ""What falls under the category of propulsion technologies powered by engines?"", ""cq_token_count"": 7, ""covered_token_count"": 0, ""token_recall"": 0.0, ""covered"": false}, {""cq_index"": 22, ""cq_text"": ""What types of jet propulsors exist?"", ""cq_token_count"": 3, ""covered_token_count"": 0, ""token_recall"": 0.0, ""covered"": false}, {""cq_index"": 23, ""cq_text"": ""What types of bladed propulsors exist?"", ""cq_token_count"": 3, ""covered_token_count"": 0, ""token_recall"": 0.0, ""covered"": false}, {""cq_index"": 24, ""cq_text"": ""What types of blade propulsors follow a special design?"", ""cq_token_count"": 5, ""covered_token_count"": 0, ""token_recall"": 0.0, ""covered"": false}, {""cq_index"": 25, ""cq_text"": ""What properties describe a bladed propulsor?"", ""cq_token_count"": 4, ""covered_token_count"": 0, ""token_recall"": 0.0, ""covered"": false}, {""cq_index"": 26, ""cq_text"": ""What types of screw propellers can be used?"", ""cq_token_count"": 2, ""covered_token_count"": 0, ""token_recall"": 0.0, ""covered"": false}, {""cq_index"": 27, ""cq_text"": ""What is used to prevent cavitation on technologies for motorized propulsion?"", ""cq_token_count"": 5, ""covered_token_count"": 0, ""token_recall"": 0.0, ""covered"": false}, {""cq_index"": 28, ""cq_text"": ""What type of sails exist?"", ""cq_token_count"": 2, ""covered_token_count"": 0, ""token_recall"": 0.0, ""covered"": false}, {""cq_index"": 29, ""cq_text"": ""Which type of propulsion technologies can assist a motorized ship?"", ""cq_token_count"": 5, ""covered_token_count"": 0, ""token_recall"": 0.0, ""covered"": false}, {""cq_index"": 30, ""cq_text"": ""What fuel does ship X use to drive?"", ""cq_token_count"": 3, ""covered_token_count"": 0, ""token_recall"": 0.0, ""covered"": false}, {""cq_index"": 31, ""cq_text"": ""How many engines power ship X?"", ""cq_token_count"": 4, ""covered_token_count"": 0, ""token_recall"": 0.0, ""covered"": false}, {""cq_index"": 32, ""cq_text"": ""What types of propellers are installed on ship X?"", ""cq_token_count"": 3, ""covered_token_count"": 0, ""token_recall"": 0.0, ""covered"": false}, {""cq_index"": 33, ""cq_text"": ""What is the most common type of propeller?"", ""cq_token_count"": 3, ""covered_token_count"": 0, ""token_recall"": 0.0, ""covered"": false}, {""cq_index"": 34, ""cq_text"": ""How many ships have sails?"", ""cq_token_count"": 3, ""covered_token_count"": 0, ""token_recall"": 0.0, ""covered"": false}, {""cq_index"": 35, ""cq_text"": ""Which ships use electric engines exclusively?"", ""cq_token_count"": 4, ""covered_token_count"": 0, ""token_recall"": 0.0, ""covered"": false}, {""cq_index"": 36, ""cq_text"": ""What motorized propulsion does a ship use that is assisted by wind propulsion?"", ""cq_token_count"": 5, ""covered_token_count"": 0, ""token_recall"": 0.0, ""covered"": false}, {""cq_index"": 37, ""cq_text"": ""How many supercavitating propellers does ship X use?"", ""cq_token_count"": 4, ""covered_token_count"": 0, ""token_recall"": 0.0, ""covered"": false}, {""cq_index"": 38, ""cq_text"": ""What diameter and how many blades does the fixed pitch propeller Y of ship X have?"", ""cq_token_count"": 7, ""covered_token_count"": 0, ""token_recall"": 0.0, ""covered"": false}, {""cq_index"": 39, ""cq_text"": ""What is the least utilized wind assisted propulsion system?"", ""cq_token_count"": 6, ""covered_token_count"": 0, ""token_recall"": 0.0, ""covered"": false}, {""cq_index"": 40, ""cq_text"": ""What different kinds of data can be used to represent a ship?"", ""cq_token_count"": 5, ""covered_token_count"": 0, ""token_recall"": 0.0, ""covered"": false}, {""cq_index"": 41, ""cq_text"": ""How is sonar data of ships stored?"", ""cq_token_count"": 4, ""covered_token_count"": 0, ""token_recall"": 0.0, ""covered"": false}, {""cq_index"": 42, ""cq_text"": ""What image resources are available for a ship?"", ""cq_token_count"": 4, ""covered_token_count"": 0, ""token_recall"": 0.0, ""covered"": false}, {""cq_index"": 43, ""cq_text"": ""What textual information about a ship is available?"", ""cq_token_count"": 4, ""covered_token_count"": 0, ""token_recall"": 0.0, ""covered"": false}, {""cq_index"": 44, ""cq_text"": ""What does ship X look like?"", ""cq_token_count"": 3, ""covered_token_count"": 0, ""token_recall"": 0.0, ""covered"": false}, {""cq_index"": 45, ""cq_text"": ""How does ship X sound like on a sonar?"", ""cq_token_count"": 4, ""covered_token_count"": 0, ""token_recall"": 0.0, ""covered"": false}, {""cq_index"": 46, ""cq_text"": ""What is the textual description of ship X?"", ""cq_token_count"": 3, ""covered_token_count"": 0, ""token_recall"": 0.0, ""covered"": false}, {""cq_index"": 47, ""cq_text"": ""Are there ships without sonar signatures?"", ""cq_token_count"": 5, ""covered_token_count"": 0, ""token_recall"": 0.0, ""covered"": false}]",0,109,0.0,0.0,True,0,1,0,8,0.0,0.0,0.0,0.0,0.0,0.0,0.0,0.0,0.0,[],[]
bigscience_bloomz-7b1,scenario-only,2025-149-01,False,Could not parse ontology.ttl in turtle/xml/n3 formats.,0,False,False,False,0,0,0,0,0.0,0.0,0.0,False,False,25,0.0,0.0,"[{""cq_index"": 0, ""cq_text"": ""Can the ontology represent a relational database as a first-class schema entity?"", ""cq_token_count"": 8, ""covered_token_count"": 0, ""token_recall"": 0.0, ""covered"": false}, {""cq_index"": 1, ""cq_text"": ""Can the ontology represent tables belonging to a database?"", ""cq_token_count"": 5, ""covered_token_count"": 0, ""token_recall"": 0.0, ""covered"": false}, {""cq_index"": 2, ""cq_text"": ""Can the ontology represent columns belonging to a table?"", ""cq_token_count"": 5, ""covered_token_count"": 0, ""token_recall"": 0.0, ""covered"": false}, {""cq_index"": 3, ""cq_text"": ""Can the ontology represent primary-key relationships in the schema?"", ""cq_token_count"": 6, ""covered_token_count"": 0, ""token_recall"": 0.0, ""covered"": false}, {""cq_index"": 4, ""cq_text"": ""Can the ontology represent foreign-key relationships and distinguish same-named columns across different tables when they are not semantically linked?"", ""cq_token_count"": 15, ""covered_token_count"": 0, ""token_recall"": 0.0, ""covered"": false}, {""cq_index"": 5, ""cq_text"": ""Can the ontology define a policy for a specific agent?"", ""cq_token_count"": 5, ""covered_token_count"": 0, ""token_recall"": 0.0, ""covered"": false}, {""cq_index"": 6, ""cq_text"": ""Can a policy specify a high-level ReadAction?"", ""cq_token_count"": 5, ""covered_token_count"": 0, ""token_recall"": 0.0, ""covered"": false}, {""cq_index"": 7, ""cq_text"": ""Can a policy specify a high-level ModifyAction?"", ""cq_token_count"": 5, ""covered_token_count"": 0, ""token_recall"": 0.0, ""covered"": false}, {""cq_index"": 8, ""cq_text"": ""Can a policy specify a ViewActionScope for read operations?"", ""cq_token_count"": 5, ""covered_token_count"": 0, ""token_recall"": 0.0, ""covered"": false}, {""cq_index"": 9, ""cq_text"": ""Can a policy specify a ProcessActionScope for read operations?"", ""cq_token_count"": 5, ""covered_token_count"": 0, ""token_recall"": 0.0, ""covered"": false}, {""cq_index"": 10, ""cq_text"": ""Can a policy be defined at table level?"", ""cq_token_count"": 4, ""covered_token_count"": 0, ""token_recall"": 0.0, ""covered"": false}, {""cq_index"": 11, ""cq_text"": ""Can a policy be defined at column level?"", ""cq_token_count"": 4, ""covered_token_count"": 0, ""token_recall"": 0.0, ""covered"": false}, {""cq_index"": 12, ""cq_text"": ""Can a policy be defined at row level using conditions?"", ""cq_token_count"": 5, ""covered_token_count"": 0, ""token_recall"": 0.0, ""covered"": false}, {""cq_index"": 13, ""cq_text"": ""Can the ontology express a prohibited modify action on a table?"", ""cq_token_count"": 6, ""covered_token_count"": 0, ""token_recall"": 0.0, ""covered"": false}, {""cq_index"": 14, ""cq_text"": ""Can the ontology express a table-level read prohibition for processing?"", ""cq_token_count"": 7, ""covered_token_count"": 0, ""token_recall"": 0.0, ""covered"": false}, {""cq_index"": 15, ""cq_text"": ""Can the ontology express a table-level read prohibition for viewing?"", ""cq_token_count"": 7, ""covered_token_count"": 0, ""token_recall"": 0.0, ""covered"": false}, {""cq_index"": 16, ""cq_text"": ""Can the ontology express a conditional row-level read restriction for later enforcement?"", ""cq_token_count"": 9, ""covered_token_count"": 0, ""token_recall"": 0.0, ""covered"": false}, {""cq_index"": 17, ""cq_text"": ""Can the ontology represent a SQL query as an AST-based semantic graph?"", ""cq_token_count"": 8, ""covered_token_count"": 0, ""token_recall"": 0.0, ""covered"": false}, {""cq_index"": 18, ""cq_text"": ""Can a SQL statement such as SelectStatement or UpdateStatement be mapped to its semantic action type?"", ""cq_token_count"": 8, ""covered_token_count"": 0, ""token_recall"": 0.0, ""covered"": false}, {""cq_index"": 19, ""cq_text"": ""Can a query statement be linked to the executing agent?"", ""cq_token_count"": 5, ""covered_token_count"": 0, ""token_recall"": 0.0, ""covered"": false}, {""cq_index"": 20, ""cq_text"": ""Can SQL clauses be assigned operational scopes such as view or process?"", ""cq_token_count"": 8, ""covered_token_count"": 0, ""token_recall"": 0.0, ""covered"": false}, {""cq_index"": 21, ""cq_text"": ""Can scope be propagated to reference nodes as an effectiveActionScope?"", ""cq_token_count"": 5, ""covered_token_count"": 0, ""token_recall"": 0.0, ""covered"": false}, {""cq_index"": 22, ""cq_text"": ""Can a TableRef in the query be linked to its corresponding schema Table?"", ""cq_token_count"": 6, ""covered_token_count"": 0, ""token_recall"": 0.0, ""covered"": false}, {""cq_index"": 23, ""cq_text"": ""Can a ColumnRef in the query be linked to its corresponding schema Column?"", ""cq_token_count"": 6, ""covered_token_count"": 0, ""token_recall"": 0.0, ""covered"": false}, {""cq_index"": 24, ""cq_text"": ""Can the reasoner infer whether a referenced table or column is Violated or RowTag based on the matching policy, action, and scope?"", ""cq_token_count"": 13, ""covered_token_count"": 0, ""token_recall"": 0.0, ""covered"": false}]",0,10,0.0,0.0,True,0,48,0,41,0.0,0.0,0.0,0.0,0.0,0.0,0.0,0.0,0.0,[],[]
bigscience_bloomz-7b1,scenario-only,2025-150-01,False,Could not parse ontology.ttl in turtle/xml/n3 formats.,0,False,False,False,0,0,0,0,0.0,0.0,0.0,False,False,32,0.0,0.0,"[{""cq_index"": 0, ""cq_text"": ""Which MQTT Clients are connected to which Broker?"", ""cq_token_count"": 4, ""covered_token_count"": 0, ""token_recall"": 0.0, ""covered"": false}, {""cq_index"": 1, ""cq_text"": ""Which MQTT NetworkConnections exist, are they TLS-secured, and who initiated/accepted them?"", ""cq_token_count"": 9, ""covered_token_count"": 0, ""token_recall"": 0.0, ""covered"": false}, {""cq_index"": 2, ""cq_text"": ""Which MQTT participants (Clients/Brokers) use which MQTT NetworkConnections?"", ""cq_token_count"": 5, ""covered_token_count"": 0, ""token_recall"": 0.0, ""covered"": false}, {""cq_index"": 3, ""cq_text"": ""Which MQTT Clients with which ClientIDs run on which SOSA platforms?"", ""cq_token_count"": 6, ""covered_token_count"": 0, ""token_recall"": 0.0, ""covered"": false}, {""cq_index"": 4, ""cq_text"": ""Which MQTT Clients are hosting which SOSA systems (sensors/actuators)?"", ""cq_token_count"": 7, ""covered_token_count"": 0, ""token_recall"": 0.0, ""covered"": false}, {""cq_index"": 5, ""cq_text"": ""What host/port is a MQTT Broker configured with?"", ""cq_token_count"": 5, ""covered_token_count"": 0, ""token_recall"": 0.0, ""covered"": false}, {""cq_index"": 6, ""cq_text"": ""Which SOSA sensors publish to which MQTT Topics (observations)?"", ""cq_token_count"": 6, ""covered_token_count"": 0, ""token_recall"": 0.0, ""covered"": false}, {""cq_index"": 7, ""cq_text"": ""Which SOSA actuators listen to which MQTT Topics (commands)?"", ""cq_token_count"": 6, ""covered_token_count"": 0, ""token_recall"": 0.0, ""covered"": false}, {""cq_index"": 8, ""cq_text"": ""Which SOSA FeaturesOfInterest, Properties etc. appear as MQTT TopicSubjects and on which MQTT Topics?"", ""cq_token_count"": 8, ""covered_token_count"": 0, ""token_recall"": 0.0, ""covered"": false}, {""cq_index"": 9, ""cq_text"": ""Which MQTT Topic Filters match a given MQTT Topic?"", ""cq_token_count"": 4, ""covered_token_count"": 0, ""token_recall"": 0.0, ""covered"": false}, {""cq_index"": 10, ""cq_text"": ""Which MQTT Topics are matched by a given MQTT Topic Filter?"", ""cq_token_count"": 5, ""covered_token_count"": 0, ""token_recall"": 0.0, ""covered"": false}, {""cq_index"": 11, ""cq_text"": ""Which MQTT filter patterns (with wildcards) are stored?"", ""cq_token_count"": 5, ""covered_token_count"": 0, ""token_recall"": 0.0, ""covered"": false}, {""cq_index"": 12, ""cq_text"": ""Which MQTT Clients send which MQTT Control Packets?"", ""cq_token_count"": 5, ""covered_token_count"": 0, ""token_recall"": 0.0, ""covered"": false}, {""cq_index"": 13, ""cq_text"": ""Which MQTT PUBLISH/SUBSCRIBE/UNSUBSCRIBE packets were sent (specializations)?"", ""cq_token_count"": 7, ""covered_token_count"": 0, ""token_recall"": 0.0, ""covered"": false}, {""cq_index"": 14, ""cq_text"": ""Which MQTT Brokers receive/forward which MQTT Control Packets?"", ""cq_token_count"": 6, ""covered_token_count"": 0, ""token_recall"": 0.0, ""covered"": false}, {""cq_index"": 15, ""cq_text"": ""Which MQTT Control Packets were sent by which Client (inverse)?"", ""cq_token_count"": 6, ""covered_token_count"": 0, ""token_recall"": 0.0, ""covered"": false}, {""cq_index"": 16, ""cq_text"": ""Which MQTT Publish packets carry Observations for a specific SOSA FeatureOfInterest or Property?"", ""cq_token_count"": 9, ""covered_token_count"": 0, ""token_recall"": 0.0, ""covered"": false}, {""cq_index"": 17, ""cq_text"": ""Which MQTT SUBSCRIBE packets request QoS=2 and for which filters?"", ""cq_token_count"": 6, ""covered_token_count"": 0, ""token_recall"": 0.0, ""covered"": false}, {""cq_index"": 18, ""cq_text"": ""Which MQTT UNSUBSCRIBE packets remove all filters under a certain path (e.g. 'factory/centering/#')?"", ""cq_token_count"": 10, ""covered_token_count"": 0, ""token_recall"": 0.0, ""covered"": false}, {""cq_index"": 19, ""cq_text"": ""Which MQTT Control Packet has which Fixed Header / Variable Header / Payload?"", ""cq_token_count"": 7, ""covered_token_count"": 0, ""token_recall"": 0.0, ""covered"": false}, {""cq_index"": 20, ""cq_text"": ""Which MQTT PUBLISH packet has which MQTT Topic (name) in the Variable Header?"", ""cq_token_count"": 7, ""covered_token_count"": 0, ""token_recall"": 0.0, ""covered"": false}, {""cq_index"": 21, ""cq_text"": ""Which QoS levels are set (in PUBLISH Fixed Header or SubscriptionEntry)?"", ""cq_token_count"": 7, ""covered_token_count"": 0, ""token_recall"": 0.0, ""covered"": false}, {""cq_index"": 22, ""cq_text"": ""Are RETAIN/DUP flags set in PUBLISH?"", ""cq_token_count"": 5, ""covered_token_count"": 0, ""token_recall"": 0.0, ""covered"": false}, {""cq_index"": 23, ""cq_text"": ""Which MQTT Control Packets have which PacketIdentifier?"", ""cq_token_count"": 4, ""covered_token_count"": 0, ""token_recall"": 0.0, ""covered"": false}, {""cq_index"": 24, ""cq_text"": ""Which MQTT SUBSCRIBE payloads contain which SubscriptionEntries?"", ""cq_token_count"": 5, ""covered_token_count"": 0, ""token_recall"": 0.0, ""covered"": false}, {""cq_index"": 25, ""cq_text"": ""Which MQTT Topic Filters (with QoS) are requested by a SubscriptionEntry?"", ""cq_token_count"": 6, ""covered_token_count"": 0, ""token_recall"": 0.0, ""covered"": false}, {""cq_index"": 26, ""cq_text"": ""Which MQTT UNSUBSCRIBE payloads remove which MQTT TopicFilters?"", ""cq_token_count"": 5, ""covered_token_count"": 0, ""token_recall"": 0.0, ""covered"": false}, {""cq_index"": 27, ""cq_text"": ""Which MQTT PUBLISH payloads encode SOSA Observations (or Observation Collections)?"", ""cq_token_count"": 8, ""covered_token_count"": 0, ""token_recall"": 0.0, ""covered"": false}, {""cq_index"": 28, ""cq_text"": ""Which MQTT PUBLISH payloads encode SOSA Actuations (or Actuation Collections)?"", ""cq_token_count"": 8, ""covered_token_count"": 0, ""token_recall"": 0.0, ""covered"": false}, {""cq_index"": 29, ""cq_text"": ""Which fields are encoded in a MQTT payload?"", ""cq_token_count"": 4, ""covered_token_count"": 0, ""token_recall"": 0.0, ""covered"": false}, {""cq_index"": 30, ""cq_text"": ""What content, content type, encoding and delimiter does a MQTT PUBLISH payload have?"", ""cq_token_count"": 6, ""covered_token_count"": 0, ""token_recall"": 0.0, ""covered"": false}, {""cq_index"": 31, ""cq_text"": ""What is the size of a MQTT payload (as QUDT QuantityValue with unit)?"", ""cq_token_count"": 6, ""covered_token_count"": 0, ""token_recall"": 0.0, ""covered"": false}]",0,60,0.0,0.0,True,0,9,0,11,0.0,0.0,0.0,0.0,0.0,0.0,0.0,0.0,0.0,[],[]
bigscience_bloomz-7b1,scenario-only,2025-151-01,False,Could not parse ontology.ttl in turtle/xml/n3 formats.,0,False,False,False,0,0,0,0,0.0,0.0,0.0,False,False,5,0.0,0.0,"[{""cq_index"": 0, ""cq_text"": ""What is the requested action?"", ""cq_token_count"": 2, ""covered_token_count"": 0, ""token_recall"": 0.0, ""covered"": false}, {""cq_index"": 1, ""cq_text"": ""Who is the party issuing the evaluation request?"", ""cq_token_count"": 4, ""covered_token_count"": 0, ""token_recall"": 0.0, ""covered"": false}, {""cq_index"": 2, ""cq_text"": ""What is the target asset of the evaluation request?"", ""cq_token_count"": 4, ""covered_token_count"": 0, ""token_recall"": 0.0, ""covered"": false}, {""cq_index"": 3, ""cq_text"": ""When was the evaluation request issued?"", ""cq_token_count"": 3, ""covered_token_count"": 0, ""token_recall"": 0.0, ""covered"": false}, {""cq_index"": 4, ""cq_text"": ""What additional contextual information can be included in the evaluation request to further constrain it?"", ""cq_token_count"": 8, ""covered_token_count"": 0, ""token_recall"": 0.0, ""covered"": false}]",0,25,0.0,0.0,True,0,1,0,5,0.0,0.0,0.0,0.0,0.0,0.0,0.0,0.0,0.0,[],[]
bigscience_bloomz-7b1,scenario-only,2025-151-02,False,Could not parse ontology.ttl in turtle/xml/n3 formats.,0,False,False,False,0,0,0,0,0.0,0.0,0.0,False,False,10,0.0,0.0286,"[{""cq_index"": 0, ""cq_text"": ""What is the current time?"", ""cq_token_count"": 2, ""covered_token_count"": 0, ""token_recall"": 0.0, ""covered"": false}, {""cq_index"": 1, ""cq_text"": ""What is the location of a party?"", ""cq_token_count"": 2, ""covered_token_count"": 0, ""token_recall"": 0.0, ""covered"": false}, {""cq_index"": 2, ""cq_text"": ""What assets are part of the asset collection of the policy that is being evaluated?"", ""cq_token_count"": 7, ""covered_token_count"": 1, ""token_recall"": 0.1429, ""covered"": false}, {""cq_index"": 3, ""cq_text"": ""Which parties are part of the party collection of the policy that is being evaluated?"", ""cq_token_count"": 7, ""covered_token_count"": 1, ""token_recall"": 0.1429, ""covered"": false}, {""cq_index"": 4, ""cq_text"": ""What actions were already performed or attempted?"", ""cq_token_count"": 4, ""covered_token_count"": 0, ""token_recall"": 0.0, ""covered"": false}, {""cq_index"": 5, ""cq_text"": ""How many times has a rule been exercised?"", ""cq_token_count"": 4, ""covered_token_count"": 0, ""token_recall"": 0.0, ""covered"": false}, {""cq_index"": 6, ""cq_text"": ""What information is available about an event that has occurred?"", ""cq_token_count"": 4, ""covered_token_count"": 0, ""token_recall"": 0.0, ""covered"": false}, {""cq_index"": 7, ""cq_text"": ""How long has a rule been exercised?"", ""cq_token_count"": 3, ""covered_token_count"": 0, ""token_recall"": 0.0, ""covered"": false}, {""cq_index"": 8, ""cq_text"": ""Which recipients or categories of recipients can receive the result of the rule that has been exercised?"", ""cq_token_count"": 6, ""covered_token_count"": 0, ""token_recall"": 0.0, ""covered"": false}, {""cq_index"": 9, ""cq_text"": ""Has a financial payment been made? What was the amount paid?"", ""cq_token_count"": 5, ""covered_token_count"": 0, ""token_recall"": 0.0, ""covered"": false}]",9,23,0.1304,0.5556,True,0,1,0,0,0.0,0.0,0.0,0.0,0.0,0.0,0.0,1.0,0.0,[],[]
bigscience_bloomz-7b1,scenario-only,2025-153-01,False,Could not parse ontology.ttl in turtle/xml/n3 formats.,0,False,False,False,0,0,0,0,0.0,0.0,0.0,False,False,8,0.0,0.0,"[{""cq_index"": 0, ""cq_text"": ""Which entity does a persistent identifier currently reference?"", ""cq_token_count"": 5, ""covered_token_count"": 0, ""token_recall"": 0.0, ""covered"": false}, {""cq_index"": 1, ""cq_text"": ""Which entity was referenced at a past timestamp?"", ""cq_token_count"": 4, ""covered_token_count"": 0, ""token_recall"": 0.0, ""covered"": false}, {""cq_index"": 2, ""cq_text"": ""When did referent transitions occur?"", ""cq_token_count"": 3, ""covered_token_count"": 0, ""token_recall"": 0.0, ""covered"": false}, {""cq_index"": 3, ""cq_text"": ""What observations are associated with specific referents?"", ""cq_token_count"": 4, ""covered_token_count"": 0, ""token_recall"": 0.0, ""covered"": false}, {""cq_index"": 4, ""cq_text"": ""What is the full sequence of referents over time?"", ""cq_token_count"": 5, ""covered_token_count"": 0, ""token_recall"": 0.0, ""covered"": false}, {""cq_index"": 5, ""cq_text"": ""Which rules triggered specific transitions?"", ""cq_token_count"": 4, ""covered_token_count"": 0, ""token_recall"": 0.0, ""covered"": false}, {""cq_index"": 6, ""cq_text"": ""Are there gaps or overlaps in temporal bindings?"", ""cq_token_count"": 5, ""covered_token_count"": 0, ""token_recall"": 0.0, ""covered"": false}, {""cq_index"": 7, ""cq_text"": ""Can complete context be rebuilt for any time point?"", ""cq_token_count"": 5, ""covered_token_count"": 0, ""token_recall"": 0.0, ""covered"": false}]",0,119,0.0,0.0,True,0,11,0,22,0.0,0.0,0.0,0.0,0.0,0.0,0.0,0.0,0.0,[],[]
bigscience_bloomz-7b1,scenario-only,2026-155-01,False,Could not parse ontology.ttl in turtle/xml/n3 formats.,0,False,False,False,0,0,0,0,0.0,0.0,0.0,False,False,8,0.0,0.0104,"[{""cq_index"": 0, ""cq_text"": ""Which survey or investigation activities were performed on a given cultural property or on a specific feature of interest?"", ""cq_token_count"": 9, ""covered_token_count"": 0, ""token_recall"": 0.0, ""covered"": false}, {""cq_index"": 1, ""cq_text"": ""Which method or investigation technique was adopted in a specific survey or investigation activity?"", ""cq_token_count"": 7, ""covered_token_count"": 0, ""token_recall"": 0.0, ""covered"": false}, {""cq_index"": 2, ""cq_text"": ""Which observations were produced during a given survey or investigation activity?"", ""cq_token_count"": 6, ""covered_token_count"": 0, ""token_recall"": 0.0, ""covered"": false}, {""cq_index"": 3, ""cq_text"": ""Which experts participated in the survey or investigation activity, and with which roles?"", ""cq_token_count"": 6, ""covered_token_count"": 0, ""token_recall"": 0.0, ""covered"": false}, {""cq_index"": 4, ""cq_text"": ""Which hardware, software, and technical configurations were used to conduct a specific survey or investigation activity?"", ""cq_token_count"": 9, ""covered_token_count"": 0, ""token_recall"": 0.0, ""covered"": false}, {""cq_index"": 5, ""cq_text"": ""What interpretations or claims are supported by the observations produced during a survey?"", ""cq_token_count"": 7, ""covered_token_count"": 0, ""token_recall"": 0.0, ""covered"": false}, {""cq_index"": 6, ""cq_text"": ""How are post-processed outputs (e.g., interactive images, spectra, datasets) related to the underlying acquisition or observation activities?"", ""cq_token_count"": 12, ""covered_token_count"": 1, ""token_recall"": 0.0833, ""covered"": false}, {""cq_index"": 7, ""cq_text"": ""Which acquisition parameters (e.g., exposure time, ISO, aperture) characterised a specific photographic acquisition cycle within a survey?"", ""cq_token_count"": 12, ""covered_token_count"": 0, ""token_recall"": 0.0, ""covered"": false}]",7,20,0.0,0.8571,True,0,22,0,32,0.0,0.0,0.0,0.0,0.0,0.0,0.0,0.0,0.0,[],[]
gpt-5.4,cq-only,2023-133-01,True,,63,True,True,True,5,7,2,0,1.0,1.0,1.0,True,True,4,1.0,0.8375,"[{""cq_index"": 0, ""cq_text"": ""What events are responsible for the pavement being slippery?"", ""cq_token_count"": 5, ""covered_token_count"": 5, ""token_recall"": 1.0, ""covered"": true}, {""cq_index"": 1, ""cq_text"": ""What would be the outcome of turning the sprinkler system on(off)?"", ""cq_token_count"": 5, ""covered_token_count"": 3, ""token_recall"": 0.6, ""covered"": true}, {""cq_index"": 2, ""cq_text"": ""How strong is the causal link between the sprinkler being on and the pavement being wet?"", ""cq_token_count"": 8, ""covered_token_count"": 6, ""token_recall"": 0.75, ""covered"": true}, {""cq_index"": 3, ""cq_text"": ""What if the pavement is not wet, how would it effect the pavement being slippery?"", ""cq_token_count"": 5, ""covered_token_count"": 5, ""token_recall"": 1.0, ""covered"": true}]",67,41,0.2927,0.7612,True,5,5,9,5,0.2,0.2,0.2,0.2222,0.4,0.2857,0.0909,0.1875,0.2429,"[""event""]","[""has effect"", ""has outcome""]"
gpt-5.4,cq-only,2023-133-02,True,,63,True,True,True,11,5,0,0,1.0,1.0,0.8,True,True,6,1.0,0.9333,"[{""cq_index"": 0, ""cq_text"": ""Is the medication intake by the patient caused by the presence of outdoor environmental allergen such as pollen or AQI?"", ""cq_token_count"": 11, ""covered_token_count"": 10, ""token_recall"": 0.9091, ""covered"": true}, {""cq_index"": 1, ""cq_text"": ""How much does the presence of an asthma symptom effect the intake of medication?"", ""cq_token_count"": 7, ""covered_token_count"": 6, ""token_recall"": 0.8571, ""covered"": true}, {""cq_index"": 2, ""cq_text"": ""How does an outdoor environmental allergen affect the patient?"", ""cq_token_count"": 5, ""covered_token_count"": 5, ""token_recall"": 1.0, ""covered"": true}, {""cq_index"": 3, ""cq_text"": ""What is the probable cause of the cough experienced by the patient?"", ""cq_token_count"": 5, ""covered_token_count"": 5, ""token_recall"": 1.0, ""covered"": true}, {""cq_index"": 4, ""cq_text"": ""What if pollen (or AQI) allergen was not present in the outdoor environment, how would it effect the intake of medication?"", ""cq_token_count"": 9, ""covered_token_count"": 9, ""token_recall"": 1.0, ""covered"": true}, {""cq_index"": 5, ""cq_text"": ""What if the patient did not experience a cough, how would it effect the intake of medication?"", ""cq_token_count"": 6, ""covered_token_count"": 5, ""token_recall"": 0.8333, ""covered"": true}]",73,60,0.3833,0.6027,True,11,5,5,5,0.0,0.0,0.0,0.0,0.0,0.0,0.0417,0.0667,0.0,[],[]
gpt-5.4,cq-only,2023-134-01,True,,61,True,True,True,6,6,2,0,1.0,1.0,1.0,True,True,8,1.0,1.0,"[{""cq_index"": 0, ""cq_text"": ""What is the unique identifier of the policy?"", ""cq_token_count"": 3, ""covered_token_count"": 3, ""token_recall"": 1.0, ""covered"": true}, {""cq_index"": 1, ""cq_text"": ""Who is the creator of the policy?"", ""cq_token_count"": 2, ""covered_token_count"": 2, ""token_recall"": 1.0, ""covered"": true}, {""cq_index"": 2, ""cq_text"": ""When was the policy issued?"", ""cq_token_count"": 2, ""covered_token_count"": 2, ""token_recall"": 1.0, ""covered"": true}, {""cq_index"": 3, ""cq_text"": ""Who is the assignee of the policy?"", ""cq_token_count"": 2, ""covered_token_count"": 2, ""token_recall"": 1.0, ""covered"": true}, {""cq_index"": 4, ""cq_text"": ""What application/service is being used to access the data?"", ""cq_token_count"": 5, ""covered_token_count"": 5, ""token_recall"": 1.0, ""covered"": true}, {""cq_index"": 5, ""cq_text"": ""What access mode is being requested?"", ""cq_token_count"": 4, ""covered_token_count"": 4, ""token_recall"": 1.0, ""covered"": true}, {""cq_index"": 6, ""cq_text"": ""What personal data is being accessed?"", ""cq_token_count"": 4, ""covered_token_count"": 4, ""token_recall"": 1.0, ""covered"": true}, {""cq_index"": 7, ""cq_text"": ""What is the purpose for accessing the data?"", ""cq_token_count"": 3, ""covered_token_count"": 3, ""token_recall"": 1.0, ""covered"": true}]",42,88,0.0568,0.5476,True,6,0,8,0,0.0,0.0,0.0,0.0,0.0,0.0,0.0,0.0,0.0,[],[]
gpt-5.4,cq-only,2023-134-02,True,,60,True,True,True,5,5,1,0,1.0,1.0,1.0,True,True,6,1.0,1.0,"[{""cq_index"": 0, ""cq_text"": ""What type of action, e.g., create, update, erase, is being performed on the data?"", ""cq_token_count"": 7, ""covered_token_count"": 7, ""token_recall"": 1.0, ""covered"": true}, {""cq_index"": 1, ""cq_text"": ""Who is the entity interacting with the data?"", ""cq_token_count"": 3, ""covered_token_count"": 3, ""token_recall"": 1.0, ""covered"": true}, {""cq_index"": 2, ""cq_text"": ""Who is the entity publishing the log?"", ""cq_token_count"": 3, ""covered_token_count"": 3, ""token_recall"": 1.0, ""covered"": true}, {""cq_index"": 3, ""cq_text"": ""When was the log issued?"", ""cq_token_count"": 2, ""covered_token_count"": 2, ""token_recall"": 1.0, ""covered"": true}, {""cq_index"": 4, ""cq_text"": ""Where is the data being stored?"", ""cq_token_count"": 3, ""covered_token_count"": 3, ""token_recall"": 1.0, ""covered"": true}, {""cq_index"": 5, ""cq_text"": ""What application/service is being used to generate the data, if any?"", ""cq_token_count"": 5, ""covered_token_count"": 5, ""token_recall"": 1.0, ""covered"": true}]",42,88,0.0455,0.5714,True,5,0,6,0,0.0,0.0,0.0,0.0,0.0,0.0,0.0,0.0,0.0,[],[]
gpt-5.4,cq-only,2023-134-03,True,,48,True,True,True,5,4,2,0,1.0,1.0,1.0,True,True,5,1.0,0.95,"[{""cq_index"": 0, ""cq_text"": ""Who is maintaining the registry?"", ""cq_token_count"": 2, ""covered_token_count"": 2, ""token_recall"": 1.0, ""covered"": true}, {""cq_index"": 1, ""cq_text"": ""When was the registry created/updated?"", ""cq_token_count"": 3, ""covered_token_count"": 3, ""token_recall"": 1.0, ""covered"": true}, {""cq_index"": 2, ""cq_text"": ""What types of data are available?"", ""cq_token_count"": 2, ""covered_token_count"": 2, ""token_recall"": 1.0, ""covered"": true}, {""cq_index"": 3, ""cq_text"": ""Where is a specific type of data being stored?"", ""cq_token_count"": 4, ""covered_token_count"": 3, ""token_recall"": 0.75, ""covered"": true}, {""cq_index"": 4, ""cq_text"": ""What policy is associated with the data?"", ""cq_token_count"": 3, ""covered_token_count"": 3, ""token_recall"": 1.0, ""covered"": true}]",41,88,0.0455,0.7073,True,5,0,6,0,0.0,0.0,0.0,0.0,0.0,0.0,0.0,0.0,0.0,[],[]
gpt-5.4,cq-only,2023-135-01,True,,67,True,True,True,9,6,1,0,1.0,1.0,1.0,True,True,3,1.0,0.7111,"[{""cq_index"": 0, ""cq_text"": ""Under what pseudonym did the author C. S. Lewis published a collection of poems, Spirit in Bondage?"", ""cq_token_count"": 9, ""covered_token_count"": 6, ""token_recall"": 0.6667, ""covered"": true}, {""cq_index"": 1, ""cq_text"": ""What alternative did C. S. Lewis used to assume the role of a book writer?"", ""cq_token_count"": 6, ""covered_token_count"": 4, ""token_recall"": 0.6667, ""covered"": true}, {""cq_index"": 2, ""cq_text"": ""Show the trajectories of rivers which cross national parks?"", ""cq_token_count"": 5, ""covered_token_count"": 4, ""token_recall"": 0.8, ""covered"": true}]",60,10,0.1,0.7667,True,9,5,7,13,0.0,0.0,0.0,0.1429,0.0769,0.1,0.0588,0.0938,0.05,[],"[""assumes role""]"
gpt-5.4,cq-only,2024-145-01,True,,64,True,True,True,8,6,1,0,1.0,1.0,1.0,True,True,7,1.0,0.9357,"[{""cq_index"": 0, ""cq_text"": ""List all district courts in a given state."", ""cq_token_count"": 3, ""covered_token_count"": 3, ""token_recall"": 1.0, ""covered"": true}, {""cq_index"": 1, ""cq_text"": ""In which state is a given district court instance located?"", ""cq_token_count"": 5, ""covered_token_count"": 4, ""token_recall"": 0.8, ""covered"": true}, {""cq_index"": 2, ""cq_text"": ""How many districts are in a given state of India?"", ""cq_token_count"": 4, ""covered_token_count"": 3, ""token_recall"": 0.75, ""covered"": true}, {""cq_index"": 3, ""cq_text"": ""Which court has authority over a given court?"", ""cq_token_count"": 3, ""covered_token_count"": 3, ""token_recall"": 1.0, ""covered"": true}, {""cq_index"": 4, ""cq_text"": ""What is the check transaction type for a bad check?"", ""cq_token_count"": 3, ""covered_token_count"": 3, ""token_recall"": 1.0, ""covered"": true}, {""cq_index"": 5, ""cq_text"": ""When is a check payment of a bad check?"", ""cq_token_count"": 3, ""covered_token_count"": 3, ""token_recall"": 1.0, ""covered"": true}, {""cq_index"": 6, ""cq_text"": ""What is the transaction status of a given check payment?"", ""cq_token_count"": 4, ""covered_token_count"": 4, ""token_recall"": 1.0, ""covered"": true}]",41,17,0.2353,0.6341,False,8,0,7,0,0.0,0.0,0.0,0.0,0.0,0.0,0.0,0.0,0.0,[],[]
gpt-5.4,cq-only,2025-147-01,True,,74,True,True,True,20,0,0,0,1.0,1.0,0.0,True,True,48,0.6875,0.5489,"[{""cq_index"": 0, ""cq_text"": ""How are ships clearly identified?"", ""cq_token_count"": 3, ""covered_token_count"": 2, ""token_recall"": 0.6667, ""covered"": true}, {""cq_index"": 1, ""cq_text"": ""How are a ship's dimensions described?"", ""cq_token_count"": 3, ""covered_token_count"": 3, ""token_recall"": 1.0, ""covered"": true}, {""cq_index"": 2, ""cq_text"": ""What information can be provided about the typical location of a ship?"", ""cq_token_count"": 5, ""covered_token_count"": 4, ""token_recall"": 0.8, ""covered"": true}, {""cq_index"": 3, ""cq_text"": ""Who can be the owner of a ship?"", ""cq_token_count"": 2, ""covered_token_count"": 2, ""token_recall"": 1.0, ""covered"": true}, {""cq_index"": 4, ""cq_text"": ""How is a ship's average speed over ground specified?"", ""cq_token_count"": 6, ""covered_token_count"": 1, ""token_recall"": 0.1667, ""covered"": false}, {""cq_index"": 5, ""cq_text"": ""How many container ships are registered under the German flag?"", ""cq_token_count"": 7, ""covered_token_count"": 5, ""token_recall"": 0.7143, ""covered"": true}, {""cq_index"": 6, ""cq_text"": ""How is the GPS antenna placed relatively to the ship's structure (bow, stern, port, starboard)?"", ""cq_token_count"": 10, ""covered_token_count"": 1, ""token_recall"": 0.1, ""covered"": false}, {""cq_index"": 7, ""cq_text"": ""Which organization owns the most ships?"", ""cq_token_count"": 4, ""covered_token_count"": 2, ""token_recall"": 0.5, ""covered"": true}, {""cq_index"": 8, ""cq_text"": ""What information can be provided about a ship route?"", ""cq_token_count"": 4, ""covered_token_count"": 3, ""token_recall"": 0.75, ""covered"": true}, {""cq_index"": 9, ""cq_text"": ""What information is known about a single trajectory part?"", ""cq_token_count"": 5, ""covered_token_count"": 4, ""token_recall"": 0.8, ""covered"": true}, {""cq_index"": 10, ""cq_text"": ""What types of trajectories are distinguished?"", ""cq_token_count"": 2, ""covered_token_count"": 1, ""token_recall"": 0.5, ""covered"": true}, {""cq_index"": 11, ""cq_text"": ""What unit does the draught of a ship have?"", ""cq_token_count"": 3, ""covered_token_count"": 2, ""token_recall"": 0.6667, ""covered"": true}, {""cq_index"": 12, ""cq_text"": ""What was the average speed over ground of the ship on route on day X?"", ""cq_token_count"": 7, ""covered_token_count"": 2, ""token_recall"": 0.2857, ""covered"": false}, {""cq_index"": 13, ""cq_text"": ""What route is predicted for ship X?"", ""cq_token_count"": 3, ""covered_token_count"": 3, ""token_recall"": 1.0, ""covered"": true}, {""cq_index"": 14, ""cq_text"": ""What types of engines are used in ships?"", ""cq_token_count"": 2, ""covered_token_count"": 2, ""token_recall"": 1.0, ""covered"": true}, {""cq_index"": 15, ""cq_text"": ""What combinations of engines can exist?"", ""cq_token_count"": 3, ""covered_token_count"": 2, ""token_recall"": 0.6667, ""covered"": true}, {""cq_index"": 16, ""cq_text"": ""What powers these ship engines?"", ""cq_token_count"": 4, ""covered_token_count"": 2, ""token_recall"": 0.5, ""covered"": true}, {""cq_index"": 17, ""cq_text"": ""What is driven by ship engines?"", ""cq_token_count"": 3, ""covered_token_count"": 3, ""token_recall"": 1.0, ""covered"": true}, {""cq_index"": 18, ""cq_text"": ""What types of propulsion systems can ships have?"", ""cq_token_count"": 3, ""covered_token_count"": 3, ""token_recall"": 1.0, ""covered"": true}, {""cq_index"": 19, ""cq_text"": ""What propulsion systems don't rely on an engine?"", ""cq_token_count"": 5, ""covered_token_count"": 3, ""token_recall"": 0.6, ""covered"": true}, {""cq_index"": 20, ""cq_text"": ""Which propulsion technologies are used by each individual propulsion system?"", ""cq_token_count"": 4, ""covered_token_count"": 2, ""token_recall"": 0.5, ""covered"": true}, {""cq_index"": 21, ""cq_text"": ""What falls under the category of propulsion technologies powered by engines?"", ""cq_token_count"": 7, ""covered_token_count"": 4, ""token_recall"": 0.5714, ""covered"": true}, {""cq_index"": 22, ""cq_text"": ""What types of jet propulsors exist?"", ""cq_token_count"": 3, ""covered_token_count"": 1, ""token_recall"": 0.3333, ""covered"": false}, {""cq_index"": 23, ""cq_text"": ""What types of bladed propulsors exist?"", ""cq_token_count"": 3, ""covered_token_count"": 1, ""token_recall"": 0.3333, ""covered"": false}, {""cq_index"": 24, ""cq_text"": ""What types of blade propulsors follow a special design?"", ""cq_token_count"": 5, ""covered_token_count"": 1, ""token_recall"": 0.2, ""covered"": false}, {""cq_index"": 25, ""cq_text"": ""What properties describe a bladed propulsor?"", ""cq_token_count"": 4, ""covered_token_count"": 0, ""token_recall"": 0.0, ""covered"": false}, {""cq_index"": 26, ""cq_text"": ""What types of screw propellers can be used?"", ""cq_token_count"": 2, ""covered_token_count"": 0, ""token_recall"": 0.0, ""covered"": false}, {""cq_index"": 27, ""cq_text"": ""What is used to prevent cavitation on technologies for motorized propulsion?"", ""cq_token_count"": 5, ""covered_token_count"": 2, ""token_recall"": 0.4, ""covered"": true}, {""cq_index"": 28, ""cq_text"": ""What type of sails exist?"", ""cq_token_count"": 2, ""covered_token_count"": 1, ""token_recall"": 0.5, ""covered"": true}, {""cq_index"": 29, ""cq_text"": ""Which type of propulsion technologies can assist a motorized ship?"", ""cq_token_count"": 5, ""covered_token_count"": 3, ""token_recall"": 0.6, ""covered"": true}, {""cq_index"": 30, ""cq_text"": ""What fuel does ship X use to drive?"", ""cq_token_count"": 3, ""covered_token_count"": 2, ""token_recall"": 0.6667, ""covered"": true}, {""cq_index"": 31, ""cq_text"": ""How many engines power ship X?"", ""cq_token_count"": 4, ""covered_token_count"": 3, ""token_recall"": 0.75, ""covered"": true}, {""cq_index"": 32, ""cq_text"": ""What types of propellers are installed on ship X?"", ""cq_token_count"": 3, ""covered_token_count"": 1, ""token_recall"": 0.3333, ""covered"": false}, {""cq_index"": 33, ""cq_text"": ""What is the most common type of propeller?"", ""cq_token_count"": 3, ""covered_token_count"": 0, ""token_recall"": 0.0, ""covered"": false}, {""cq_index"": 34, ""cq_text"": ""How many ships have sails?"", ""cq_token_count"": 3, ""covered_token_count"": 1, ""token_recall"": 0.3333, ""covered"": false}, {""cq_index"": 35, ""cq_text"": ""Which ships use electric engines exclusively?"", ""cq_token_count"": 4, ""covered_token_count"": 3, ""token_recall"": 0.75, ""covered"": true}, {""cq_index"": 36, ""cq_text"": ""What motorized propulsion does a ship use that is assisted by wind propulsion?"", ""cq_token_count"": 5, ""covered_token_count"": 3, ""token_recall"": 0.6, ""covered"": true}, {""cq_index"": 37, ""cq_text"": ""How many supercavitating propellers does ship X use?"", ""cq_token_count"": 4, ""covered_token_count"": 1, ""token_recall"": 0.25, ""covered"": false}, {""cq_index"": 38, ""cq_text"": ""What diameter and how many blades does the fixed pitch propeller Y of ship X have?"", ""cq_token_count"": 7, ""covered_token_count"": 1, ""token_recall"": 0.1429, ""covered"": false}, {""cq_index"": 39, ""cq_text"": ""What is the least utilized wind assisted propulsion system?"", ""cq_token_count"": 6, ""covered_token_count"": 2, ""token_recall"": 0.3333, ""covered"": false}, {""cq_index"": 40, ""cq_text"": ""What different kinds of data can be used to represent a ship?"", ""cq_token_count"": 5, ""covered_token_count"": 3, ""token_recall"": 0.6, ""covered"": true}, {""cq_index"": 41, ""cq_text"": ""How is sonar data of ships stored?"", ""cq_token_count"": 4, ""covered_token_count"": 3, ""token_recall"": 0.75, ""covered"": true}, {""cq_index"": 42, ""cq_text"": ""What image resources are available for a ship?"", ""cq_token_count"": 4, ""covered_token_count"": 2, ""token_recall"": 0.5, ""covered"": true}, {""cq_index"": 43, ""cq_text"": ""What textual information about a ship is available?"", ""cq_token_count"": 4, ""covered_token_count"": 3, ""token_recall"": 0.75, ""covered"": true}, {""cq_index"": 44, ""cq_text"": ""What does ship X look like?"", ""cq_token_count"": 3, ""covered_token_count"": 1, ""token_recall"": 0.3333, ""covered"": false}, {""cq_index"": 45, ""cq_text"": ""How does ship X sound like on a sonar?"", ""cq_token_count"": 4, ""covered_token_count"": 2, ""token_recall"": 0.5, ""covered"": true}, {""cq_index"": 46, ""cq_text"": ""What is the textual description of ship X?"", ""cq_token_count"": 3, ""covered_token_count"": 3, ""token_recall"": 1.0, ""covered"": true}, {""cq_index"": 47, ""cq_text"": ""Are there ships without sonar signatures?"", ""cq_token_count"": 5, ""covered_token_count"": 3, ""token_recall"": 0.6, ""covered"": true}]",83,109,0.1009,0.4578,True,20,1,0,8,0.0,0.0,0.0,0.0,0.0,0.0,0.0,0.0,0.0,[],[]
gpt-5.4,cq-only,2025-149-01,True,,75,True,True,True,21,0,0,0,1.0,1.0,0.0,True,True,25,0.84,0.5998,"[{""cq_index"": 0, ""cq_text"": ""Can the ontology represent a relational database as a first-class schema entity?"", ""cq_token_count"": 8, ""covered_token_count"": 5, ""token_recall"": 0.625, ""covered"": true}, {""cq_index"": 1, ""cq_text"": ""Can the ontology represent tables belonging to a database?"", ""cq_token_count"": 5, ""covered_token_count"": 3, ""token_recall"": 0.6, ""covered"": true}, {""cq_index"": 2, ""cq_text"": ""Can the ontology represent columns belonging to a table?"", ""cq_token_count"": 5, ""covered_token_count"": 3, ""token_recall"": 0.6, ""covered"": true}, {""cq_index"": 3, ""cq_text"": ""Can the ontology represent primary-key relationships in the schema?"", ""cq_token_count"": 6, ""covered_token_count"": 2, ""token_recall"": 0.3333, ""covered"": false}, {""cq_index"": 4, ""cq_text"": ""Can the ontology represent foreign-key relationships and distinguish same-named columns across different tables when they are not semantically linked?"", ""cq_token_count"": 15, ""covered_token_count"": 5, ""token_recall"": 0.3333, ""covered"": false}, {""cq_index"": 5, ""cq_text"": ""Can the ontology define a policy for a specific agent?"", ""cq_token_count"": 5, ""covered_token_count"": 4, ""token_recall"": 0.8, ""covered"": true}, {""cq_index"": 6, ""cq_text"": ""Can a policy specify a high-level ReadAction?"", ""cq_token_count"": 5, ""covered_token_count"": 3, ""token_recall"": 0.6, ""covered"": true}, {""cq_index"": 7, ""cq_text"": ""Can a policy specify a high-level ModifyAction?"", ""cq_token_count"": 5, ""covered_token_count"": 3, ""token_recall"": 0.6, ""covered"": true}, {""cq_index"": 8, ""cq_text"": ""Can a policy specify a ViewActionScope for read operations?"", ""cq_token_count"": 5, ""covered_token_count"": 2, ""token_recall"": 0.4, ""covered"": true}, {""cq_index"": 9, ""cq_text"": ""Can a policy specify a ProcessActionScope for read operations?"", ""cq_token_count"": 5, ""covered_token_count"": 2, ""token_recall"": 0.4, ""covered"": true}, {""cq_index"": 10, ""cq_text"": ""Can a policy be defined at table level?"", ""cq_token_count"": 4, ""covered_token_count"": 4, ""token_recall"": 1.0, ""covered"": true}, {""cq_index"": 11, ""cq_text"": ""Can a policy be defined at column level?"", ""cq_token_count"": 4, ""covered_token_count"": 4, ""token_recall"": 1.0, ""covered"": true}, {""cq_index"": 12, ""cq_text"": ""Can a policy be defined at row level using conditions?"", ""cq_token_count"": 5, ""covered_token_count"": 4, ""token_recall"": 0.8, ""covered"": true}, {""cq_index"": 13, ""cq_text"": ""Can the ontology express a prohibited modify action on a table?"", ""cq_token_count"": 6, ""covered_token_count"": 4, ""token_recall"": 0.6667, ""covered"": true}, {""cq_index"": 14, ""cq_text"": ""Can the ontology express a table-level read prohibition for processing?"", ""cq_token_count"": 7, ""covered_token_count"": 5, ""token_recall"": 0.7143, ""covered"": true}, {""cq_index"": 15, ""cq_text"": ""Can the ontology express a table-level read prohibition for viewing?"", ""cq_token_count"": 7, ""covered_token_count"": 5, ""token_recall"": 0.7143, ""covered"": true}, {""cq_index"": 16, ""cq_text"": ""Can the ontology express a conditional row-level read restriction for later enforcement?"", ""cq_token_count"": 9, ""covered_token_count"": 5, ""token_recall"": 0.5556, ""covered"": true}, {""cq_index"": 17, ""cq_text"": ""Can the ontology represent a SQL query as an AST-based semantic graph?"", ""cq_token_count"": 8, ""covered_token_count"": 6, ""token_recall"": 0.75, ""covered"": true}, {""cq_index"": 18, ""cq_text"": ""Can a SQL statement such as SelectStatement or UpdateStatement be mapped to its semantic action type?"", ""cq_token_count"": 8, ""covered_token_count"": 5, ""token_recall"": 0.625, ""covered"": true}, {""cq_index"": 19, ""cq_text"": ""Can a query statement be linked to the executing agent?"", ""cq_token_count"": 5, ""covered_token_count"": 3, ""token_recall"": 0.6, ""covered"": true}, {""cq_index"": 20, ""cq_text"": ""Can SQL clauses be assigned operational scopes such as view or process?"", ""cq_token_count"": 8, ""covered_token_count"": 6, ""token_recall"": 0.75, ""covered"": true}, {""cq_index"": 21, ""cq_text"": ""Can scope be propagated to reference nodes as an effectiveActionScope?"", ""cq_token_count"": 5, ""covered_token_count"": 2, ""token_recall"": 0.4, ""covered"": true}, {""cq_index"": 22, ""cq_text"": ""Can a TableRef in the query be linked to its corresponding schema Table?"", ""cq_token_count"": 6, ""covered_token_count"": 2, ""token_recall"": 0.3333, ""covered"": false}, {""cq_index"": 23, ""cq_text"": ""Can a ColumnRef in the query be linked to its corresponding schema Column?"", ""cq_token_count"": 6, ""covered_token_count"": 2, ""token_recall"": 0.3333, ""covered"": false}, {""cq_index"": 24, ""cq_text"": ""Can the reasoner infer whether a referenced table or column is Violated or RowTag based on the matching policy, action, and scope?"", ""cq_token_count"": 13, ""covered_token_count"": 6, ""token_recall"": 0.4615, ""covered"": true}]",78,10,0.5,0.4103,True,21,48,0,41,0.5714,0.25,0.3478,0.0,0.0,0.0,0.25,0.0,0.1739,"[""relational database"", ""table"", ""column"", ""agent"", ""policy"", ""action"", ""action scope"", ""sql node"", ""sql statement"", ""select statement"", ""update statement"", ""sql clause""]",[]
gpt-5.4,cq-only,2025-150-01,True,,61,True,True,True,18,0,0,0,1.0,1.0,0.0,True,True,32,0.8438,0.5804,"[{""cq_index"": 0, ""cq_text"": ""Which MQTT Clients are connected to which Broker?"", ""cq_token_count"": 4, ""covered_token_count"": 3, ""token_recall"": 0.75, ""covered"": true}, {""cq_index"": 1, ""cq_text"": ""Which MQTT NetworkConnections exist, are they TLS-secured, and who initiated/accepted them?"", ""cq_token_count"": 9, ""covered_token_count"": 1, ""token_recall"": 0.1111, ""covered"": false}, {""cq_index"": 2, ""cq_text"": ""Which MQTT participants (Clients/Brokers) use which MQTT NetworkConnections?"", ""cq_token_count"": 5, ""covered_token_count"": 4, ""token_recall"": 0.8, ""covered"": true}, {""cq_index"": 3, ""cq_text"": ""Which MQTT Clients with which ClientIDs run on which SOSA platforms?"", ""cq_token_count"": 6, ""covered_token_count"": 4, ""token_recall"": 0.6667, ""covered"": true}, {""cq_index"": 4, ""cq_text"": ""Which MQTT Clients are hosting which SOSA systems (sensors/actuators)?"", ""cq_token_count"": 7, ""covered_token_count"": 4, ""token_recall"": 0.5714, ""covered"": true}, {""cq_index"": 5, ""cq_text"": ""What host/port is a MQTT Broker configured with?"", ""cq_token_count"": 5, ""covered_token_count"": 2, ""token_recall"": 0.4, ""covered"": true}, {""cq_index"": 6, ""cq_text"": ""Which SOSA sensors publish to which MQTT Topics (observations)?"", ""cq_token_count"": 6, ""covered_token_count"": 5, ""token_recall"": 0.8333, ""covered"": true}, {""cq_index"": 7, ""cq_text"": ""Which SOSA actuators listen to which MQTT Topics (commands)?"", ""cq_token_count"": 6, ""covered_token_count"": 5, ""token_recall"": 0.8333, ""covered"": true}, {""cq_index"": 8, ""cq_text"": ""Which SOSA FeaturesOfInterest, Properties etc. appear as MQTT TopicSubjects and on which MQTT Topics?"", ""cq_token_count"": 8, ""covered_token_count"": 4, ""token_recall"": 0.5, ""covered"": true}, {""cq_index"": 9, ""cq_text"": ""Which MQTT Topic Filters match a given MQTT Topic?"", ""cq_token_count"": 4, ""covered_token_count"": 3, ""token_recall"": 0.75, ""covered"": true}, {""cq_index"": 10, ""cq_text"": ""Which MQTT Topics are matched by a given MQTT Topic Filter?"", ""cq_token_count"": 5, ""covered_token_count"": 4, ""token_recall"": 0.8, ""covered"": true}, {""cq_index"": 11, ""cq_text"": ""Which MQTT filter patterns (with wildcards) are stored?"", ""cq_token_count"": 5, ""covered_token_count"": 3, ""token_recall"": 0.6, ""covered"": true}, {""cq_index"": 12, ""cq_text"": ""Which MQTT Clients send which MQTT Control Packets?"", ""cq_token_count"": 5, ""covered_token_count"": 4, ""token_recall"": 0.8, ""covered"": true}, {""cq_index"": 13, ""cq_text"": ""Which MQTT PUBLISH/SUBSCRIBE/UNSUBSCRIBE packets were sent (specializations)?"", ""cq_token_count"": 7, ""covered_token_count"": 4, ""token_recall"": 0.5714, ""covered"": true}, {""cq_index"": 14, ""cq_text"": ""Which MQTT Brokers receive/forward which MQTT Control Packets?"", ""cq_token_count"": 6, ""covered_token_count"": 4, ""token_recall"": 0.6667, ""covered"": true}, {""cq_index"": 15, ""cq_text"": ""Which MQTT Control Packets were sent by which Client (inverse)?"", ""cq_token_count"": 6, ""covered_token_count"": 5, ""token_recall"": 0.8333, ""covered"": true}, {""cq_index"": 16, ""cq_text"": ""Which MQTT Publish packets carry Observations for a specific SOSA FeatureOfInterest or Property?"", ""cq_token_count"": 9, ""covered_token_count"": 6, ""token_recall"": 0.6667, ""covered"": true}, {""cq_index"": 17, ""cq_text"": ""Which MQTT SUBSCRIBE packets request QoS=2 and for which filters?"", ""cq_token_count"": 6, ""covered_token_count"": 3, ""token_recall"": 0.5, ""covered"": true}, {""cq_index"": 18, ""cq_text"": ""Which MQTT UNSUBSCRIBE packets remove all filters under a certain path (e.g. 'factory/centering/#')?"", ""cq_token_count"": 10, ""covered_token_count"": 3, ""token_recall"": 0.3, ""covered"": false}, {""cq_index"": 19, ""cq_text"": ""Which MQTT Control Packet has which Fixed Header / Variable Header / Payload?"", ""cq_token_count"": 7, ""covered_token_count"": 4, ""token_recall"": 0.5714, ""covered"": true}, {""cq_index"": 20, ""cq_text"": ""Which MQTT PUBLISH packet has which MQTT Topic (name) in the Variable Header?"", ""cq_token_count"": 7, ""covered_token_count"": 4, ""token_recall"": 0.5714, ""covered"": true}, {""cq_index"": 21, ""cq_text"": ""Which QoS levels are set (in PUBLISH Fixed Header or SubscriptionEntry)?"", ""cq_token_count"": 7, ""covered_token_count"": 1, ""token_recall"": 0.1429, ""covered"": false}, {""cq_index"": 22, ""cq_text"": ""Are RETAIN/DUP flags set in PUBLISH?"", ""cq_token_count"": 5, ""covered_token_count"": 1, ""token_recall"": 0.2, ""covered"": false}, {""cq_index"": 23, ""cq_text"": ""Which MQTT Control Packets have which PacketIdentifier?"", ""cq_token_count"": 4, ""covered_token_count"": 3, ""token_recall"": 0.75, ""covered"": true}, {""cq_index"": 24, ""cq_text"": ""Which MQTT SUBSCRIBE payloads contain which SubscriptionEntries?"", ""cq_token_count"": 5, ""covered_token_count"": 2, ""token_recall"": 0.4, ""covered"": true}, {""cq_index"": 25, ""cq_text"": ""Which MQTT Topic Filters (with QoS) are requested by a SubscriptionEntry?"", ""cq_token_count"": 6, ""covered_token_count"": 3, ""token_recall"": 0.5, ""covered"": true}, {""cq_index"": 26, ""cq_text"": ""Which MQTT UNSUBSCRIBE payloads remove which MQTT TopicFilters?"", ""cq_token_count"": 5, ""covered_token_count"": 2, ""token_recall"": 0.4, ""covered"": true}, {""cq_index"": 27, ""cq_text"": ""Which MQTT PUBLISH payloads encode SOSA Observations (or Observation Collections)?"", ""cq_token_count"": 8, ""covered_token_count"": 6, ""token_recall"": 0.75, ""covered"": true}, {""cq_index"": 28, ""cq_text"": ""Which MQTT PUBLISH payloads encode SOSA Actuations (or Actuation Collections)?"", ""cq_token_count"": 8, ""covered_token_count"": 6, ""token_recall"": 0.75, ""covered"": true}, {""cq_index"": 29, ""cq_text"": ""Which fields are encoded in a MQTT payload?"", ""cq_token_count"": 4, ""covered_token_count"": 3, ""token_recall"": 0.75, ""covered"": true}, {""cq_index"": 30, ""cq_text"": ""What content, content type, encoding and delimiter does a MQTT PUBLISH payload have?"", ""cq_token_count"": 6, ""covered_token_count"": 3, ""token_recall"": 0.5, ""covered"": true}, {""cq_index"": 31, ""cq_text"": ""What is the size of a MQTT payload (as QUDT QuantityValue with unit)?"", ""cq_token_count"": 6, ""covered_token_count"": 2, ""token_recall"": 0.3333, ""covered"": false}]",78,60,0.15,0.6026,True,18,9,0,11,0.0,0.0,0.0,0.0,0.0,0.0,0.0,0.0,0.0,[],[]
gpt-5.4,cq-only,2025-151-01,True,,43,True,True,True,5,4,1,0,1.0,1.0,1.0,True,True,5,1.0,1.0,"[{""cq_index"": 0, ""cq_text"": ""What is the requested action?"", ""cq_token_count"": 2, ""covered_token_count"": 2, ""token_recall"": 1.0, ""covered"": true}, {""cq_index"": 1, ""cq_text"": ""Who is the party issuing the evaluation request?"", ""cq_token_count"": 4, ""covered_token_count"": 4, ""token_recall"": 1.0, ""covered"": true}, {""cq_index"": 2, ""cq_text"": ""What is the target asset of the evaluation request?"", ""cq_token_count"": 4, ""covered_token_count"": 4, ""token_recall"": 1.0, ""covered"": true}, {""cq_index"": 3, ""cq_text"": ""When was the evaluation request issued?"", ""cq_token_count"": 3, ""covered_token_count"": 3, ""token_recall"": 1.0, ""covered"": true}, {""cq_index"": 4, ""cq_text"": ""What additional contextual information can be included in the evaluation request to further constrain it?"", ""cq_token_count"": 8, ""covered_token_count"": 8, ""token_recall"": 1.0, ""covered"": true}]",36,25,0.36,0.5833,True,5,1,5,5,0.2,1.0,0.3333,0.4,0.4,0.4,0.25,0.3333,0.3667,"[""evaluation request""]","[""has requested action"", ""issued by""]"
gpt-5.4,cq-only,2025-151-02,True,,71,True,True,True,11,7,0,0,1.0,1.0,1.0,True,True,10,1.0,0.8064,"[{""cq_index"": 0, ""cq_text"": ""What is the current time?"", ""cq_token_count"": 2, ""covered_token_count"": 2, ""token_recall"": 1.0, ""covered"": true}, {""cq_index"": 1, ""cq_text"": ""What is the location of a party?"", ""cq_token_count"": 2, ""covered_token_count"": 2, ""token_recall"": 1.0, ""covered"": true}, {""cq_index"": 2, ""cq_text"": ""What assets are part of the asset collection of the policy that is being evaluated?"", ""cq_token_count"": 7, ""covered_token_count"": 6, ""token_recall"": 0.8571, ""covered"": true}, {""cq_index"": 3, ""cq_text"": ""Which parties are part of the party collection of the policy that is being evaluated?"", ""cq_token_count"": 7, ""covered_token_count"": 6, ""token_recall"": 0.8571, ""covered"": true}, {""cq_index"": 4, ""cq_text"": ""What actions were already performed or attempted?"", ""cq_token_count"": 4, ""covered_token_count"": 3, ""token_recall"": 0.75, ""covered"": true}, {""cq_index"": 5, ""cq_text"": ""How many times has a rule been exercised?"", ""cq_token_count"": 4, ""covered_token_count"": 2, ""token_recall"": 0.5, ""covered"": true}, {""cq_index"": 6, ""cq_text"": ""What information is available about an event that has occurred?"", ""cq_token_count"": 4, ""covered_token_count"": 4, ""token_recall"": 1.0, ""covered"": true}, {""cq_index"": 7, ""cq_text"": ""How long has a rule been exercised?"", ""cq_token_count"": 3, ""covered_token_count"": 2, ""token_recall"": 0.6667, ""covered"": true}, {""cq_index"": 8, ""cq_text"": ""Which recipients or categories of recipients can receive the result of the rule that has been exercised?"", ""cq_token_count"": 6, ""covered_token_count"": 5, ""token_recall"": 0.8333, ""covered"": true}, {""cq_index"": 9, ""cq_text"": ""Has a financial payment been made? What was the amount paid?"", ""cq_token_count"": 5, ""covered_token_count"": 3, ""token_recall"": 0.6, ""covered"": true}]",54,23,0.1304,0.5,True,11,1,7,0,0.0,0.0,0.0,0.0,0.0,0.0,0.0,0.0,0.0,[],[]
gpt-5.4,cq-only,2025-153-01,True,,71,True,True,True,7,9,0,0,1.0,1.0,1.0,True,True,8,1.0,0.6958,"[{""cq_index"": 0, ""cq_text"": ""Which entity does a persistent identifier currently reference?"", ""cq_token_count"": 5, ""covered_token_count"": 4, ""token_recall"": 0.8, ""covered"": true}, {""cq_index"": 1, ""cq_text"": ""Which entity was referenced at a past timestamp?"", ""cq_token_count"": 4, ""covered_token_count"": 2, ""token_recall"": 0.5, ""covered"": true}, {""cq_index"": 2, ""cq_text"": ""When did referent transitions occur?"", ""cq_token_count"": 3, ""covered_token_count"": 2, ""token_recall"": 0.6667, ""covered"": true}, {""cq_index"": 3, ""cq_text"": ""What observations are associated with specific referents?"", ""cq_token_count"": 4, ""covered_token_count"": 4, ""token_recall"": 1.0, ""covered"": true}, {""cq_index"": 4, ""cq_text"": ""What is the full sequence of referents over time?"", ""cq_token_count"": 5, ""covered_token_count"": 3, ""token_recall"": 0.6, ""covered"": true}, {""cq_index"": 5, ""cq_text"": ""Which rules triggered specific transitions?"", ""cq_token_count"": 4, ""covered_token_count"": 4, ""token_recall"": 1.0, ""covered"": true}, {""cq_index"": 6, ""cq_text"": ""Are there gaps or overlaps in temporal bindings?"", ""cq_token_count"": 5, ""covered_token_count"": 2, ""token_recall"": 0.4, ""covered"": true}, {""cq_index"": 7, ""cq_text"": ""Can complete context be rebuilt for any time point?"", ""cq_token_count"": 5, ""covered_token_count"": 3, ""token_recall"": 0.6, ""covered"": true}]",66,119,0.0924,0.6667,True,7,11,9,22,0.5714,0.3636,0.4444,0.4444,0.1818,0.2581,0.4737,0.2143,0.3513,"[""entity"", ""temporal binding"", ""transition rule"", ""observation""]","[""has binding"", ""binds identifier"", ""has transition"", ""triggered by rule""]"
gpt-5.4,cq-only,2026-155-01,True,,64,True,True,True,15,3,0,0,1.0,1.0,1.0,True,True,8,1.0,0.8363,"[{""cq_index"": 0, ""cq_text"": ""Which survey or investigation activities were performed on a given cultural property or on a specific feature of interest?"", ""cq_token_count"": 9, ""covered_token_count"": 9, ""token_recall"": 1.0, ""covered"": true}, {""cq_index"": 1, ""cq_text"": ""Which method or investigation technique was adopted in a specific survey or investigation activity?"", ""cq_token_count"": 7, ""covered_token_count"": 7, ""token_recall"": 1.0, ""covered"": true}, {""cq_index"": 2, ""cq_text"": ""Which observations were produced during a given survey or investigation activity?"", ""cq_token_count"": 6, ""covered_token_count"": 6, ""token_recall"": 1.0, ""covered"": true}, {""cq_index"": 3, ""cq_text"": ""Which experts participated in the survey or investigation activity, and with which roles?"", ""cq_token_count"": 6, ""covered_token_count"": 4, ""token_recall"": 0.6667, ""covered"": true}, {""cq_index"": 4, ""cq_text"": ""Which hardware, software, and technical configurations were used to conduct a specific survey or investigation activity?"", ""cq_token_count"": 9, ""covered_token_count"": 9, ""token_recall"": 1.0, ""covered"": true}, {""cq_index"": 5, ""cq_text"": ""What interpretations or claims are supported by the observations produced during a survey?"", ""cq_token_count"": 7, ""covered_token_count"": 6, ""token_recall"": 0.8571, ""covered"": true}, {""cq_index"": 6, ""cq_text"": ""How are post-processed outputs (e.g., interactive images, spectra, datasets) related to the underlying acquisition or observation activities?"", ""cq_token_count"": 12, ""covered_token_count"": 7, ""token_recall"": 0.5833, ""covered"": true}, {""cq_index"": 7, ""cq_text"": ""Which acquisition parameters (e.g., exposure time, ISO, aperture) characterised a specific photographic acquisition cycle within a survey?"", ""cq_token_count"": 12, ""covered_token_count"": 7, ""token_recall"": 0.5833, ""covered"": true}]",90,20,0.55,0.5667,True,15,22,3,32,0.5333,0.3636,0.4324,0.0,0.0,0.0,0.3158,0.0769,0.2162,"[""cultural property"", ""feature of interest"", ""method"", ""observation"", ""role"", ""hardware"", ""software"", ""interpretation""]",[]
gpt-5.4,scenario-cq,2023-133-01,True,,72,True,True,True,8,6,1,0,1.0,1.0,1.0,True,True,4,0.75,0.5563,"[{""cq_index"": 0, ""cq_text"": ""What events are responsible for the pavement being slippery?"", ""cq_token_count"": 5, ""covered_token_count"": 3, ""token_recall"": 0.6, ""covered"": true}, {""cq_index"": 1, ""cq_text"": ""What would be the outcome of turning the sprinkler system on(off)?"", ""cq_token_count"": 5, ""covered_token_count"": 1, ""token_recall"": 0.2, ""covered"": false}, {""cq_index"": 2, ""cq_text"": ""How strong is the causal link between the sprinkler being on and the pavement being wet?"", ""cq_token_count"": 8, ""covered_token_count"": 5, ""token_recall"": 0.625, ""covered"": true}, {""cq_index"": 3, ""cq_text"": ""What if the pavement is not wet, how would it effect the pavement being slippery?"", ""cq_token_count"": 5, ""covered_token_count"": 4, ""token_recall"": 0.8, ""covered"": true}]",49,41,0.5366,0.551,True,8,5,7,5,0.125,0.2,0.1538,0.2857,0.4,0.3333,0.0625,0.3077,0.2435,"[""event""]","[""has effect"", ""has mediator event""]"
gpt-5.4,scenario-cq,2023-133-02,True,,68,True,True,True,6,6,1,0,1.0,1.0,1.0,True,True,6,1.0,0.8276,"[{""cq_index"": 0, ""cq_text"": ""Is the medication intake by the patient caused by the presence of outdoor environmental allergen such as pollen or AQI?"", ""cq_token_count"": 11, ""covered_token_count"": 9, ""token_recall"": 0.8182, ""covered"": true}, {""cq_index"": 1, ""cq_text"": ""How much does the presence of an asthma symptom effect the intake of medication?"", ""cq_token_count"": 7, ""covered_token_count"": 5, ""token_recall"": 0.7143, ""covered"": true}, {""cq_index"": 2, ""cq_text"": ""How does an outdoor environmental allergen affect the patient?"", ""cq_token_count"": 5, ""covered_token_count"": 4, ""token_recall"": 0.8, ""covered"": true}, {""cq_index"": 3, ""cq_text"": ""What is the probable cause of the cough experienced by the patient?"", ""cq_token_count"": 5, ""covered_token_count"": 4, ""token_recall"": 0.8, ""covered"": true}, {""cq_index"": 4, ""cq_text"": ""What if pollen (or AQI) allergen was not present in the outdoor environment, how would it effect the intake of medication?"", ""cq_token_count"": 9, ""covered_token_count"": 9, ""token_recall"": 1.0, ""covered"": true}, {""cq_index"": 5, ""cq_text"": ""What if the patient did not experience a cough, how would it effect the intake of medication?"", ""cq_token_count"": 6, ""covered_token_count"": 5, ""token_recall"": 0.8333, ""covered"": true}]",67,60,0.5667,0.4328,True,6,5,7,5,0.0,0.0,0.0,0.1429,0.2,0.1667,0.0,0.1875,0.0833,[],"[""has effect""]"
gpt-5.4,scenario-cq,2023-134-01,True,,61,True,True,True,6,6,2,0,1.0,1.0,1.0,True,True,8,1.0,1.0,"[{""cq_index"": 0, ""cq_text"": ""What is the unique identifier of the policy?"", ""cq_token_count"": 3, ""covered_token_count"": 3, ""token_recall"": 1.0, ""covered"": true}, {""cq_index"": 1, ""cq_text"": ""Who is the creator of the policy?"", ""cq_token_count"": 2, ""covered_token_count"": 2, ""token_recall"": 1.0, ""covered"": true}, {""cq_index"": 2, ""cq_text"": ""When was the policy issued?"", ""cq_token_count"": 2, ""covered_token_count"": 2, ""token_recall"": 1.0, ""covered"": true}, {""cq_index"": 3, ""cq_text"": ""Who is the assignee of the policy?"", ""cq_token_count"": 2, ""covered_token_count"": 2, ""token_recall"": 1.0, ""covered"": true}, {""cq_index"": 4, ""cq_text"": ""What application/service is being used to access the data?"", ""cq_token_count"": 5, ""covered_token_count"": 5, ""token_recall"": 1.0, ""covered"": true}, {""cq_index"": 5, ""cq_text"": ""What access mode is being requested?"", ""cq_token_count"": 4, ""covered_token_count"": 4, ""token_recall"": 1.0, ""covered"": true}, {""cq_index"": 6, ""cq_text"": ""What personal data is being accessed?"", ""cq_token_count"": 4, ""covered_token_count"": 4, ""token_recall"": 1.0, ""covered"": true}, {""cq_index"": 7, ""cq_text"": ""What is the purpose for accessing the data?"", ""cq_token_count"": 3, ""covered_token_count"": 3, ""token_recall"": 1.0, ""covered"": true}]",55,88,0.125,0.5455,True,6,0,8,0,0.0,0.0,0.0,0.0,0.0,0.0,0.0,0.0,0.0,[],[]
gpt-5.4,scenario-cq,2023-134-02,True,,65,True,True,True,19,1,0,0,1.0,1.0,1.0,True,True,6,1.0,0.6929,"[{""cq_index"": 0, ""cq_text"": ""What type of action, e.g., create, update, erase, is being performed on the data?"", ""cq_token_count"": 7, ""covered_token_count"": 6, ""token_recall"": 0.8571, ""covered"": true}, {""cq_index"": 1, ""cq_text"": ""Who is the entity interacting with the data?"", ""cq_token_count"": 3, ""covered_token_count"": 2, ""token_recall"": 0.6667, ""covered"": true}, {""cq_index"": 2, ""cq_text"": ""Who is the entity publishing the log?"", ""cq_token_count"": 3, ""covered_token_count"": 2, ""token_recall"": 0.6667, ""covered"": true}, {""cq_index"": 3, ""cq_text"": ""When was the log issued?"", ""cq_token_count"": 2, ""covered_token_count"": 1, ""token_recall"": 0.5, ""covered"": true}, {""cq_index"": 4, ""cq_text"": ""Where is the data being stored?"", ""cq_token_count"": 3, ""covered_token_count"": 2, ""token_recall"": 0.6667, ""covered"": true}, {""cq_index"": 5, ""cq_text"": ""What application/service is being used to generate the data, if any?"", ""cq_token_count"": 5, ""covered_token_count"": 4, ""token_recall"": 0.8, ""covered"": true}]",112,88,0.4773,0.5357,True,19,0,1,0,0.0,0.0,0.0,0.0,0.0,0.0,0.0,0.0,0.0,[],[]
gpt-5.4,scenario-cq,2023-134-03,True,,48,True,True,True,5,4,2,0,1.0,1.0,1.0,True,True,5,1.0,0.95,"[{""cq_index"": 0, ""cq_text"": ""Who is maintaining the registry?"", ""cq_token_count"": 2, ""covered_token_count"": 2, ""token_recall"": 1.0, ""covered"": true}, {""cq_index"": 1, ""cq_text"": ""When was the registry created/updated?"", ""cq_token_count"": 3, ""covered_token_count"": 3, ""token_recall"": 1.0, ""covered"": true}, {""cq_index"": 2, ""cq_text"": ""What types of data are available?"", ""cq_token_count"": 2, ""covered_token_count"": 2, ""token_recall"": 1.0, ""covered"": true}, {""cq_index"": 3, ""cq_text"": ""Where is a specific type of data being stored?"", ""cq_token_count"": 4, ""covered_token_count"": 3, ""token_recall"": 0.75, ""covered"": true}, {""cq_index"": 4, ""cq_text"": ""What policy is associated with the data?"", ""cq_token_count"": 3, ""covered_token_count"": 3, ""token_recall"": 1.0, ""covered"": true}]",43,88,0.1364,0.5349,True,5,0,6,0,0.0,0.0,0.0,0.0,0.0,0.0,0.0,0.0,0.0,[],[]
gpt-5.4,scenario-cq,2023-135-01,True,,72,True,True,True,7,9,0,0,1.0,1.0,1.0,True,True,3,0.6667,0.4445,"[{""cq_index"": 0, ""cq_text"": ""Under what pseudonym did the author C. S. Lewis published a collection of poems, Spirit in Bondage?"", ""cq_token_count"": 9, ""covered_token_count"": 6, ""token_recall"": 0.6667, ""covered"": true}, {""cq_index"": 1, ""cq_text"": ""What alternative did C. S. Lewis used to assume the role of a book writer?"", ""cq_token_count"": 6, ""covered_token_count"": 4, ""token_recall"": 0.6667, ""covered"": true}, {""cq_index"": 2, ""cq_text"": ""Show the trajectories of rivers which cross national parks?"", ""cq_token_count"": 5, ""covered_token_count"": 0, ""token_recall"": 0.0, ""covered"": false}]",58,10,0.9,0.6897,True,7,5,9,13,0.1429,0.2,0.1667,0.4444,0.3077,0.3636,0.1667,0.1667,0.2651,"[""name""]","[""assumes role"", ""has old name"", ""has new name"", ""has name change""]"
gpt-5.4,scenario-cq,2024-145-01,True,,69,True,True,True,8,7,1,0,1.0,1.0,1.0,True,True,7,1.0,0.9,"[{""cq_index"": 0, ""cq_text"": ""List all district courts in a given state."", ""cq_token_count"": 3, ""covered_token_count"": 3, ""token_recall"": 1.0, ""covered"": true}, {""cq_index"": 1, ""cq_text"": ""In which state is a given district court instance located?"", ""cq_token_count"": 5, ""covered_token_count"": 4, ""token_recall"": 0.8, ""covered"": true}, {""cq_index"": 2, ""cq_text"": ""How many districts are in a given state of India?"", ""cq_token_count"": 4, ""covered_token_count"": 2, ""token_recall"": 0.5, ""covered"": true}, {""cq_index"": 3, ""cq_text"": ""Which court has authority over a given court?"", ""cq_token_count"": 3, ""covered_token_count"": 3, ""token_recall"": 1.0, ""covered"": true}, {""cq_index"": 4, ""cq_text"": ""What is the check transaction type for a bad check?"", ""cq_token_count"": 3, ""covered_token_count"": 3, ""token_recall"": 1.0, ""covered"": true}, {""cq_index"": 5, ""cq_text"": ""When is a check payment of a bad check?"", ""cq_token_count"": 3, ""covered_token_count"": 3, ""token_recall"": 1.0, ""covered"": true}, {""cq_index"": 6, ""cq_text"": ""What is the transaction status of a given check payment?"", ""cq_token_count"": 4, ""covered_token_count"": 4, ""token_recall"": 1.0, ""covered"": true}]",40,17,0.3529,0.6,False,8,0,8,0,0.0,0.0,0.0,0.0,0.0,0.0,0.0,0.0,0.0,[],[]
gpt-5.4,scenario-cq,2025-147-01,True,,80,True,True,True,12,6,1,0,1.0,1.0,1.0,True,True,48,0.5625,0.4159,"[{""cq_index"": 0, ""cq_text"": ""How are ships clearly identified?"", ""cq_token_count"": 3, ""covered_token_count"": 2, ""token_recall"": 0.6667, ""covered"": true}, {""cq_index"": 1, ""cq_text"": ""How are a ship's dimensions described?"", ""cq_token_count"": 3, ""covered_token_count"": 2, ""token_recall"": 0.6667, ""covered"": true}, {""cq_index"": 2, ""cq_text"": ""What information can be provided about the typical location of a ship?"", ""cq_token_count"": 5, ""covered_token_count"": 3, ""token_recall"": 0.6, ""covered"": true}, {""cq_index"": 3, ""cq_text"": ""Who can be the owner of a ship?"", ""cq_token_count"": 2, ""covered_token_count"": 2, ""token_recall"": 1.0, ""covered"": true}, {""cq_index"": 4, ""cq_text"": ""How is a ship's average speed over ground specified?"", ""cq_token_count"": 6, ""covered_token_count"": 1, ""token_recall"": 0.1667, ""covered"": false}, {""cq_index"": 5, ""cq_text"": ""How many container ships are registered under the German flag?"", ""cq_token_count"": 7, ""covered_token_count"": 5, ""token_recall"": 0.7143, ""covered"": true}, {""cq_index"": 6, ""cq_text"": ""How is the GPS antenna placed relatively to the ship's structure (bow, stern, port, starboard)?"", ""cq_token_count"": 10, ""covered_token_count"": 1, ""token_recall"": 0.1, ""covered"": false}, {""cq_index"": 7, ""cq_text"": ""Which organization owns the most ships?"", ""cq_token_count"": 4, ""covered_token_count"": 2, ""token_recall"": 0.5, ""covered"": true}, {""cq_index"": 8, ""cq_text"": ""What information can be provided about a ship route?"", ""cq_token_count"": 4, ""covered_token_count"": 1, ""token_recall"": 0.25, ""covered"": false}, {""cq_index"": 9, ""cq_text"": ""What information is known about a single trajectory part?"", ""cq_token_count"": 5, ""covered_token_count"": 0, ""token_recall"": 0.0, ""covered"": false}, {""cq_index"": 10, ""cq_text"": ""What types of trajectories are distinguished?"", ""cq_token_count"": 2, ""covered_token_count"": 1, ""token_recall"": 0.5, ""covered"": true}, {""cq_index"": 11, ""cq_text"": ""What unit does the draught of a ship have?"", ""cq_token_count"": 3, ""covered_token_count"": 3, ""token_recall"": 1.0, ""covered"": true}, {""cq_index"": 12, ""cq_text"": ""What was the average speed over ground of the ship on route on day X?"", ""cq_token_count"": 7, ""covered_token_count"": 1, ""token_recall"": 0.1429, ""covered"": false}, {""cq_index"": 13, ""cq_text"": ""What route is predicted for ship X?"", ""cq_token_count"": 3, ""covered_token_count"": 1, ""token_recall"": 0.3333, ""covered"": false}, {""cq_index"": 14, ""cq_text"": ""What types of engines are used in ships?"", ""cq_token_count"": 2, ""covered_token_count"": 2, ""token_recall"": 1.0, ""covered"": true}, {""cq_index"": 15, ""cq_text"": ""What combinations of engines can exist?"", ""cq_token_count"": 3, ""covered_token_count"": 1, ""token_recall"": 0.3333, ""covered"": false}, {""cq_index"": 16, ""cq_text"": ""What powers these ship engines?"", ""cq_token_count"": 4, ""covered_token_count"": 2, ""token_recall"": 0.5, ""covered"": true}, {""cq_index"": 17, ""cq_text"": ""What is driven by ship engines?"", ""cq_token_count"": 3, ""covered_token_count"": 2, ""token_recall"": 0.6667, ""covered"": true}, {""cq_index"": 18, ""cq_text"": ""What types of propulsion systems can ships have?"", ""cq_token_count"": 3, ""covered_token_count"": 3, ""token_recall"": 1.0, ""covered"": true}, {""cq_index"": 19, ""cq_text"": ""What propulsion systems don't rely on an engine?"", ""cq_token_count"": 5, ""covered_token_count"": 2, ""token_recall"": 0.4, ""covered"": true}, {""cq_index"": 20, ""cq_text"": ""Which propulsion technologies are used by each individual propulsion system?"", ""cq_token_count"": 4, ""covered_token_count"": 2, ""token_recall"": 0.5, ""covered"": true}, {""cq_index"": 21, ""cq_text"": ""What falls under the category of propulsion technologies powered by engines?"", ""cq_token_count"": 7, ""covered_token_count"": 5, ""token_recall"": 0.7143, ""covered"": true}, {""cq_index"": 22, ""cq_text"": ""What types of jet propulsors exist?"", ""cq_token_count"": 3, ""covered_token_count"": 0, ""token_recall"": 0.0, ""covered"": false}, {""cq_index"": 23, ""cq_text"": ""What types of bladed propulsors exist?"", ""cq_token_count"": 3, ""covered_token_count"": 0, ""token_recall"": 0.0, ""covered"": false}, {""cq_index"": 24, ""cq_text"": ""What types of blade propulsors follow a special design?"", ""cq_token_count"": 5, ""covered_token_count"": 1, ""token_recall"": 0.2, ""covered"": false}, {""cq_index"": 25, ""cq_text"": ""What properties describe a bladed propulsor?"", ""cq_token_count"": 4, ""covered_token_count"": 0, ""token_recall"": 0.0, ""covered"": false}, {""cq_index"": 26, ""cq_text"": ""What types of screw propellers can be used?"", ""cq_token_count"": 2, ""covered_token_count"": 0, ""token_recall"": 0.0, ""covered"": false}, {""cq_index"": 27, ""cq_text"": ""What is used to prevent cavitation on technologies for motorized propulsion?"", ""cq_token_count"": 5, ""covered_token_count"": 2, ""token_recall"": 0.4, ""covered"": true}, {""cq_index"": 28, ""cq_text"": ""What type of sails exist?"", ""cq_token_count"": 2, ""covered_token_count"": 0, ""token_recall"": 0.0, ""covered"": false}, {""cq_index"": 29, ""cq_text"": ""Which type of propulsion technologies can assist a motorized ship?"", ""cq_token_count"": 5, ""covered_token_count"": 3, ""token_recall"": 0.6, ""covered"": true}, {""cq_index"": 30, ""cq_text"": ""What fuel does ship X use to drive?"", ""cq_token_count"": 3, ""covered_token_count"": 1, ""token_recall"": 0.3333, ""covered"": false}, {""cq_index"": 31, ""cq_text"": ""How many engines power ship X?"", ""cq_token_count"": 4, ""covered_token_count"": 2, ""token_recall"": 0.5, ""covered"": true}, {""cq_index"": 32, ""cq_text"": ""What types of propellers are installed on ship X?"", ""cq_token_count"": 3, ""covered_token_count"": 1, ""token_recall"": 0.3333, ""covered"": false}, {""cq_index"": 33, ""cq_text"": ""What is the most common type of propeller?"", ""cq_token_count"": 3, ""covered_token_count"": 0, ""token_recall"": 0.0, ""covered"": false}, {""cq_index"": 34, ""cq_text"": ""How many ships have sails?"", ""cq_token_count"": 3, ""covered_token_count"": 1, ""token_recall"": 0.3333, ""covered"": false}, {""cq_index"": 35, ""cq_text"": ""Which ships use electric engines exclusively?"", ""cq_token_count"": 4, ""covered_token_count"": 2, ""token_recall"": 0.5, ""covered"": true}, {""cq_index"": 36, ""cq_text"": ""What motorized propulsion does a ship use that is assisted by wind propulsion?"", ""cq_token_count"": 5, ""covered_token_count"": 2, ""token_recall"": 0.4, ""covered"": true}, {""cq_index"": 37, ""cq_text"": ""How many supercavitating propellers does ship X use?"", ""cq_token_count"": 4, ""covered_token_count"": 1, ""token_recall"": 0.25, ""covered"": false}, {""cq_index"": 38, ""cq_text"": ""What diameter and how many blades does the fixed pitch propeller Y of ship X have?"", ""cq_token_count"": 7, ""covered_token_count"": 1, ""token_recall"": 0.1429, ""covered"": false}, {""cq_index"": 39, ""cq_text"": ""What is the least utilized wind assisted propulsion system?"", ""cq_token_count"": 6, ""covered_token_count"": 1, ""token_recall"": 0.1667, ""covered"": false}, {""cq_index"": 40, ""cq_text"": ""What different kinds of data can be used to represent a ship?"", ""cq_token_count"": 5, ""covered_token_count"": 2, ""token_recall"": 0.4, ""covered"": true}, {""cq_index"": 41, ""cq_text"": ""How is sonar data of ships stored?"", ""cq_token_count"": 4, ""covered_token_count"": 3, ""token_recall"": 0.75, ""covered"": true}, {""cq_index"": 42, ""cq_text"": ""What image resources are available for a ship?"", ""cq_token_count"": 4, ""covered_token_count"": 2, ""token_recall"": 0.5, ""covered"": true}, {""cq_index"": 43, ""cq_text"": ""What textual information about a ship is available?"", ""cq_token_count"": 4, ""covered_token_count"": 2, ""token_recall"": 0.5, ""covered"": true}, {""cq_index"": 44, ""cq_text"": ""What does ship X look like?"", ""cq_token_count"": 3, ""covered_token_count"": 1, ""token_recall"": 0.3333, ""covered"": false}, {""cq_index"": 45, ""cq_text"": ""How does ship X sound like on a sonar?"", ""cq_token_count"": 4, ""covered_token_count"": 2, ""token_recall"": 0.5, ""covered"": true}, {""cq_index"": 46, ""cq_text"": ""What is the textual description of ship X?"", ""cq_token_count"": 3, ""covered_token_count"": 2, ""token_recall"": 0.6667, ""covered"": true}, {""cq_index"": 47, ""cq_text"": ""Are there ships without sonar signatures?"", ""cq_token_count"": 5, ""covered_token_count"": 2, ""token_recall"": 0.4, ""covered"": true}]",80,109,0.1743,0.5125,True,12,1,7,8,0.0,0.0,0.0,0.0,0.0,0.0,0.0,0.0,0.0,[],[]
gpt-5.4,scenario-cq,2025-149-01,True,,72,True,True,True,20,0,0,0,1.0,1.0,0.0,True,True,25,0.84,0.5796,"[{""cq_index"": 0, ""cq_text"": ""Can the ontology represent a relational database as a first-class schema entity?"", ""cq_token_count"": 8, ""covered_token_count"": 5, ""token_recall"": 0.625, ""covered"": true}, {""cq_index"": 1, ""cq_text"": ""Can the ontology represent tables belonging to a database?"", ""cq_token_count"": 5, ""covered_token_count"": 2, ""token_recall"": 0.4, ""covered"": true}, {""cq_index"": 2, ""cq_text"": ""Can the ontology represent columns belonging to a table?"", ""cq_token_count"": 5, ""covered_token_count"": 2, ""token_recall"": 0.4, ""covered"": true}, {""cq_index"": 3, ""cq_text"": ""Can the ontology represent primary-key relationships in the schema?"", ""cq_token_count"": 6, ""covered_token_count"": 2, ""token_recall"": 0.3333, ""covered"": false}, {""cq_index"": 4, ""cq_text"": ""Can the ontology represent foreign-key relationships and distinguish same-named columns across different tables when they are not semantically linked?"", ""cq_token_count"": 15, ""covered_token_count"": 2, ""token_recall"": 0.1333, ""covered"": false}, {""cq_index"": 5, ""cq_text"": ""Can the ontology define a policy for a specific agent?"", ""cq_token_count"": 5, ""covered_token_count"": 4, ""token_recall"": 0.8, ""covered"": true}, {""cq_index"": 6, ""cq_text"": ""Can a policy specify a high-level ReadAction?"", ""cq_token_count"": 5, ""covered_token_count"": 3, ""token_recall"": 0.6, ""covered"": true}, {""cq_index"": 7, ""cq_text"": ""Can a policy specify a high-level ModifyAction?"", ""cq_token_count"": 5, ""covered_token_count"": 3, ""token_recall"": 0.6, ""covered"": true}, {""cq_index"": 8, ""cq_text"": ""Can a policy specify a ViewActionScope for read operations?"", ""cq_token_count"": 5, ""covered_token_count"": 3, ""token_recall"": 0.6, ""covered"": true}, {""cq_index"": 9, ""cq_text"": ""Can a policy specify a ProcessActionScope for read operations?"", ""cq_token_count"": 5, ""covered_token_count"": 3, ""token_recall"": 0.6, ""covered"": true}, {""cq_index"": 10, ""cq_text"": ""Can a policy be defined at table level?"", ""cq_token_count"": 4, ""covered_token_count"": 4, ""token_recall"": 1.0, ""covered"": true}, {""cq_index"": 11, ""cq_text"": ""Can a policy be defined at column level?"", ""cq_token_count"": 4, ""covered_token_count"": 4, ""token_recall"": 1.0, ""covered"": true}, {""cq_index"": 12, ""cq_text"": ""Can a policy be defined at row level using conditions?"", ""cq_token_count"": 5, ""covered_token_count"": 4, ""token_recall"": 0.8, ""covered"": true}, {""cq_index"": 13, ""cq_text"": ""Can the ontology express a prohibited modify action on a table?"", ""cq_token_count"": 6, ""covered_token_count"": 4, ""token_recall"": 0.6667, ""covered"": true}, {""cq_index"": 14, ""cq_text"": ""Can the ontology express a table-level read prohibition for processing?"", ""cq_token_count"": 7, ""covered_token_count"": 4, ""token_recall"": 0.5714, ""covered"": true}, {""cq_index"": 15, ""cq_text"": ""Can the ontology express a table-level read prohibition for viewing?"", ""cq_token_count"": 7, ""covered_token_count"": 4, ""token_recall"": 0.5714, ""covered"": true}, {""cq_index"": 16, ""cq_text"": ""Can the ontology express a conditional row-level read restriction for later enforcement?"", ""cq_token_count"": 9, ""covered_token_count"": 5, ""token_recall"": 0.5556, ""covered"": true}, {""cq_index"": 17, ""cq_text"": ""Can the ontology represent a SQL query as an AST-based semantic graph?"", ""cq_token_count"": 8, ""covered_token_count"": 6, ""token_recall"": 0.75, ""covered"": true}, {""cq_index"": 18, ""cq_text"": ""Can a SQL statement such as SelectStatement or UpdateStatement be mapped to its semantic action type?"", ""cq_token_count"": 8, ""covered_token_count"": 4, ""token_recall"": 0.5, ""covered"": true}, {""cq_index"": 19, ""cq_text"": ""Can a query statement be linked to the executing agent?"", ""cq_token_count"": 5, ""covered_token_count"": 3, ""token_recall"": 0.6, ""covered"": true}, {""cq_index"": 20, ""cq_text"": ""Can SQL clauses be assigned operational scopes such as view or process?"", ""cq_token_count"": 8, ""covered_token_count"": 5, ""token_recall"": 0.625, ""covered"": true}, {""cq_index"": 21, ""cq_text"": ""Can scope be propagated to reference nodes as an effectiveActionScope?"", ""cq_token_count"": 5, ""covered_token_count"": 2, ""token_recall"": 0.4, ""covered"": true}, {""cq_index"": 22, ""cq_text"": ""Can a TableRef in the query be linked to its corresponding schema Table?"", ""cq_token_count"": 6, ""covered_token_count"": 2, ""token_recall"": 0.3333, ""covered"": false}, {""cq_index"": 23, ""cq_text"": ""Can a ColumnRef in the query be linked to its corresponding schema Column?"", ""cq_token_count"": 6, ""covered_token_count"": 2, ""token_recall"": 0.3333, ""covered"": false}, {""cq_index"": 24, ""cq_text"": ""Can the reasoner infer whether a referenced table or column is Violated or RowTag based on the matching policy, action, and scope?"", ""cq_token_count"": 13, ""covered_token_count"": 9, ""token_recall"": 0.6923, ""covered"": true}]",79,10,0.6,0.4177,True,20,48,0,41,0.65,0.2708,0.3824,0.0,0.0,0.0,0.28,0.0,0.1912,"[""agent"", ""relational database"", ""table"", ""column"", ""policy"", ""action"", ""action scope"", ""sql node"", ""sql statement"", ""select statement"", ""update statement"", ""sql clause"", ""table ref""]",[]
gpt-5.4,scenario-cq,2025-150-01,True,,61,True,True,True,18,0,0,0,1.0,1.0,0.0,True,True,32,0.6875,0.5131,"[{""cq_index"": 0, ""cq_text"": ""Which MQTT Clients are connected to which Broker?"", ""cq_token_count"": 4, ""covered_token_count"": 2, ""token_recall"": 0.5, ""covered"": true}, {""cq_index"": 1, ""cq_text"": ""Which MQTT NetworkConnections exist, are they TLS-secured, and who initiated/accepted them?"", ""cq_token_count"": 9, ""covered_token_count"": 3, ""token_recall"": 0.3333, ""covered"": false}, {""cq_index"": 2, ""cq_text"": ""Which MQTT participants (Clients/Brokers) use which MQTT NetworkConnections?"", ""cq_token_count"": 5, ""covered_token_count"": 2, ""token_recall"": 0.4, ""covered"": true}, {""cq_index"": 3, ""cq_text"": ""Which MQTT Clients with which ClientIDs run on which SOSA platforms?"", ""cq_token_count"": 6, ""covered_token_count"": 2, ""token_recall"": 0.3333, ""covered"": false}, {""cq_index"": 4, ""cq_text"": ""Which MQTT Clients are hosting which SOSA systems (sensors/actuators)?"", ""cq_token_count"": 7, ""covered_token_count"": 2, ""token_recall"": 0.2857, ""covered"": false}, {""cq_index"": 5, ""cq_text"": ""What host/port is a MQTT Broker configured with?"", ""cq_token_count"": 5, ""covered_token_count"": 2, ""token_recall"": 0.4, ""covered"": true}, {""cq_index"": 6, ""cq_text"": ""Which SOSA sensors publish to which MQTT Topics (observations)?"", ""cq_token_count"": 6, ""covered_token_count"": 5, ""token_recall"": 0.8333, ""covered"": true}, {""cq_index"": 7, ""cq_text"": ""Which SOSA actuators listen to which MQTT Topics (commands)?"", ""cq_token_count"": 6, ""covered_token_count"": 4, ""token_recall"": 0.6667, ""covered"": true}, {""cq_index"": 8, ""cq_text"": ""Which SOSA FeaturesOfInterest, Properties etc. appear as MQTT TopicSubjects and on which MQTT Topics?"", ""cq_token_count"": 8, ""covered_token_count"": 3, ""token_recall"": 0.375, ""covered"": false}, {""cq_index"": 9, ""cq_text"": ""Which MQTT Topic Filters match a given MQTT Topic?"", ""cq_token_count"": 4, ""covered_token_count"": 3, ""token_recall"": 0.75, ""covered"": true}, {""cq_index"": 10, ""cq_text"": ""Which MQTT Topics are matched by a given MQTT Topic Filter?"", ""cq_token_count"": 5, ""covered_token_count"": 5, ""token_recall"": 1.0, ""covered"": true}, {""cq_index"": 11, ""cq_text"": ""Which MQTT filter patterns (with wildcards) are stored?"", ""cq_token_count"": 5, ""covered_token_count"": 3, ""token_recall"": 0.6, ""covered"": true}, {""cq_index"": 12, ""cq_text"": ""Which MQTT Clients send which MQTT Control Packets?"", ""cq_token_count"": 5, ""covered_token_count"": 3, ""token_recall"": 0.6, ""covered"": true}, {""cq_index"": 13, ""cq_text"": ""Which MQTT PUBLISH/SUBSCRIBE/UNSUBSCRIBE packets were sent (specializations)?"", ""cq_token_count"": 7, ""covered_token_count"": 4, ""token_recall"": 0.5714, ""covered"": true}, {""cq_index"": 14, ""cq_text"": ""Which MQTT Brokers receive/forward which MQTT Control Packets?"", ""cq_token_count"": 6, ""covered_token_count"": 3, ""token_recall"": 0.5, ""covered"": true}, {""cq_index"": 15, ""cq_text"": ""Which MQTT Control Packets were sent by which Client (inverse)?"", ""cq_token_count"": 6, ""covered_token_count"": 5, ""token_recall"": 0.8333, ""covered"": true}, {""cq_index"": 16, ""cq_text"": ""Which MQTT Publish packets carry Observations for a specific SOSA FeatureOfInterest or Property?"", ""cq_token_count"": 9, ""covered_token_count"": 6, ""token_recall"": 0.6667, ""covered"": true}, {""cq_index"": 17, ""cq_text"": ""Which MQTT SUBSCRIBE packets request QoS=2 and for which filters?"", ""cq_token_count"": 6, ""covered_token_count"": 3, ""token_recall"": 0.5, ""covered"": true}, {""cq_index"": 18, ""cq_text"": ""Which MQTT UNSUBSCRIBE packets remove all filters under a certain path (e.g. 'factory/centering/#')?"", ""cq_token_count"": 10, ""covered_token_count"": 3, ""token_recall"": 0.3, ""covered"": false}, {""cq_index"": 19, ""cq_text"": ""Which MQTT Control Packet has which Fixed Header / Variable Header / Payload?"", ""cq_token_count"": 7, ""covered_token_count"": 4, ""token_recall"": 0.5714, ""covered"": true}, {""cq_index"": 20, ""cq_text"": ""Which MQTT PUBLISH packet has which MQTT Topic (name) in the Variable Header?"", ""cq_token_count"": 7, ""covered_token_count"": 4, ""token_recall"": 0.5714, ""covered"": true}, {""cq_index"": 21, ""cq_text"": ""Which QoS levels are set (in PUBLISH Fixed Header or SubscriptionEntry)?"", ""cq_token_count"": 7, ""covered_token_count"": 1, ""token_recall"": 0.1429, ""covered"": false}, {""cq_index"": 22, ""cq_text"": ""Are RETAIN/DUP flags set in PUBLISH?"", ""cq_token_count"": 5, ""covered_token_count"": 1, ""token_recall"": 0.2, ""covered"": false}, {""cq_index"": 23, ""cq_text"": ""Which MQTT Control Packets have which PacketIdentifier?"", ""cq_token_count"": 4, ""covered_token_count"": 3, ""token_recall"": 0.75, ""covered"": true}, {""cq_index"": 24, ""cq_text"": ""Which MQTT SUBSCRIBE payloads contain which SubscriptionEntries?"", ""cq_token_count"": 5, ""covered_token_count"": 1, ""token_recall"": 0.2, ""covered"": false}, {""cq_index"": 25, ""cq_text"": ""Which MQTT Topic Filters (with QoS) are requested by a SubscriptionEntry?"", ""cq_token_count"": 6, ""covered_token_count"": 3, ""token_recall"": 0.5, ""covered"": true}, {""cq_index"": 26, ""cq_text"": ""Which MQTT UNSUBSCRIBE payloads remove which MQTT TopicFilters?"", ""cq_token_count"": 5, ""covered_token_count"": 1, ""token_recall"": 0.2, ""covered"": false}, {""cq_index"": 27, ""cq_text"": ""Which MQTT PUBLISH payloads encode SOSA Observations (or Observation Collections)?"", ""cq_token_count"": 8, ""covered_token_count"": 5, ""token_recall"": 0.625, ""covered"": true}, {""cq_index"": 28, ""cq_text"": ""Which MQTT PUBLISH payloads encode SOSA Actuations (or Actuation Collections)?"", ""cq_token_count"": 8, ""covered_token_count"": 5, ""token_recall"": 0.625, ""covered"": true}, {""cq_index"": 29, ""cq_text"": ""Which fields are encoded in a MQTT payload?"", ""cq_token_count"": 4, ""covered_token_count"": 3, ""token_recall"": 0.75, ""covered"": true}, {""cq_index"": 30, ""cq_text"": ""What content, content type, encoding and delimiter does a MQTT PUBLISH payload have?"", ""cq_token_count"": 6, ""covered_token_count"": 3, ""token_recall"": 0.5, ""covered"": true}, {""cq_index"": 31, ""cq_text"": ""What is the size of a MQTT payload (as QUDT QuantityValue with unit)?"", ""cq_token_count"": 6, ""covered_token_count"": 2, ""token_recall"": 0.3333, ""covered"": false}]",76,60,0.2333,0.5658,True,18,9,0,11,0.0,0.0,0.0,0.0,0.0,0.0,0.0,0.0,0.0,[],[]
gpt-5.4,scenario-cq,2025-151-01,True,,74,True,True,True,10,6,1,0,1.0,1.0,1.0,True,True,5,1.0,1.0,"[{""cq_index"": 0, ""cq_text"": ""What is the requested action?"", ""cq_token_count"": 2, ""covered_token_count"": 2, ""token_recall"": 1.0, ""covered"": true}, {""cq_index"": 1, ""cq_text"": ""Who is the party issuing the evaluation request?"", ""cq_token_count"": 4, ""covered_token_count"": 4, ""token_recall"": 1.0, ""covered"": true}, {""cq_index"": 2, ""cq_text"": ""What is the target asset of the evaluation request?"", ""cq_token_count"": 4, ""covered_token_count"": 4, ""token_recall"": 1.0, ""covered"": true}, {""cq_index"": 3, ""cq_text"": ""When was the evaluation request issued?"", ""cq_token_count"": 3, ""covered_token_count"": 3, ""token_recall"": 1.0, ""covered"": true}, {""cq_index"": 4, ""cq_text"": ""What additional contextual information can be included in the evaluation request to further constrain it?"", ""cq_token_count"": 8, ""covered_token_count"": 8, ""token_recall"": 1.0, ""covered"": true}]",54,25,0.72,0.5556,True,10,1,7,5,0.1,1.0,0.1818,0.2857,0.4,0.3333,0.1667,0.4167,0.2576,"[""evaluation request""]","[""has requested action"", ""issued by""]"
gpt-5.4,scenario-cq,2025-151-02,True,,73,True,True,True,15,5,0,0,1.0,1.0,1.0,True,True,10,1.0,0.79,"[{""cq_index"": 0, ""cq_text"": ""What is the current time?"", ""cq_token_count"": 2, ""covered_token_count"": 2, ""token_recall"": 1.0, ""covered"": true}, {""cq_index"": 1, ""cq_text"": ""What is the location of a party?"", ""cq_token_count"": 2, ""covered_token_count"": 2, ""token_recall"": 1.0, ""covered"": true}, {""cq_index"": 2, ""cq_text"": ""What assets are part of the asset collection of the policy that is being evaluated?"", ""cq_token_count"": 7, ""covered_token_count"": 7, ""token_recall"": 1.0, ""covered"": true}, {""cq_index"": 3, ""cq_text"": ""Which parties are part of the party collection of the policy that is being evaluated?"", ""cq_token_count"": 7, ""covered_token_count"": 7, ""token_recall"": 1.0, ""covered"": true}, {""cq_index"": 4, ""cq_text"": ""What actions were already performed or attempted?"", ""cq_token_count"": 4, ""covered_token_count"": 3, ""token_recall"": 0.75, ""covered"": true}, {""cq_index"": 5, ""cq_text"": ""How many times has a rule been exercised?"", ""cq_token_count"": 4, ""covered_token_count"": 2, ""token_recall"": 0.5, ""covered"": true}, {""cq_index"": 6, ""cq_text"": ""What information is available about an event that has occurred?"", ""cq_token_count"": 4, ""covered_token_count"": 3, ""token_recall"": 0.75, ""covered"": true}, {""cq_index"": 7, ""cq_text"": ""How long has a rule been exercised?"", ""cq_token_count"": 3, ""covered_token_count"": 2, ""token_recall"": 0.6667, ""covered"": true}, {""cq_index"": 8, ""cq_text"": ""Which recipients or categories of recipients can receive the result of the rule that has been exercised?"", ""cq_token_count"": 6, ""covered_token_count"": 5, ""token_recall"": 0.8333, ""covered"": true}, {""cq_index"": 9, ""cq_text"": ""Has a financial payment been made? What was the amount paid?"", ""cq_token_count"": 5, ""covered_token_count"": 2, ""token_recall"": 0.4, ""covered"": true}]",66,23,0.4348,0.4848,True,15,1,5,0,0.0,0.0,0.0,0.0,0.0,0.0,0.0,0.0,0.0,[],[]
gpt-5.4,scenario-cq,2025-153-01,True,,70,True,True,True,7,9,0,0,1.0,1.0,0.8889,True,True,8,1.0,0.7208,"[{""cq_index"": 0, ""cq_text"": ""Which entity does a persistent identifier currently reference?"", ""cq_token_count"": 5, ""covered_token_count"": 3, ""token_recall"": 0.6, ""covered"": true}, {""cq_index"": 1, ""cq_text"": ""Which entity was referenced at a past timestamp?"", ""cq_token_count"": 4, ""covered_token_count"": 2, ""token_recall"": 0.5, ""covered"": true}, {""cq_index"": 2, ""cq_text"": ""When did referent transitions occur?"", ""cq_token_count"": 3, ""covered_token_count"": 2, ""token_recall"": 0.6667, ""covered"": true}, {""cq_index"": 3, ""cq_text"": ""What observations are associated with specific referents?"", ""cq_token_count"": 4, ""covered_token_count"": 4, ""token_recall"": 1.0, ""covered"": true}, {""cq_index"": 4, ""cq_text"": ""What is the full sequence of referents over time?"", ""cq_token_count"": 5, ""covered_token_count"": 4, ""token_recall"": 0.8, ""covered"": true}, {""cq_index"": 5, ""cq_text"": ""Which rules triggered specific transitions?"", ""cq_token_count"": 4, ""covered_token_count"": 4, ""token_recall"": 1.0, ""covered"": true}, {""cq_index"": 6, ""cq_text"": ""Are there gaps or overlaps in temporal bindings?"", ""cq_token_count"": 5, ""covered_token_count"": 2, ""token_recall"": 0.4, ""covered"": true}, {""cq_index"": 7, ""cq_text"": ""Can complete context be rebuilt for any time point?"", ""cq_token_count"": 5, ""covered_token_count"": 4, ""token_recall"": 0.8, ""covered"": true}]",78,119,0.1092,0.6667,True,7,11,9,22,0.7143,0.4545,0.5556,0.4444,0.1818,0.2581,0.4211,0.2222,0.4068,"[""referent"", ""temporal binding"", ""transition"", ""transition rule"", ""observation""]","[""has binding"", ""binds identifier"", ""has transition"", ""triggered by rule""]"
gpt-5.4,scenario-cq,2026-155-01,True,,66,True,True,True,17,2,0,0,1.0,1.0,1.0,True,True,8,1.0,0.8363,"[{""cq_index"": 0, ""cq_text"": ""Which survey or investigation activities were performed on a given cultural property or on a specific feature of interest?"", ""cq_token_count"": 9, ""covered_token_count"": 9, ""token_recall"": 1.0, ""covered"": true}, {""cq_index"": 1, ""cq_text"": ""Which method or investigation technique was adopted in a specific survey or investigation activity?"", ""cq_token_count"": 7, ""covered_token_count"": 7, ""token_recall"": 1.0, ""covered"": true}, {""cq_index"": 2, ""cq_text"": ""Which observations were produced during a given survey or investigation activity?"", ""cq_token_count"": 6, ""covered_token_count"": 6, ""token_recall"": 1.0, ""covered"": true}, {""cq_index"": 3, ""cq_text"": ""Which experts participated in the survey or investigation activity, and with which roles?"", ""cq_token_count"": 6, ""covered_token_count"": 3, ""token_recall"": 0.5, ""covered"": true}, {""cq_index"": 4, ""cq_text"": ""Which hardware, software, and technical configurations were used to conduct a specific survey or investigation activity?"", ""cq_token_count"": 9, ""covered_token_count"": 9, ""token_recall"": 1.0, ""covered"": true}, {""cq_index"": 5, ""cq_text"": ""What interpretations or claims are supported by the observations produced during a survey?"", ""cq_token_count"": 7, ""covered_token_count"": 6, ""token_recall"": 0.8571, ""covered"": true}, {""cq_index"": 6, ""cq_text"": ""How are post-processed outputs (e.g., interactive images, spectra, datasets) related to the underlying acquisition or observation activities?"", ""cq_token_count"": 12, ""covered_token_count"": 8, ""token_recall"": 0.6667, ""covered"": true}, {""cq_index"": 7, ""cq_text"": ""Which acquisition parameters (e.g., exposure time, ISO, aperture) characterised a specific photographic acquisition cycle within a survey?"", ""cq_token_count"": 12, ""covered_token_count"": 8, ""token_recall"": 0.6667, ""covered"": true}]",76,20,0.7,0.4342,True,17,22,2,32,0.5294,0.4091,0.4615,0.0,0.0,0.0,0.3421,0.08,0.2308,"[""cultural property"", ""feature of interest"", ""method"", ""observation"", ""role"", ""equipment configuration"", ""hardware"", ""software"", ""interpretation""]",[]
gpt-5.4,scenario-cq-constraints,2023-133-01,True,,70,True,True,True,7,4,1,0,1.0,1.0,1.0,True,True,4,0.75,0.7375,"[{""cq_index"": 0, ""cq_text"": ""What events are responsible for the pavement being slippery?"", ""cq_token_count"": 5, ""covered_token_count"": 5, ""token_recall"": 1.0, ""covered"": true}, {""cq_index"": 1, ""cq_text"": ""What would be the outcome of turning the sprinkler system on(off)?"", ""cq_token_count"": 5, ""covered_token_count"": 1, ""token_recall"": 0.2, ""covered"": false}, {""cq_index"": 2, ""cq_text"": ""How strong is the causal link between the sprinkler being on and the pavement being wet?"", ""cq_token_count"": 8, ""covered_token_count"": 6, ""token_recall"": 0.75, ""covered"": true}, {""cq_index"": 3, ""cq_text"": ""What if the pavement is not wet, how would it effect the pavement being slippery?"", ""cq_token_count"": 5, ""covered_token_count"": 5, ""token_recall"": 1.0, ""covered"": true}]",47,41,0.561,0.4894,True,7,5,5,5,0.1429,0.2,0.1667,0.2,0.2,0.2,0.0667,0.3,0.1834,"[""event""]","[""has effect""]"
gpt-5.4,scenario-cq-constraints,2023-133-02,True,,71,True,True,True,9,5,2,0,1.0,1.0,1.0,True,True,6,1.0,0.8477,"[{""cq_index"": 0, ""cq_text"": ""Is the medication intake by the patient caused by the presence of outdoor environmental allergen such as pollen or AQI?"", ""cq_token_count"": 11, ""covered_token_count"": 9, ""token_recall"": 0.8182, ""covered"": true}, {""cq_index"": 1, ""cq_text"": ""How much does the presence of an asthma symptom effect the intake of medication?"", ""cq_token_count"": 7, ""covered_token_count"": 6, ""token_recall"": 0.8571, ""covered"": true}, {""cq_index"": 2, ""cq_text"": ""How does an outdoor environmental allergen affect the patient?"", ""cq_token_count"": 5, ""covered_token_count"": 5, ""token_recall"": 1.0, ""covered"": true}, {""cq_index"": 3, ""cq_text"": ""What is the probable cause of the cough experienced by the patient?"", ""cq_token_count"": 5, ""covered_token_count"": 4, ""token_recall"": 0.8, ""covered"": true}, {""cq_index"": 4, ""cq_text"": ""What if pollen (or AQI) allergen was not present in the outdoor environment, how would it effect the intake of medication?"", ""cq_token_count"": 9, ""covered_token_count"": 7, ""token_recall"": 0.7778, ""covered"": true}, {""cq_index"": 5, ""cq_text"": ""What if the patient did not experience a cough, how would it effect the intake of medication?"", ""cq_token_count"": 6, ""covered_token_count"": 5, ""token_recall"": 0.8333, ""covered"": true}]",74,60,0.5333,0.5,True,9,5,7,5,0.0,0.0,0.0,0.1429,0.2,0.1667,0.0,0.2143,0.0833,[],"[""has effect""]"
gpt-5.4,scenario-cq-constraints,2023-134-01,True,,69,True,True,True,7,7,2,0,1.0,1.0,1.0,True,True,8,1.0,1.0,"[{""cq_index"": 0, ""cq_text"": ""What is the unique identifier of the policy?"", ""cq_token_count"": 3, ""covered_token_count"": 3, ""token_recall"": 1.0, ""covered"": true}, {""cq_index"": 1, ""cq_text"": ""Who is the creator of the policy?"", ""cq_token_count"": 2, ""covered_token_count"": 2, ""token_recall"": 1.0, ""covered"": true}, {""cq_index"": 2, ""cq_text"": ""When was the policy issued?"", ""cq_token_count"": 2, ""covered_token_count"": 2, ""token_recall"": 1.0, ""covered"": true}, {""cq_index"": 3, ""cq_text"": ""Who is the assignee of the policy?"", ""cq_token_count"": 2, ""covered_token_count"": 2, ""token_recall"": 1.0, ""covered"": true}, {""cq_index"": 4, ""cq_text"": ""What application/service is being used to access the data?"", ""cq_token_count"": 5, ""covered_token_count"": 5, ""token_recall"": 1.0, ""covered"": true}, {""cq_index"": 5, ""cq_text"": ""What access mode is being requested?"", ""cq_token_count"": 4, ""covered_token_count"": 4, ""token_recall"": 1.0, ""covered"": true}, {""cq_index"": 6, ""cq_text"": ""What personal data is being accessed?"", ""cq_token_count"": 4, ""covered_token_count"": 4, ""token_recall"": 1.0, ""covered"": true}, {""cq_index"": 7, ""cq_text"": ""What is the purpose for accessing the data?"", ""cq_token_count"": 3, ""covered_token_count"": 3, ""token_recall"": 1.0, ""covered"": true}]",43,88,0.0682,0.5349,True,7,0,9,0,0.0,0.0,0.0,0.0,0.0,0.0,0.0,0.0,0.0,[],[]
gpt-5.4,scenario-cq-constraints,2023-134-02,True,,56,True,True,True,6,6,1,0,1.0,1.0,1.0,True,True,6,1.0,1.0,"[{""cq_index"": 0, ""cq_text"": ""What type of action, e.g., create, update, erase, is being performed on the data?"", ""cq_token_count"": 7, ""covered_token_count"": 7, ""token_recall"": 1.0, ""covered"": true}, {""cq_index"": 1, ""cq_text"": ""Who is the entity interacting with the data?"", ""cq_token_count"": 3, ""covered_token_count"": 3, ""token_recall"": 1.0, ""covered"": true}, {""cq_index"": 2, ""cq_text"": ""Who is the entity publishing the log?"", ""cq_token_count"": 3, ""covered_token_count"": 3, ""token_recall"": 1.0, ""covered"": true}, {""cq_index"": 3, ""cq_text"": ""When was the log issued?"", ""cq_token_count"": 2, ""covered_token_count"": 2, ""token_recall"": 1.0, ""covered"": true}, {""cq_index"": 4, ""cq_text"": ""Where is the data being stored?"", ""cq_token_count"": 3, ""covered_token_count"": 3, ""token_recall"": 1.0, ""covered"": true}, {""cq_index"": 5, ""cq_text"": ""What application/service is being used to generate the data, if any?"", ""cq_token_count"": 5, ""covered_token_count"": 5, ""token_recall"": 1.0, ""covered"": true}]",48,88,0.1136,0.5,True,6,0,7,0,0.0,0.0,0.0,0.0,0.0,0.0,0.0,0.0,0.0,[],[]
gpt-5.4,scenario-cq-constraints,2023-134-03,True,,48,True,True,True,5,4,2,0,1.0,1.0,1.0,True,True,5,1.0,0.95,"[{""cq_index"": 0, ""cq_text"": ""Who is maintaining the registry?"", ""cq_token_count"": 2, ""covered_token_count"": 2, ""token_recall"": 1.0, ""covered"": true}, {""cq_index"": 1, ""cq_text"": ""When was the registry created/updated?"", ""cq_token_count"": 3, ""covered_token_count"": 3, ""token_recall"": 1.0, ""covered"": true}, {""cq_index"": 2, ""cq_text"": ""What types of data are available?"", ""cq_token_count"": 2, ""covered_token_count"": 2, ""token_recall"": 1.0, ""covered"": true}, {""cq_index"": 3, ""cq_text"": ""Where is a specific type of data being stored?"", ""cq_token_count"": 4, ""covered_token_count"": 3, ""token_recall"": 0.75, ""covered"": true}, {""cq_index"": 4, ""cq_text"": ""What policy is associated with the data?"", ""cq_token_count"": 3, ""covered_token_count"": 3, ""token_recall"": 1.0, ""covered"": true}]",39,88,0.1136,0.5385,True,5,0,6,0,0.0,0.0,0.0,0.0,0.0,0.0,0.0,0.0,0.0,[],[]
gpt-5.4,scenario-cq-constraints,2023-135-01,True,,60,True,True,True,6,7,0,0,1.0,1.0,1.0,True,True,3,0.3333,0.2592,"[{""cq_index"": 0, ""cq_text"": ""Under what pseudonym did the author C. S. Lewis published a collection of poems, Spirit in Bondage?"", ""cq_token_count"": 9, ""covered_token_count"": 4, ""token_recall"": 0.4444, ""covered"": true}, {""cq_index"": 1, ""cq_text"": ""What alternative did C. S. Lewis used to assume the role of a book writer?"", ""cq_token_count"": 6, ""covered_token_count"": 2, ""token_recall"": 0.3333, ""covered"": false}, {""cq_index"": 2, ""cq_text"": ""Show the trajectories of rivers which cross national parks?"", ""cq_token_count"": 5, ""covered_token_count"": 0, ""token_recall"": 0.0, ""covered"": false}]",47,10,0.7,0.7447,True,6,5,7,13,0.1667,0.2,0.1818,0.1429,0.0769,0.1,0.1,0.069,0.1409,"[""name usage""]","[""has name usage""]"
gpt-5.4,scenario-cq-constraints,2024-145-01,True,,63,True,True,True,8,6,1,0,1.0,1.0,1.0,True,True,7,1.0,0.9357,"[{""cq_index"": 0, ""cq_text"": ""List all district courts in a given state."", ""cq_token_count"": 3, ""covered_token_count"": 3, ""token_recall"": 1.0, ""covered"": true}, {""cq_index"": 1, ""cq_text"": ""In which state is a given district court instance located?"", ""cq_token_count"": 5, ""covered_token_count"": 4, ""token_recall"": 0.8, ""covered"": true}, {""cq_index"": 2, ""cq_text"": ""How many districts are in a given state of India?"", ""cq_token_count"": 4, ""covered_token_count"": 3, ""token_recall"": 0.75, ""covered"": true}, {""cq_index"": 3, ""cq_text"": ""Which court has authority over a given court?"", ""cq_token_count"": 3, ""covered_token_count"": 3, ""token_recall"": 1.0, ""covered"": true}, {""cq_index"": 4, ""cq_text"": ""What is the check transaction type for a bad check?"", ""cq_token_count"": 3, ""covered_token_count"": 3, ""token_recall"": 1.0, ""covered"": true}, {""cq_index"": 5, ""cq_text"": ""When is a check payment of a bad check?"", ""cq_token_count"": 3, ""covered_token_count"": 3, ""token_recall"": 1.0, ""covered"": true}, {""cq_index"": 6, ""cq_text"": ""What is the transaction status of a given check payment?"", ""cq_token_count"": 4, ""covered_token_count"": 4, ""token_recall"": 1.0, ""covered"": true}]",45,17,0.3529,0.6222,False,8,0,7,0,0.0,0.0,0.0,0.0,0.0,0.0,0.0,0.0,0.0,[],[]
gpt-5.4,scenario-cq-constraints,2025-147-01,True,,68,True,True,True,20,0,0,0,1.0,1.0,0.0,True,True,48,0.6875,0.5023,"[{""cq_index"": 0, ""cq_text"": ""How are ships clearly identified?"", ""cq_token_count"": 3, ""covered_token_count"": 1, ""token_recall"": 0.3333, ""covered"": false}, {""cq_index"": 1, ""cq_text"": ""How are a ship's dimensions described?"", ""cq_token_count"": 3, ""covered_token_count"": 2, ""token_recall"": 0.6667, ""covered"": true}, {""cq_index"": 2, ""cq_text"": ""What information can be provided about the typical location of a ship?"", ""cq_token_count"": 5, ""covered_token_count"": 3, ""token_recall"": 0.6, ""covered"": true}, {""cq_index"": 3, ""cq_text"": ""Who can be the owner of a ship?"", ""cq_token_count"": 2, ""covered_token_count"": 1, ""token_recall"": 0.5, ""covered"": true}, {""cq_index"": 4, ""cq_text"": ""How is a ship's average speed over ground specified?"", ""cq_token_count"": 6, ""covered_token_count"": 2, ""token_recall"": 0.3333, ""covered"": false}, {""cq_index"": 5, ""cq_text"": ""How many container ships are registered under the German flag?"", ""cq_token_count"": 7, ""covered_token_count"": 5, ""token_recall"": 0.7143, ""covered"": true}, {""cq_index"": 6, ""cq_text"": ""How is the GPS antenna placed relatively to the ship's structure (bow, stern, port, starboard)?"", ""cq_token_count"": 10, ""covered_token_count"": 1, ""token_recall"": 0.1, ""covered"": false}, {""cq_index"": 7, ""cq_text"": ""Which organization owns the most ships?"", ""cq_token_count"": 4, ""covered_token_count"": 2, ""token_recall"": 0.5, ""covered"": true}, {""cq_index"": 8, ""cq_text"": ""What information can be provided about a ship route?"", ""cq_token_count"": 4, ""covered_token_count"": 2, ""token_recall"": 0.5, ""covered"": true}, {""cq_index"": 9, ""cq_text"": ""What information is known about a single trajectory part?"", ""cq_token_count"": 5, ""covered_token_count"": 2, ""token_recall"": 0.4, ""covered"": true}, {""cq_index"": 10, ""cq_text"": ""What types of trajectories are distinguished?"", ""cq_token_count"": 2, ""covered_token_count"": 1, ""token_recall"": 0.5, ""covered"": true}, {""cq_index"": 11, ""cq_text"": ""What unit does the draught of a ship have?"", ""cq_token_count"": 3, ""covered_token_count"": 2, ""token_recall"": 0.6667, ""covered"": true}, {""cq_index"": 12, ""cq_text"": ""What was the average speed over ground of the ship on route on day X?"", ""cq_token_count"": 7, ""covered_token_count"": 3, ""token_recall"": 0.4286, ""covered"": true}, {""cq_index"": 13, ""cq_text"": ""What route is predicted for ship X?"", ""cq_token_count"": 3, ""covered_token_count"": 3, ""token_recall"": 1.0, ""covered"": true}, {""cq_index"": 14, ""cq_text"": ""What types of engines are used in ships?"", ""cq_token_count"": 2, ""covered_token_count"": 2, ""token_recall"": 1.0, ""covered"": true}, {""cq_index"": 15, ""cq_text"": ""What combinations of engines can exist?"", ""cq_token_count"": 3, ""covered_token_count"": 1, ""token_recall"": 0.3333, ""covered"": false}, {""cq_index"": 16, ""cq_text"": ""What powers these ship engines?"", ""cq_token_count"": 4, ""covered_token_count"": 2, ""token_recall"": 0.5, ""covered"": true}, {""cq_index"": 17, ""cq_text"": ""What is driven by ship engines?"", ""cq_token_count"": 3, ""covered_token_count"": 3, ""token_recall"": 1.0, ""covered"": true}, {""cq_index"": 18, ""cq_text"": ""What types of propulsion systems can ships have?"", ""cq_token_count"": 3, ""covered_token_count"": 3, ""token_recall"": 1.0, ""covered"": true}, {""cq_index"": 19, ""cq_text"": ""What propulsion systems don't rely on an engine?"", ""cq_token_count"": 5, ""covered_token_count"": 3, ""token_recall"": 0.6, ""covered"": true}, {""cq_index"": 20, ""cq_text"": ""Which propulsion technologies are used by each individual propulsion system?"", ""cq_token_count"": 4, ""covered_token_count"": 3, ""token_recall"": 0.75, ""covered"": true}, {""cq_index"": 21, ""cq_text"": ""What falls under the category of propulsion technologies powered by engines?"", ""cq_token_count"": 7, ""covered_token_count"": 5, ""token_recall"": 0.7143, ""covered"": true}, {""cq_index"": 22, ""cq_text"": ""What types of jet propulsors exist?"", ""cq_token_count"": 3, ""covered_token_count"": 1, ""token_recall"": 0.3333, ""covered"": false}, {""cq_index"": 23, ""cq_text"": ""What types of bladed propulsors exist?"", ""cq_token_count"": 3, ""covered_token_count"": 1, ""token_recall"": 0.3333, ""covered"": false}, {""cq_index"": 24, ""cq_text"": ""What types of blade propulsors follow a special design?"", ""cq_token_count"": 5, ""covered_token_count"": 2, ""token_recall"": 0.4, ""covered"": true}, {""cq_index"": 25, ""cq_text"": ""What properties describe a bladed propulsor?"", ""cq_token_count"": 4, ""covered_token_count"": 2, ""token_recall"": 0.5, ""covered"": true}, {""cq_index"": 26, ""cq_text"": ""What types of screw propellers can be used?"", ""cq_token_count"": 2, ""covered_token_count"": 1, ""token_recall"": 0.5, ""covered"": true}, {""cq_index"": 27, ""cq_text"": ""What is used to prevent cavitation on technologies for motorized propulsion?"", ""cq_token_count"": 5, ""covered_token_count"": 2, ""token_recall"": 0.4, ""covered"": true}, {""cq_index"": 28, ""cq_text"": ""What type of sails exist?"", ""cq_token_count"": 2, ""covered_token_count"": 0, ""token_recall"": 0.0, ""covered"": false}, {""cq_index"": 29, ""cq_text"": ""Which type of propulsion technologies can assist a motorized ship?"", ""cq_token_count"": 5, ""covered_token_count"": 3, ""token_recall"": 0.6, ""covered"": true}, {""cq_index"": 30, ""cq_text"": ""What fuel does ship X use to drive?"", ""cq_token_count"": 3, ""covered_token_count"": 2, ""token_recall"": 0.6667, ""covered"": true}, {""cq_index"": 31, ""cq_text"": ""How many engines power ship X?"", ""cq_token_count"": 4, ""covered_token_count"": 3, ""token_recall"": 0.75, ""covered"": true}, {""cq_index"": 32, ""cq_text"": ""What types of propellers are installed on ship X?"", ""cq_token_count"": 3, ""covered_token_count"": 2, ""token_recall"": 0.6667, ""covered"": true}, {""cq_index"": 33, ""cq_text"": ""What is the most common type of propeller?"", ""cq_token_count"": 3, ""covered_token_count"": 1, ""token_recall"": 0.3333, ""covered"": false}, {""cq_index"": 34, ""cq_text"": ""How many ships have sails?"", ""cq_token_count"": 3, ""covered_token_count"": 1, ""token_recall"": 0.3333, ""covered"": false}, {""cq_index"": 35, ""cq_text"": ""Which ships use electric engines exclusively?"", ""cq_token_count"": 4, ""covered_token_count"": 2, ""token_recall"": 0.5, ""covered"": true}, {""cq_index"": 36, ""cq_text"": ""What motorized propulsion does a ship use that is assisted by wind propulsion?"", ""cq_token_count"": 5, ""covered_token_count"": 2, ""token_recall"": 0.4, ""covered"": true}, {""cq_index"": 37, ""cq_text"": ""How many supercavitating propellers does ship X use?"", ""cq_token_count"": 4, ""covered_token_count"": 1, ""token_recall"": 0.25, ""covered"": false}, {""cq_index"": 38, ""cq_text"": ""What diameter and how many blades does the fixed pitch propeller Y of ship X have?"", ""cq_token_count"": 7, ""covered_token_count"": 4, ""token_recall"": 0.5714, ""covered"": true}, {""cq_index"": 39, ""cq_text"": ""What is the least utilized wind assisted propulsion system?"", ""cq_token_count"": 6, ""covered_token_count"": 2, ""token_recall"": 0.3333, ""covered"": false}, {""cq_index"": 40, ""cq_text"": ""What different kinds of data can be used to represent a ship?"", ""cq_token_count"": 5, ""covered_token_count"": 2, ""token_recall"": 0.4, ""covered"": true}, {""cq_index"": 41, ""cq_text"": ""How is sonar data of ships stored?"", ""cq_token_count"": 4, ""covered_token_count"": 2, ""token_recall"": 0.5, ""covered"": true}, {""cq_index"": 42, ""cq_text"": ""What image resources are available for a ship?"", ""cq_token_count"": 4, ""covered_token_count"": 2, ""token_recall"": 0.5, ""covered"": true}, {""cq_index"": 43, ""cq_text"": ""What textual information about a ship is available?"", ""cq_token_count"": 4, ""covered_token_count"": 1, ""token_recall"": 0.25, ""covered"": false}, {""cq_index"": 44, ""cq_text"": ""What does ship X look like?"", ""cq_token_count"": 3, ""covered_token_count"": 1, ""token_recall"": 0.3333, ""covered"": false}, {""cq_index"": 45, ""cq_text"": ""How does ship X sound like on a sonar?"", ""cq_token_count"": 4, ""covered_token_count"": 1, ""token_recall"": 0.25, ""covered"": false}, {""cq_index"": 46, ""cq_text"": ""What is the textual description of ship X?"", ""cq_token_count"": 3, ""covered_token_count"": 2, ""token_recall"": 0.6667, ""covered"": true}, {""cq_index"": 47, ""cq_text"": ""Are there ships without sonar signatures?"", ""cq_token_count"": 5, ""covered_token_count"": 1, ""token_recall"": 0.2, ""covered"": false}]",81,109,0.1468,0.3827,True,20,1,0,8,0.0,0.0,0.0,0.0,0.0,0.0,0.0,0.0,0.0,[],[]
gpt-5.4,scenario-cq-constraints,2025-149-01,True,,75,True,True,True,21,0,0,0,1.0,1.0,0.0,True,True,25,0.8,0.6037,"[{""cq_index"": 0, ""cq_text"": ""Can the ontology represent a relational database as a first-class schema entity?"", ""cq_token_count"": 8, ""covered_token_count"": 5, ""token_recall"": 0.625, ""covered"": true}, {""cq_index"": 1, ""cq_text"": ""Can the ontology represent tables belonging to a database?"", ""cq_token_count"": 5, ""covered_token_count"": 3, ""token_recall"": 0.6, ""covered"": true}, {""cq_index"": 2, ""cq_text"": ""Can the ontology represent columns belonging to a table?"", ""cq_token_count"": 5, ""covered_token_count"": 3, ""token_recall"": 0.6, ""covered"": true}, {""cq_index"": 3, ""cq_text"": ""Can the ontology represent primary-key relationships in the schema?"", ""cq_token_count"": 6, ""covered_token_count"": 2, ""token_recall"": 0.3333, ""covered"": false}, {""cq_index"": 4, ""cq_text"": ""Can the ontology represent foreign-key relationships and distinguish same-named columns across different tables when they are not semantically linked?"", ""cq_token_count"": 15, ""covered_token_count"": 5, ""token_recall"": 0.3333, ""covered"": false}, {""cq_index"": 5, ""cq_text"": ""Can the ontology define a policy for a specific agent?"", ""cq_token_count"": 5, ""covered_token_count"": 3, ""token_recall"": 0.6, ""covered"": true}, {""cq_index"": 6, ""cq_text"": ""Can a policy specify a high-level ReadAction?"", ""cq_token_count"": 5, ""covered_token_count"": 3, ""token_recall"": 0.6, ""covered"": true}, {""cq_index"": 7, ""cq_text"": ""Can a policy specify a high-level ModifyAction?"", ""cq_token_count"": 5, ""covered_token_count"": 3, ""token_recall"": 0.6, ""covered"": true}, {""cq_index"": 8, ""cq_text"": ""Can a policy specify a ViewActionScope for read operations?"", ""cq_token_count"": 5, ""covered_token_count"": 3, ""token_recall"": 0.6, ""covered"": true}, {""cq_index"": 9, ""cq_text"": ""Can a policy specify a ProcessActionScope for read operations?"", ""cq_token_count"": 5, ""covered_token_count"": 3, ""token_recall"": 0.6, ""covered"": true}, {""cq_index"": 10, ""cq_text"": ""Can a policy be defined at table level?"", ""cq_token_count"": 4, ""covered_token_count"": 4, ""token_recall"": 1.0, ""covered"": true}, {""cq_index"": 11, ""cq_text"": ""Can a policy be defined at column level?"", ""cq_token_count"": 4, ""covered_token_count"": 4, ""token_recall"": 1.0, ""covered"": true}, {""cq_index"": 12, ""cq_text"": ""Can a policy be defined at row level using conditions?"", ""cq_token_count"": 5, ""covered_token_count"": 4, ""token_recall"": 0.8, ""covered"": true}, {""cq_index"": 13, ""cq_text"": ""Can the ontology express a prohibited modify action on a table?"", ""cq_token_count"": 6, ""covered_token_count"": 4, ""token_recall"": 0.6667, ""covered"": true}, {""cq_index"": 14, ""cq_text"": ""Can the ontology express a table-level read prohibition for processing?"", ""cq_token_count"": 7, ""covered_token_count"": 5, ""token_recall"": 0.7143, ""covered"": true}, {""cq_index"": 15, ""cq_text"": ""Can the ontology express a table-level read prohibition for viewing?"", ""cq_token_count"": 7, ""covered_token_count"": 5, ""token_recall"": 0.7143, ""covered"": true}, {""cq_index"": 16, ""cq_text"": ""Can the ontology express a conditional row-level read restriction for later enforcement?"", ""cq_token_count"": 9, ""covered_token_count"": 7, ""token_recall"": 0.7778, ""covered"": true}, {""cq_index"": 17, ""cq_text"": ""Can the ontology represent a SQL query as an AST-based semantic graph?"", ""cq_token_count"": 8, ""covered_token_count"": 6, ""token_recall"": 0.75, ""covered"": true}, {""cq_index"": 18, ""cq_text"": ""Can a SQL statement such as SelectStatement or UpdateStatement be mapped to its semantic action type?"", ""cq_token_count"": 8, ""covered_token_count"": 5, ""token_recall"": 0.625, ""covered"": true}, {""cq_index"": 19, ""cq_text"": ""Can a query statement be linked to the executing agent?"", ""cq_token_count"": 5, ""covered_token_count"": 3, ""token_recall"": 0.6, ""covered"": true}, {""cq_index"": 20, ""cq_text"": ""Can SQL clauses be assigned operational scopes such as view or process?"", ""cq_token_count"": 8, ""covered_token_count"": 5, ""token_recall"": 0.625, ""covered"": true}, {""cq_index"": 21, ""cq_text"": ""Can scope be propagated to reference nodes as an effectiveActionScope?"", ""cq_token_count"": 5, ""covered_token_count"": 1, ""token_recall"": 0.2, ""covered"": false}, {""cq_index"": 22, ""cq_text"": ""Can a TableRef in the query be linked to its corresponding schema Table?"", ""cq_token_count"": 6, ""covered_token_count"": 2, ""token_recall"": 0.3333, ""covered"": false}, {""cq_index"": 23, ""cq_text"": ""Can a ColumnRef in the query be linked to its corresponding schema Column?"", ""cq_token_count"": 6, ""covered_token_count"": 2, ""token_recall"": 0.3333, ""covered"": false}, {""cq_index"": 24, ""cq_text"": ""Can the reasoner infer whether a referenced table or column is Violated or RowTag based on the matching policy, action, and scope?"", ""cq_token_count"": 13, ""covered_token_count"": 6, ""token_recall"": 0.4615, ""covered"": true}]",81,10,0.6,0.4198,True,21,48,0,41,0.5238,0.2292,0.3188,0.0,0.0,0.0,0.2264,0.0,0.1594,"[""relational database"", ""table"", ""column"", ""agent"", ""policy"", ""action"", ""action scope"", ""sql node"", ""sql statement"", ""select statement"", ""update statement""]",[]
gpt-5.4,scenario-cq-constraints,2025-150-01,True,,69,True,True,True,20,0,0,0,1.0,1.0,0.0,True,True,32,0.7812,0.5476,"[{""cq_index"": 0, ""cq_text"": ""Which MQTT Clients are connected to which Broker?"", ""cq_token_count"": 4, ""covered_token_count"": 3, ""token_recall"": 0.75, ""covered"": true}, {""cq_index"": 1, ""cq_text"": ""Which MQTT NetworkConnections exist, are they TLS-secured, and who initiated/accepted them?"", ""cq_token_count"": 9, ""covered_token_count"": 1, ""token_recall"": 0.1111, ""covered"": false}, {""cq_index"": 2, ""cq_text"": ""Which MQTT participants (Clients/Brokers) use which MQTT NetworkConnections?"", ""cq_token_count"": 5, ""covered_token_count"": 4, ""token_recall"": 0.8, ""covered"": true}, {""cq_index"": 3, ""cq_text"": ""Which MQTT Clients with which ClientIDs run on which SOSA platforms?"", ""cq_token_count"": 6, ""covered_token_count"": 3, ""token_recall"": 0.5, ""covered"": true}, {""cq_index"": 4, ""cq_text"": ""Which MQTT Clients are hosting which SOSA systems (sensors/actuators)?"", ""cq_token_count"": 7, ""covered_token_count"": 3, ""token_recall"": 0.4286, ""covered"": true}, {""cq_index"": 5, ""cq_text"": ""What host/port is a MQTT Broker configured with?"", ""cq_token_count"": 5, ""covered_token_count"": 2, ""token_recall"": 0.4, ""covered"": true}, {""cq_index"": 6, ""cq_text"": ""Which SOSA sensors publish to which MQTT Topics (observations)?"", ""cq_token_count"": 6, ""covered_token_count"": 5, ""token_recall"": 0.8333, ""covered"": true}, {""cq_index"": 7, ""cq_text"": ""Which SOSA actuators listen to which MQTT Topics (commands)?"", ""cq_token_count"": 6, ""covered_token_count"": 4, ""token_recall"": 0.6667, ""covered"": true}, {""cq_index"": 8, ""cq_text"": ""Which SOSA FeaturesOfInterest, Properties etc. appear as MQTT TopicSubjects and on which MQTT Topics?"", ""cq_token_count"": 8, ""covered_token_count"": 3, ""token_recall"": 0.375, ""covered"": false}, {""cq_index"": 9, ""cq_text"": ""Which MQTT Topic Filters match a given MQTT Topic?"", ""cq_token_count"": 4, ""covered_token_count"": 3, ""token_recall"": 0.75, ""covered"": true}, {""cq_index"": 10, ""cq_text"": ""Which MQTT Topics are matched by a given MQTT Topic Filter?"", ""cq_token_count"": 5, ""covered_token_count"": 4, ""token_recall"": 0.8, ""covered"": true}, {""cq_index"": 11, ""cq_text"": ""Which MQTT filter patterns (with wildcards) are stored?"", ""cq_token_count"": 5, ""covered_token_count"": 3, ""token_recall"": 0.6, ""covered"": true}, {""cq_index"": 12, ""cq_text"": ""Which MQTT Clients send which MQTT Control Packets?"", ""cq_token_count"": 5, ""covered_token_count"": 4, ""token_recall"": 0.8, ""covered"": true}, {""cq_index"": 13, ""cq_text"": ""Which MQTT PUBLISH/SUBSCRIBE/UNSUBSCRIBE packets were sent (specializations)?"", ""cq_token_count"": 7, ""covered_token_count"": 4, ""token_recall"": 0.5714, ""covered"": true}, {""cq_index"": 14, ""cq_text"": ""Which MQTT Brokers receive/forward which MQTT Control Packets?"", ""cq_token_count"": 6, ""covered_token_count"": 4, ""token_recall"": 0.6667, ""covered"": true}, {""cq_index"": 15, ""cq_text"": ""Which MQTT Control Packets were sent by which Client (inverse)?"", ""cq_token_count"": 6, ""covered_token_count"": 4, ""token_recall"": 0.6667, ""covered"": true}, {""cq_index"": 16, ""cq_text"": ""Which MQTT Publish packets carry Observations for a specific SOSA FeatureOfInterest or Property?"", ""cq_token_count"": 9, ""covered_token_count"": 6, ""token_recall"": 0.6667, ""covered"": true}, {""cq_index"": 17, ""cq_text"": ""Which MQTT SUBSCRIBE packets request QoS=2 and for which filters?"", ""cq_token_count"": 6, ""covered_token_count"": 4, ""token_recall"": 0.6667, ""covered"": true}, {""cq_index"": 18, ""cq_text"": ""Which MQTT UNSUBSCRIBE packets remove all filters under a certain path (e.g. 'factory/centering/#')?"", ""cq_token_count"": 10, ""covered_token_count"": 3, ""token_recall"": 0.3, ""covered"": false}, {""cq_index"": 19, ""cq_text"": ""Which MQTT Control Packet has which Fixed Header / Variable Header / Payload?"", ""cq_token_count"": 7, ""covered_token_count"": 4, ""token_recall"": 0.5714, ""covered"": true}, {""cq_index"": 20, ""cq_text"": ""Which MQTT PUBLISH packet has which MQTT Topic (name) in the Variable Header?"", ""cq_token_count"": 7, ""covered_token_count"": 4, ""token_recall"": 0.5714, ""covered"": true}, {""cq_index"": 21, ""cq_text"": ""Which QoS levels are set (in PUBLISH Fixed Header or SubscriptionEntry)?"", ""cq_token_count"": 7, ""covered_token_count"": 1, ""token_recall"": 0.1429, ""covered"": false}, {""cq_index"": 22, ""cq_text"": ""Are RETAIN/DUP flags set in PUBLISH?"", ""cq_token_count"": 5, ""covered_token_count"": 1, ""token_recall"": 0.2, ""covered"": false}, {""cq_index"": 23, ""cq_text"": ""Which MQTT Control Packets have which PacketIdentifier?"", ""cq_token_count"": 4, ""covered_token_count"": 3, ""token_recall"": 0.75, ""covered"": true}, {""cq_index"": 24, ""cq_text"": ""Which MQTT SUBSCRIBE payloads contain which SubscriptionEntries?"", ""cq_token_count"": 5, ""covered_token_count"": 2, ""token_recall"": 0.4, ""covered"": true}, {""cq_index"": 25, ""cq_text"": ""Which MQTT Topic Filters (with QoS) are requested by a SubscriptionEntry?"", ""cq_token_count"": 6, ""covered_token_count"": 3, ""token_recall"": 0.5, ""covered"": true}, {""cq_index"": 26, ""cq_text"": ""Which MQTT UNSUBSCRIBE payloads remove which MQTT TopicFilters?"", ""cq_token_count"": 5, ""covered_token_count"": 1, ""token_recall"": 0.2, ""covered"": false}, {""cq_index"": 27, ""cq_text"": ""Which MQTT PUBLISH payloads encode SOSA Observations (or Observation Collections)?"", ""cq_token_count"": 8, ""covered_token_count"": 5, ""token_recall"": 0.625, ""covered"": true}, {""cq_index"": 28, ""cq_text"": ""Which MQTT PUBLISH payloads encode SOSA Actuations (or Actuation Collections)?"", ""cq_token_count"": 8, ""covered_token_count"": 5, ""token_recall"": 0.625, ""covered"": true}, {""cq_index"": 29, ""cq_text"": ""Which fields are encoded in a MQTT payload?"", ""cq_token_count"": 4, ""covered_token_count"": 3, ""token_recall"": 0.75, ""covered"": true}, {""cq_index"": 30, ""cq_text"": ""What content, content type, encoding and delimiter does a MQTT PUBLISH payload have?"", ""cq_token_count"": 6, ""covered_token_count"": 3, ""token_recall"": 0.5, ""covered"": true}, {""cq_index"": 31, ""cq_text"": ""What is the size of a MQTT payload (as QUDT QuantityValue with unit)?"", ""cq_token_count"": 6, ""covered_token_count"": 2, ""token_recall"": 0.3333, ""covered"": false}]",77,60,0.25,0.5844,True,20,9,0,11,0.0,0.0,0.0,0.0,0.0,0.0,0.0,0.0,0.0,[],[]
gpt-5.4,scenario-cq-constraints,2025-151-01,True,,59,True,True,True,9,4,1,0,1.0,1.0,1.0,True,True,5,1.0,1.0,"[{""cq_index"": 0, ""cq_text"": ""What is the requested action?"", ""cq_token_count"": 2, ""covered_token_count"": 2, ""token_recall"": 1.0, ""covered"": true}, {""cq_index"": 1, ""cq_text"": ""Who is the party issuing the evaluation request?"", ""cq_token_count"": 4, ""covered_token_count"": 4, ""token_recall"": 1.0, ""covered"": true}, {""cq_index"": 2, ""cq_text"": ""What is the target asset of the evaluation request?"", ""cq_token_count"": 4, ""covered_token_count"": 4, ""token_recall"": 1.0, ""covered"": true}, {""cq_index"": 3, ""cq_text"": ""When was the evaluation request issued?"", ""cq_token_count"": 3, ""covered_token_count"": 3, ""token_recall"": 1.0, ""covered"": true}, {""cq_index"": 4, ""cq_text"": ""What additional contextual information can be included in the evaluation request to further constrain it?"", ""cq_token_count"": 8, ""covered_token_count"": 8, ""token_recall"": 1.0, ""covered"": true}]",52,25,0.72,0.5385,True,9,1,5,5,0.1111,1.0,0.2,0.4,0.4,0.4,0.1818,0.5,0.3,"[""evaluation request""]","[""requested action"", ""issued by""]"
gpt-5.4,scenario-cq-constraints,2025-151-02,True,,70,True,True,True,14,4,1,0,1.0,1.0,1.0,True,True,10,1.0,0.815,"[{""cq_index"": 0, ""cq_text"": ""What is the current time?"", ""cq_token_count"": 2, ""covered_token_count"": 2, ""token_recall"": 1.0, ""covered"": true}, {""cq_index"": 1, ""cq_text"": ""What is the location of a party?"", ""cq_token_count"": 2, ""covered_token_count"": 2, ""token_recall"": 1.0, ""covered"": true}, {""cq_index"": 2, ""cq_text"": ""What assets are part of the asset collection of the policy that is being evaluated?"", ""cq_token_count"": 7, ""covered_token_count"": 7, ""token_recall"": 1.0, ""covered"": true}, {""cq_index"": 3, ""cq_text"": ""Which parties are part of the party collection of the policy that is being evaluated?"", ""cq_token_count"": 7, ""covered_token_count"": 7, ""token_recall"": 1.0, ""covered"": true}, {""cq_index"": 4, ""cq_text"": ""What actions were already performed or attempted?"", ""cq_token_count"": 4, ""covered_token_count"": 3, ""token_recall"": 0.75, ""covered"": true}, {""cq_index"": 5, ""cq_text"": ""How many times has a rule been exercised?"", ""cq_token_count"": 4, ""covered_token_count"": 2, ""token_recall"": 0.5, ""covered"": true}, {""cq_index"": 6, ""cq_text"": ""What information is available about an event that has occurred?"", ""cq_token_count"": 4, ""covered_token_count"": 4, ""token_recall"": 1.0, ""covered"": true}, {""cq_index"": 7, ""cq_text"": ""How long has a rule been exercised?"", ""cq_token_count"": 3, ""covered_token_count"": 2, ""token_recall"": 0.6667, ""covered"": true}, {""cq_index"": 8, ""cq_text"": ""Which recipients or categories of recipients can receive the result of the rule that has been exercised?"", ""cq_token_count"": 6, ""covered_token_count"": 5, ""token_recall"": 0.8333, ""covered"": true}, {""cq_index"": 9, ""cq_text"": ""Has a financial payment been made? What was the amount paid?"", ""cq_token_count"": 5, ""covered_token_count"": 2, ""token_recall"": 0.4, ""covered"": true}]",67,23,0.3478,0.5075,True,14,1,5,0,0.0,0.0,0.0,0.0,0.0,0.0,0.0,0.0,0.0,[],[]
gpt-5.4,scenario-cq-constraints,2025-153-01,True,,71,True,True,True,6,7,3,0,1.0,1.0,1.0,True,True,8,0.875,0.6771,"[{""cq_index"": 0, ""cq_text"": ""Which entity does a persistent identifier currently reference?"", ""cq_token_count"": 5, ""covered_token_count"": 4, ""token_recall"": 0.8, ""covered"": true}, {""cq_index"": 1, ""cq_text"": ""Which entity was referenced at a past timestamp?"", ""cq_token_count"": 4, ""covered_token_count"": 3, ""token_recall"": 0.75, ""covered"": true}, {""cq_index"": 2, ""cq_text"": ""When did referent transitions occur?"", ""cq_token_count"": 3, ""covered_token_count"": 2, ""token_recall"": 0.6667, ""covered"": true}, {""cq_index"": 3, ""cq_text"": ""What observations are associated with specific referents?"", ""cq_token_count"": 4, ""covered_token_count"": 4, ""token_recall"": 1.0, ""covered"": true}, {""cq_index"": 4, ""cq_text"": ""What is the full sequence of referents over time?"", ""cq_token_count"": 5, ""covered_token_count"": 3, ""token_recall"": 0.6, ""covered"": true}, {""cq_index"": 5, ""cq_text"": ""Which rules triggered specific transitions?"", ""cq_token_count"": 4, ""covered_token_count"": 4, ""token_recall"": 1.0, ""covered"": true}, {""cq_index"": 6, ""cq_text"": ""Are there gaps or overlaps in temporal bindings?"", ""cq_token_count"": 5, ""covered_token_count"": 2, ""token_recall"": 0.4, ""covered"": true}, {""cq_index"": 7, ""cq_text"": ""Can complete context be rebuilt for any time point?"", ""cq_token_count"": 5, ""covered_token_count"": 1, ""token_recall"": 0.2, ""covered"": false}]",77,119,0.1261,0.6753,True,6,11,10,22,0.8333,0.4545,0.5882,0.6,0.2727,0.375,0.3889,0.3704,0.4816,"[""referent"", ""temporal binding"", ""transition"", ""observation"", ""transition rule""]","[""has binding"", ""binds identifier"", ""triggered by rule"", ""has start time"", ""has end time"", ""has transition time""]"
gpt-5.4,scenario-cq-constraints,2026-155-01,True,,68,True,True,True,13,5,0,0,1.0,1.0,1.0,True,True,8,1.0,0.878,"[{""cq_index"": 0, ""cq_text"": ""Which survey or investigation activities were performed on a given cultural property or on a specific feature of interest?"", ""cq_token_count"": 9, ""covered_token_count"": 9, ""token_recall"": 1.0, ""covered"": true}, {""cq_index"": 1, ""cq_text"": ""Which method or investigation technique was adopted in a specific survey or investigation activity?"", ""cq_token_count"": 7, ""covered_token_count"": 7, ""token_recall"": 1.0, ""covered"": true}, {""cq_index"": 2, ""cq_text"": ""Which observations were produced during a given survey or investigation activity?"", ""cq_token_count"": 6, ""covered_token_count"": 6, ""token_recall"": 1.0, ""covered"": true}, {""cq_index"": 3, ""cq_text"": ""Which experts participated in the survey or investigation activity, and with which roles?"", ""cq_token_count"": 6, ""covered_token_count"": 4, ""token_recall"": 0.6667, ""covered"": true}, {""cq_index"": 4, ""cq_text"": ""Which hardware, software, and technical configurations were used to conduct a specific survey or investigation activity?"", ""cq_token_count"": 9, ""covered_token_count"": 9, ""token_recall"": 1.0, ""covered"": true}, {""cq_index"": 5, ""cq_text"": ""What interpretations or claims are supported by the observations produced during a survey?"", ""cq_token_count"": 7, ""covered_token_count"": 6, ""token_recall"": 0.8571, ""covered"": true}, {""cq_index"": 6, ""cq_text"": ""How are post-processed outputs (e.g., interactive images, spectra, datasets) related to the underlying acquisition or observation activities?"", ""cq_token_count"": 12, ""covered_token_count"": 7, ""token_recall"": 0.5833, ""covered"": true}, {""cq_index"": 7, ""cq_text"": ""Which acquisition parameters (e.g., exposure time, ISO, aperture) characterised a specific photographic acquisition cycle within a survey?"", ""cq_token_count"": 12, ""covered_token_count"": 11, ""token_recall"": 0.9167, ""covered"": true}]",76,20,0.6,0.4211,True,13,22,5,32,0.5385,0.3182,0.4,0.2,0.0312,0.0541,0.3056,0.1786,0.2271,"[""cultural property"", ""feature of interest"", ""method"", ""observation"", ""role"", ""equipment configuration"", ""interpretation""]","[""produced observation""]"
gpt-5.4,scenario-cq-reasoning,2023-133-01,False,Could not parse ontology.ttl in turtle/xml/n3 formats.,0,False,False,False,0,0,0,0,0.0,0.0,0.0,False,False,4,0.0,0.1813,"[{""cq_index"": 0, ""cq_text"": ""What events are responsible for the pavement being slippery?"", ""cq_token_count"": 5, ""covered_token_count"": 1, ""token_recall"": 0.2, ""covered"": false}, {""cq_index"": 1, ""cq_text"": ""What would be the outcome of turning the sprinkler system on(off)?"", ""cq_token_count"": 5, ""covered_token_count"": 1, ""token_recall"": 0.2, ""covered"": false}, {""cq_index"": 2, ""cq_text"": ""How strong is the causal link between the sprinkler being on and the pavement being wet?"", ""cq_token_count"": 8, ""covered_token_count"": 1, ""token_recall"": 0.125, ""covered"": false}, {""cq_index"": 3, ""cq_text"": ""What if the pavement is not wet, how would it effect the pavement being slippery?"", ""cq_token_count"": 5, ""covered_token_count"": 1, ""token_recall"": 0.2, ""covered"": false}]",23,41,0.1463,0.6522,True,0,5,0,5,0.0,0.0,0.0,0.0,0.0,0.0,0.0,0.0,0.0,[],[]
gpt-5.4,scenario-cq-reasoning,2023-133-02,False,Could not parse ontology.ttl in turtle/xml/n3 formats.,0,False,False,False,0,0,0,0,0.0,0.0,0.0,False,False,6,1.0,0.6513,"[{""cq_index"": 0, ""cq_text"": ""Is the medication intake by the patient caused by the presence of outdoor environmental allergen such as pollen or AQI?"", ""cq_token_count"": 11, ""covered_token_count"": 7, ""token_recall"": 0.6364, ""covered"": true}, {""cq_index"": 1, ""cq_text"": ""How much does the presence of an asthma symptom effect the intake of medication?"", ""cq_token_count"": 7, ""covered_token_count"": 4, ""token_recall"": 0.5714, ""covered"": true}, {""cq_index"": 2, ""cq_text"": ""How does an outdoor environmental allergen affect the patient?"", ""cq_token_count"": 5, ""covered_token_count"": 3, ""token_recall"": 0.6, ""covered"": true}, {""cq_index"": 3, ""cq_text"": ""What is the probable cause of the cough experienced by the patient?"", ""cq_token_count"": 5, ""covered_token_count"": 3, ""token_recall"": 0.6, ""covered"": true}, {""cq_index"": 4, ""cq_text"": ""What if pollen (or AQI) allergen was not present in the outdoor environment, how would it effect the intake of medication?"", ""cq_token_count"": 9, ""covered_token_count"": 6, ""token_recall"": 0.6667, ""covered"": true}, {""cq_index"": 5, ""cq_text"": ""What if the patient did not experience a cough, how would it effect the intake of medication?"", ""cq_token_count"": 6, ""covered_token_count"": 5, ""token_recall"": 0.8333, ""covered"": true}]",34,60,0.2,0.5882,True,0,5,0,5,0.0,0.0,0.0,0.0,0.0,0.0,0.0,0.0,0.0,[],[]
gpt-5.4,scenario-cq-reasoning,2023-134-01,False,Could not parse ontology.ttl in turtle/xml/n3 formats.,0,False,False,False,0,0,0,0,0.0,0.0,0.0,False,False,8,1.0,0.7979,"[{""cq_index"": 0, ""cq_text"": ""What is the unique identifier of the policy?"", ""cq_token_count"": 3, ""covered_token_count"": 2, ""token_recall"": 0.6667, ""covered"": true}, {""cq_index"": 1, ""cq_text"": ""Who is the creator of the policy?"", ""cq_token_count"": 2, ""covered_token_count"": 2, ""token_recall"": 1.0, ""covered"": true}, {""cq_index"": 2, ""cq_text"": ""When was the policy issued?"", ""cq_token_count"": 2, ""covered_token_count"": 2, ""token_recall"": 1.0, ""covered"": true}, {""cq_index"": 3, ""cq_text"": ""Who is the assignee of the policy?"", ""cq_token_count"": 2, ""covered_token_count"": 2, ""token_recall"": 1.0, ""covered"": true}, {""cq_index"": 4, ""cq_text"": ""What application/service is being used to access the data?"", ""cq_token_count"": 5, ""covered_token_count"": 4, ""token_recall"": 0.8, ""covered"": true}, {""cq_index"": 5, ""cq_text"": ""What access mode is being requested?"", ""cq_token_count"": 4, ""covered_token_count"": 3, ""token_recall"": 0.75, ""covered"": true}, {""cq_index"": 6, ""cq_text"": ""What personal data is being accessed?"", ""cq_token_count"": 4, ""covered_token_count"": 2, ""token_recall"": 0.5, ""covered"": true}, {""cq_index"": 7, ""cq_text"": ""What is the purpose for accessing the data?"", ""cq_token_count"": 3, ""covered_token_count"": 2, ""token_recall"": 0.6667, ""covered"": true}]",27,88,0.0455,0.4444,True,0,0,0,0,0.0,0.0,0.0,0.0,0.0,0.0,1.0,1.0,0.0,[],[]
gpt-5.4,scenario-cq-reasoning,2023-134-02,False,Could not parse ontology.ttl in turtle/xml/n3 formats.,0,False,False,False,0,0,0,0,0.0,0.0,0.0,False,False,6,0.0,0.0333,"[{""cq_index"": 0, ""cq_text"": ""What type of action, e.g., create, update, erase, is being performed on the data?"", ""cq_token_count"": 7, ""covered_token_count"": 0, ""token_recall"": 0.0, ""covered"": false}, {""cq_index"": 1, ""cq_text"": ""Who is the entity interacting with the data?"", ""cq_token_count"": 3, ""covered_token_count"": 0, ""token_recall"": 0.0, ""covered"": false}, {""cq_index"": 2, ""cq_text"": ""Who is the entity publishing the log?"", ""cq_token_count"": 3, ""covered_token_count"": 0, ""token_recall"": 0.0, ""covered"": false}, {""cq_index"": 3, ""cq_text"": ""When was the log issued?"", ""cq_token_count"": 2, ""covered_token_count"": 0, ""token_recall"": 0.0, ""covered"": false}, {""cq_index"": 4, ""cq_text"": ""Where is the data being stored?"", ""cq_token_count"": 3, ""covered_token_count"": 0, ""token_recall"": 0.0, ""covered"": false}, {""cq_index"": 5, ""cq_text"": ""What application/service is being used to generate the data, if any?"", ""cq_token_count"": 5, ""covered_token_count"": 1, ""token_recall"": 0.2, ""covered"": false}]",5,88,0.0,0.8,True,0,0,0,0,0.0,0.0,0.0,0.0,0.0,0.0,1.0,1.0,0.0,[],[]
gpt-5.4,scenario-cq-reasoning,2023-134-03,False,Could not parse ontology.ttl in turtle/xml/n3 formats.,0,False,False,False,0,0,0,0,0.0,0.0,0.0,True,False,5,0.0,0.0,"[{""cq_index"": 0, ""cq_text"": ""Who is maintaining the registry?"", ""cq_token_count"": 2, ""covered_token_count"": 0, ""token_recall"": 0.0, ""covered"": false}, {""cq_index"": 1, ""cq_text"": ""When was the registry created/updated?"", ""cq_token_count"": 3, ""covered_token_count"": 0, ""token_recall"": 0.0, ""covered"": false}, {""cq_index"": 2, ""cq_text"": ""What types of data are available?"", ""cq_token_count"": 2, ""covered_token_count"": 0, ""token_recall"": 0.0, ""covered"": false}, {""cq_index"": 3, ""cq_text"": ""Where is a specific type of data being stored?"", ""cq_token_count"": 4, ""covered_token_count"": 0, ""token_recall"": 0.0, ""covered"": false}, {""cq_index"": 4, ""cq_text"": ""What policy is associated with the data?"", ""cq_token_count"": 3, ""covered_token_count"": 0, ""token_recall"": 0.0, ""covered"": false}]",2,88,0.0,1.0,True,0,0,0,0,0.0,0.0,0.0,0.0,0.0,0.0,1.0,1.0,0.0,[],[]
gpt-5.4,scenario-cq-reasoning,2023-135-01,False,Could not parse ontology.ttl in turtle/xml/n3 formats.,0,False,False,False,0,0,0,0,0.0,0.0,0.0,False,False,3,0.6667,0.3815,"[{""cq_index"": 0, ""cq_text"": ""Under what pseudonym did the author C. S. Lewis published a collection of poems, Spirit in Bondage?"", ""cq_token_count"": 9, ""covered_token_count"": 4, ""token_recall"": 0.4444, ""covered"": true}, {""cq_index"": 1, ""cq_text"": ""What alternative did C. S. Lewis used to assume the role of a book writer?"", ""cq_token_count"": 6, ""covered_token_count"": 3, ""token_recall"": 0.5, ""covered"": true}, {""cq_index"": 2, ""cq_text"": ""Show the trajectories of rivers which cross national parks?"", ""cq_token_count"": 5, ""covered_token_count"": 1, ""token_recall"": 0.2, ""covered"": false}]",40,10,0.2,0.775,True,0,5,0,13,0.0,0.0,0.0,0.0,0.0,0.0,0.0,0.0,0.0,[],[]
gpt-5.4,scenario-cq-reasoning,2024-145-01,False,Could not parse ontology.ttl in turtle/xml/n3 formats.,0,False,False,False,0,0,0,0,0.0,0.0,0.0,False,False,7,0.8571,0.7881,"[{""cq_index"": 0, ""cq_text"": ""List all district courts in a given state."", ""cq_token_count"": 3, ""covered_token_count"": 2, ""token_recall"": 0.6667, ""covered"": true}, {""cq_index"": 1, ""cq_text"": ""In which state is a given district court instance located?"", ""cq_token_count"": 5, ""covered_token_count"": 3, ""token_recall"": 0.6, ""covered"": true}, {""cq_index"": 2, ""cq_text"": ""How many districts are in a given state of India?"", ""cq_token_count"": 4, ""covered_token_count"": 1, ""token_recall"": 0.25, ""covered"": false}, {""cq_index"": 3, ""cq_text"": ""Which court has authority over a given court?"", ""cq_token_count"": 3, ""covered_token_count"": 3, ""token_recall"": 1.0, ""covered"": true}, {""cq_index"": 4, ""cq_text"": ""What is the check transaction type for a bad check?"", ""cq_token_count"": 3, ""covered_token_count"": 3, ""token_recall"": 1.0, ""covered"": true}, {""cq_index"": 5, ""cq_text"": ""When is a check payment of a bad check?"", ""cq_token_count"": 3, ""covered_token_count"": 3, ""token_recall"": 1.0, ""covered"": true}, {""cq_index"": 6, ""cq_text"": ""What is the transaction status of a given check payment?"", ""cq_token_count"": 4, ""covered_token_count"": 4, ""token_recall"": 1.0, ""covered"": true}]",22,17,0.1765,0.5455,False,0,0,0,0,0.0,0.0,0.0,0.0,0.0,0.0,0.0,0.0,0.0,[],[]
gpt-5.4,scenario-cq-reasoning,2025-147-01,False,Could not parse ontology.ttl in turtle/xml/n3 formats.,0,False,False,False,0,0,0,0,0.0,0.0,0.0,False,False,48,0.0,0.0257,"[{""cq_index"": 0, ""cq_text"": ""How are ships clearly identified?"", ""cq_token_count"": 3, ""covered_token_count"": 0, ""token_recall"": 0.0, ""covered"": false}, {""cq_index"": 1, ""cq_text"": ""How are a ship's dimensions described?"", ""cq_token_count"": 3, ""covered_token_count"": 0, ""token_recall"": 0.0, ""covered"": false}, {""cq_index"": 2, ""cq_text"": ""What information can be provided about the typical location of a ship?"", ""cq_token_count"": 5, ""covered_token_count"": 0, ""token_recall"": 0.0, ""covered"": false}, {""cq_index"": 3, ""cq_text"": ""Who can be the owner of a ship?"", ""cq_token_count"": 2, ""covered_token_count"": 0, ""token_recall"": 0.0, ""covered"": false}, {""cq_index"": 4, ""cq_text"": ""How is a ship's average speed over ground specified?"", ""cq_token_count"": 6, ""covered_token_count"": 0, ""token_recall"": 0.0, ""covered"": false}, {""cq_index"": 5, ""cq_text"": ""How many container ships are registered under the German flag?"", ""cq_token_count"": 7, ""covered_token_count"": 0, ""token_recall"": 0.0, ""covered"": false}, {""cq_index"": 6, ""cq_text"": ""How is the GPS antenna placed relatively to the ship's structure (bow, stern, port, starboard)?"", ""cq_token_count"": 10, ""covered_token_count"": 3, ""token_recall"": 0.3, ""covered"": false}, {""cq_index"": 7, ""cq_text"": ""Which organization owns the most ships?"", ""cq_token_count"": 4, ""covered_token_count"": 0, ""token_recall"": 0.0, ""covered"": false}, {""cq_index"": 8, ""cq_text"": ""What information can be provided about a ship route?"", ""cq_token_count"": 4, ""covered_token_count"": 0, ""token_recall"": 0.0, ""covered"": false}, {""cq_index"": 9, ""cq_text"": ""What information is known about a single trajectory part?"", ""cq_token_count"": 5, ""covered_token_count"": 0, ""token_recall"": 0.0, ""covered"": false}, {""cq_index"": 10, ""cq_text"": ""What types of trajectories are distinguished?"", ""cq_token_count"": 2, ""covered_token_count"": 0, ""token_recall"": 0.0, ""covered"": false}, {""cq_index"": 11, ""cq_text"": ""What unit does the draught of a ship have?"", ""cq_token_count"": 3, ""covered_token_count"": 0, ""token_recall"": 0.0, ""covered"": false}, {""cq_index"": 12, ""cq_text"": ""What was the average speed over ground of the ship on route on day X?"", ""cq_token_count"": 7, ""covered_token_count"": 1, ""token_recall"": 0.1429, ""covered"": false}, {""cq_index"": 13, ""cq_text"": ""What route is predicted for ship X?"", ""cq_token_count"": 3, ""covered_token_count"": 0, ""token_recall"": 0.0, ""covered"": false}, {""cq_index"": 14, ""cq_text"": ""What types of engines are used in ships?"", ""cq_token_count"": 2, ""covered_token_count"": 0, ""token_recall"": 0.0, ""covered"": false}, {""cq_index"": 15, ""cq_text"": ""What combinations of engines can exist?"", ""cq_token_count"": 3, ""covered_token_count"": 0, ""token_recall"": 0.0, ""covered"": false}, {""cq_index"": 16, ""cq_text"": ""What powers these ship engines?"", ""cq_token_count"": 4, ""covered_token_count"": 0, ""token_recall"": 0.0, ""covered"": false}, {""cq_index"": 17, ""cq_text"": ""What is driven by ship engines?"", ""cq_token_count"": 3, ""covered_token_count"": 0, ""token_recall"": 0.0, ""covered"": false}, {""cq_index"": 18, ""cq_text"": ""What types of propulsion systems can ships have?"", ""cq_token_count"": 3, ""covered_token_count"": 0, ""token_recall"": 0.0, ""covered"": false}, {""cq_index"": 19, ""cq_text"": ""What propulsion systems don't rely on an engine?"", ""cq_token_count"": 5, ""covered_token_count"": 0, ""token_recall"": 0.0, ""covered"": false}, {""cq_index"": 20, ""cq_text"": ""Which propulsion technologies are used by each individual propulsion system?"", ""cq_token_count"": 4, ""covered_token_count"": 1, ""token_recall"": 0.25, ""covered"": false}, {""cq_index"": 21, ""cq_text"": ""What falls under the category of propulsion technologies powered by engines?"", ""cq_token_count"": 7, ""covered_token_count"": 1, ""token_recall"": 0.1429, ""covered"": false}, {""cq_index"": 22, ""cq_text"": ""What types of jet propulsors exist?"", ""cq_token_count"": 3, ""covered_token_count"": 0, ""token_recall"": 0.0, ""covered"": false}, {""cq_index"": 23, ""cq_text"": ""What types of bladed propulsors exist?"", ""cq_token_count"": 3, ""covered_token_count"": 0, ""token_recall"": 0.0, ""covered"": false}, {""cq_index"": 24, ""cq_text"": ""What types of blade propulsors follow a special design?"", ""cq_token_count"": 5, ""covered_token_count"": 0, ""token_recall"": 0.0, ""covered"": false}, {""cq_index"": 25, ""cq_text"": ""What properties describe a bladed propulsor?"", ""cq_token_count"": 4, ""covered_token_count"": 0, ""token_recall"": 0.0, ""covered"": false}, {""cq_index"": 26, ""cq_text"": ""What types of screw propellers can be used?"", ""cq_token_count"": 2, ""covered_token_count"": 0, ""token_recall"": 0.0, ""covered"": false}, {""cq_index"": 27, ""cq_text"": ""What is used to prevent cavitation on technologies for motorized propulsion?"", ""cq_token_count"": 5, ""covered_token_count"": 1, ""token_recall"": 0.2, ""covered"": false}, {""cq_index"": 28, ""cq_text"": ""What type of sails exist?"", ""cq_token_count"": 2, ""covered_token_count"": 0, ""token_recall"": 0.0, ""covered"": false}, {""cq_index"": 29, ""cq_text"": ""Which type of propulsion technologies can assist a motorized ship?"", ""cq_token_count"": 5, ""covered_token_count"": 1, ""token_recall"": 0.2, ""covered"": false}, {""cq_index"": 30, ""cq_text"": ""What fuel does ship X use to drive?"", ""cq_token_count"": 3, ""covered_token_count"": 0, ""token_recall"": 0.0, ""covered"": false}, {""cq_index"": 31, ""cq_text"": ""How many engines power ship X?"", ""cq_token_count"": 4, ""covered_token_count"": 0, ""token_recall"": 0.0, ""covered"": false}, {""cq_index"": 32, ""cq_text"": ""What types of propellers are installed on ship X?"", ""cq_token_count"": 3, ""covered_token_count"": 0, ""token_recall"": 0.0, ""covered"": false}, {""cq_index"": 33, ""cq_text"": ""What is the most common type of propeller?"", ""cq_token_count"": 3, ""covered_token_count"": 0, ""token_recall"": 0.0, ""covered"": false}, {""cq_index"": 34, ""cq_text"": ""How many ships have sails?"", ""cq_token_count"": 3, ""covered_token_count"": 0, ""token_recall"": 0.0, ""covered"": false}, {""cq_index"": 35, ""cq_text"": ""Which ships use electric engines exclusively?"", ""cq_token_count"": 4, ""covered_token_count"": 0, ""token_recall"": 0.0, ""covered"": false}, {""cq_index"": 36, ""cq_text"": ""What motorized propulsion does a ship use that is assisted by wind propulsion?"", ""cq_token_count"": 5, ""covered_token_count"": 0, ""token_recall"": 0.0, ""covered"": false}, {""cq_index"": 37, ""cq_text"": ""How many supercavitating propellers does ship X use?"", ""cq_token_count"": 4, ""covered_token_count"": 0, ""token_recall"": 0.0, ""covered"": false}, {""cq_index"": 38, ""cq_text"": ""What diameter and how many blades does the fixed pitch propeller Y of ship X have?"", ""cq_token_count"": 7, ""covered_token_count"": 0, ""token_recall"": 0.0, ""covered"": false}, {""cq_index"": 39, ""cq_text"": ""What is the least utilized wind assisted propulsion system?"", ""cq_token_count"": 6, ""covered_token_count"": 0, ""token_recall"": 0.0, ""covered"": false}, {""cq_index"": 40, ""cq_text"": ""What different kinds of data can be used to represent a ship?"", ""cq_token_count"": 5, ""covered_token_count"": 0, ""token_recall"": 0.0, ""covered"": false}, {""cq_index"": 41, ""cq_text"": ""How is sonar data of ships stored?"", ""cq_token_count"": 4, ""covered_token_count"": 0, ""token_recall"": 0.0, ""covered"": false}, {""cq_index"": 42, ""cq_text"": ""What image resources are available for a ship?"", ""cq_token_count"": 4, ""covered_token_count"": 0, ""token_recall"": 0.0, ""covered"": false}, {""cq_index"": 43, ""cq_text"": ""What textual information about a ship is available?"", ""cq_token_count"": 4, ""covered_token_count"": 0, ""token_recall"": 0.0, ""covered"": false}, {""cq_index"": 44, ""cq_text"": ""What does ship X look like?"", ""cq_token_count"": 3, ""covered_token_count"": 0, ""token_recall"": 0.0, ""covered"": false}, {""cq_index"": 45, ""cq_text"": ""How does ship X sound like on a sonar?"", ""cq_token_count"": 4, ""covered_token_count"": 0, ""token_recall"": 0.0, ""covered"": false}, {""cq_index"": 46, ""cq_text"": ""What is the textual description of ship X?"", ""cq_token_count"": 3, ""covered_token_count"": 0, ""token_recall"": 0.0, ""covered"": false}, {""cq_index"": 47, ""cq_text"": ""Are there ships without sonar signatures?"", ""cq_token_count"": 5, ""covered_token_count"": 0, ""token_recall"": 0.0, ""covered"": false}]",9,109,0.0092,0.3333,True,0,1,0,8,0.0,0.0,0.0,0.0,0.0,0.0,0.0,0.0,0.0,[],[]
gpt-5.4,scenario-cq-reasoning,2025-149-01,False,Could not parse ontology.ttl in turtle/xml/n3 formats.,0,False,False,False,0,0,0,0,0.0,0.0,0.0,False,False,25,0.0,0.026,"[{""cq_index"": 0, ""cq_text"": ""Can the ontology represent a relational database as a first-class schema entity?"", ""cq_token_count"": 8, ""covered_token_count"": 0, ""token_recall"": 0.0, ""covered"": false}, {""cq_index"": 1, ""cq_text"": ""Can the ontology represent tables belonging to a database?"", ""cq_token_count"": 5, ""covered_token_count"": 0, ""token_recall"": 0.0, ""covered"": false}, {""cq_index"": 2, ""cq_text"": ""Can the ontology represent columns belonging to a table?"", ""cq_token_count"": 5, ""covered_token_count"": 0, ""token_recall"": 0.0, ""covered"": false}, {""cq_index"": 3, ""cq_text"": ""Can the ontology represent primary-key relationships in the schema?"", ""cq_token_count"": 6, ""covered_token_count"": 0, ""token_recall"": 0.0, ""covered"": false}, {""cq_index"": 4, ""cq_text"": ""Can the ontology represent foreign-key relationships and distinguish same-named columns across different tables when they are not semantically linked?"", ""cq_token_count"": 15, ""covered_token_count"": 0, ""token_recall"": 0.0, ""covered"": false}, {""cq_index"": 5, ""cq_text"": ""Can the ontology define a policy for a specific agent?"", ""cq_token_count"": 5, ""covered_token_count"": 0, ""token_recall"": 0.0, ""covered"": false}, {""cq_index"": 6, ""cq_text"": ""Can a policy specify a high-level ReadAction?"", ""cq_token_count"": 5, ""covered_token_count"": 0, ""token_recall"": 0.0, ""covered"": false}, {""cq_index"": 7, ""cq_text"": ""Can a policy specify a high-level ModifyAction?"", ""cq_token_count"": 5, ""covered_token_count"": 0, ""token_recall"": 0.0, ""covered"": false}, {""cq_index"": 8, ""cq_text"": ""Can a policy specify a ViewActionScope for read operations?"", ""cq_token_count"": 5, ""covered_token_count"": 0, ""token_recall"": 0.0, ""covered"": false}, {""cq_index"": 9, ""cq_text"": ""Can a policy specify a ProcessActionScope for read operations?"", ""cq_token_count"": 5, ""covered_token_count"": 0, ""token_recall"": 0.0, ""covered"": false}, {""cq_index"": 10, ""cq_text"": ""Can a policy be defined at table level?"", ""cq_token_count"": 4, ""covered_token_count"": 0, ""token_recall"": 0.0, ""covered"": false}, {""cq_index"": 11, ""cq_text"": ""Can a policy be defined at column level?"", ""cq_token_count"": 4, ""covered_token_count"": 0, ""token_recall"": 0.0, ""covered"": false}, {""cq_index"": 12, ""cq_text"": ""Can a policy be defined at row level using conditions?"", ""cq_token_count"": 5, ""covered_token_count"": 0, ""token_recall"": 0.0, ""covered"": false}, {""cq_index"": 13, ""cq_text"": ""Can the ontology express a prohibited modify action on a table?"", ""cq_token_count"": 6, ""covered_token_count"": 0, ""token_recall"": 0.0, ""covered"": false}, {""cq_index"": 14, ""cq_text"": ""Can the ontology express a table-level read prohibition for processing?"", ""cq_token_count"": 7, ""covered_token_count"": 0, ""token_recall"": 0.0, ""covered"": false}, {""cq_index"": 15, ""cq_text"": ""Can the ontology express a table-level read prohibition for viewing?"", ""cq_token_count"": 7, ""covered_token_count"": 0, ""token_recall"": 0.0, ""covered"": false}, {""cq_index"": 16, ""cq_text"": ""Can the ontology express a conditional row-level read restriction for later enforcement?"", ""cq_token_count"": 9, ""covered_token_count"": 0, ""token_recall"": 0.0, ""covered"": false}, {""cq_index"": 17, ""cq_text"": ""Can the ontology represent a SQL query as an AST-based semantic graph?"", ""cq_token_count"": 8, ""covered_token_count"": 0, ""token_recall"": 0.0, ""covered"": false}, {""cq_index"": 18, ""cq_text"": ""Can a SQL statement such as SelectStatement or UpdateStatement be mapped to its semantic action type?"", ""cq_token_count"": 8, ""covered_token_count"": 1, ""token_recall"": 0.125, ""covered"": false}, {""cq_index"": 19, ""cq_text"": ""Can a query statement be linked to the executing agent?"", ""cq_token_count"": 5, ""covered_token_count"": 1, ""token_recall"": 0.2, ""covered"": false}, {""cq_index"": 20, ""cq_text"": ""Can SQL clauses be assigned operational scopes such as view or process?"", ""cq_token_count"": 8, ""covered_token_count"": 1, ""token_recall"": 0.125, ""covered"": false}, {""cq_index"": 21, ""cq_text"": ""Can scope be propagated to reference nodes as an effectiveActionScope?"", ""cq_token_count"": 5, ""covered_token_count"": 1, ""token_recall"": 0.2, ""covered"": false}, {""cq_index"": 22, ""cq_text"": ""Can a TableRef in the query be linked to its corresponding schema Table?"", ""cq_token_count"": 6, ""covered_token_count"": 0, ""token_recall"": 0.0, ""covered"": false}, {""cq_index"": 23, ""cq_text"": ""Can a ColumnRef in the query be linked to its corresponding schema Column?"", ""cq_token_count"": 6, ""covered_token_count"": 0, ""token_recall"": 0.0, ""covered"": false}, {""cq_index"": 24, ""cq_text"": ""Can the reasoner infer whether a referenced table or column is Violated or RowTag based on the matching policy, action, and scope?"", ""cq_token_count"": 13, ""covered_token_count"": 0, ""token_recall"": 0.0, ""covered"": false}]",4,10,0.0,0.25,True,0,48,0,41,0.0,0.0,0.0,0.0,0.0,0.0,0.0,0.0,0.0,[],[]
gpt-5.4,scenario-cq-reasoning,2025-150-01,False,Could not parse ontology.ttl in turtle/xml/n3 formats.,0,False,False,False,0,0,0,0,0.0,0.0,0.0,False,False,32,0.0,0.0,"[{""cq_index"": 0, ""cq_text"": ""Which MQTT Clients are connected to which Broker?"", ""cq_token_count"": 4, ""covered_token_count"": 0, ""token_recall"": 0.0, ""covered"": false}, {""cq_index"": 1, ""cq_text"": ""Which MQTT NetworkConnections exist, are they TLS-secured, and who initiated/accepted them?"", ""cq_token_count"": 9, ""covered_token_count"": 0, ""token_recall"": 0.0, ""covered"": false}, {""cq_index"": 2, ""cq_text"": ""Which MQTT participants (Clients/Brokers) use which MQTT NetworkConnections?"", ""cq_token_count"": 5, ""covered_token_count"": 0, ""token_recall"": 0.0, ""covered"": false}, {""cq_index"": 3, ""cq_text"": ""Which MQTT Clients with which ClientIDs run on which SOSA platforms?"", ""cq_token_count"": 6, ""covered_token_count"": 0, ""token_recall"": 0.0, ""covered"": false}, {""cq_index"": 4, ""cq_text"": ""Which MQTT Clients are hosting which SOSA systems (sensors/actuators)?"", ""cq_token_count"": 7, ""covered_token_count"": 0, ""token_recall"": 0.0, ""covered"": false}, {""cq_index"": 5, ""cq_text"": ""What host/port is a MQTT Broker configured with?"", ""cq_token_count"": 5, ""covered_token_count"": 0, ""token_recall"": 0.0, ""covered"": false}, {""cq_index"": 6, ""cq_text"": ""Which SOSA sensors publish to which MQTT Topics (observations)?"", ""cq_token_count"": 6, ""covered_token_count"": 0, ""token_recall"": 0.0, ""covered"": false}, {""cq_index"": 7, ""cq_text"": ""Which SOSA actuators listen to which MQTT Topics (commands)?"", ""cq_token_count"": 6, ""covered_token_count"": 0, ""token_recall"": 0.0, ""covered"": false}, {""cq_index"": 8, ""cq_text"": ""Which SOSA FeaturesOfInterest, Properties etc. appear as MQTT TopicSubjects and on which MQTT Topics?"", ""cq_token_count"": 8, ""covered_token_count"": 0, ""token_recall"": 0.0, ""covered"": false}, {""cq_index"": 9, ""cq_text"": ""Which MQTT Topic Filters match a given MQTT Topic?"", ""cq_token_count"": 4, ""covered_token_count"": 0, ""token_recall"": 0.0, ""covered"": false}, {""cq_index"": 10, ""cq_text"": ""Which MQTT Topics are matched by a given MQTT Topic Filter?"", ""cq_token_count"": 5, ""covered_token_count"": 0, ""token_recall"": 0.0, ""covered"": false}, {""cq_index"": 11, ""cq_text"": ""Which MQTT filter patterns (with wildcards) are stored?"", ""cq_token_count"": 5, ""covered_token_count"": 0, ""token_recall"": 0.0, ""covered"": false}, {""cq_index"": 12, ""cq_text"": ""Which MQTT Clients send which MQTT Control Packets?"", ""cq_token_count"": 5, ""covered_token_count"": 0, ""token_recall"": 0.0, ""covered"": false}, {""cq_index"": 13, ""cq_text"": ""Which MQTT PUBLISH/SUBSCRIBE/UNSUBSCRIBE packets were sent (specializations)?"", ""cq_token_count"": 7, ""covered_token_count"": 0, ""token_recall"": 0.0, ""covered"": false}, {""cq_index"": 14, ""cq_text"": ""Which MQTT Brokers receive/forward which MQTT Control Packets?"", ""cq_token_count"": 6, ""covered_token_count"": 0, ""token_recall"": 0.0, ""covered"": false}, {""cq_index"": 15, ""cq_text"": ""Which MQTT Control Packets were sent by which Client (inverse)?"", ""cq_token_count"": 6, ""covered_token_count"": 0, ""token_recall"": 0.0, ""covered"": false}, {""cq_index"": 16, ""cq_text"": ""Which MQTT Publish packets carry Observations for a specific SOSA FeatureOfInterest or Property?"", ""cq_token_count"": 9, ""covered_token_count"": 0, ""token_recall"": 0.0, ""covered"": false}, {""cq_index"": 17, ""cq_text"": ""Which MQTT SUBSCRIBE packets request QoS=2 and for which filters?"", ""cq_token_count"": 6, ""covered_token_count"": 0, ""token_recall"": 0.0, ""covered"": false}, {""cq_index"": 18, ""cq_text"": ""Which MQTT UNSUBSCRIBE packets remove all filters under a certain path (e.g. 'factory/centering/#')?"", ""cq_token_count"": 10, ""covered_token_count"": 0, ""token_recall"": 0.0, ""covered"": false}, {""cq_index"": 19, ""cq_text"": ""Which MQTT Control Packet has which Fixed Header / Variable Header / Payload?"", ""cq_token_count"": 7, ""covered_token_count"": 0, ""token_recall"": 0.0, ""covered"": false}, {""cq_index"": 20, ""cq_text"": ""Which MQTT PUBLISH packet has which MQTT Topic (name) in the Variable Header?"", ""cq_token_count"": 7, ""covered_token_count"": 0, ""token_recall"": 0.0, ""covered"": false}, {""cq_index"": 21, ""cq_text"": ""Which QoS levels are set (in PUBLISH Fixed Header or SubscriptionEntry)?"", ""cq_token_count"": 7, ""covered_token_count"": 0, ""token_recall"": 0.0, ""covered"": false}, {""cq_index"": 22, ""cq_text"": ""Are RETAIN/DUP flags set in PUBLISH?"", ""cq_token_count"": 5, ""covered_token_count"": 0, ""token_recall"": 0.0, ""covered"": false}, {""cq_index"": 23, ""cq_text"": ""Which MQTT Control Packets have which PacketIdentifier?"", ""cq_token_count"": 4, ""covered_token_count"": 0, ""token_recall"": 0.0, ""covered"": false}, {""cq_index"": 24, ""cq_text"": ""Which MQTT SUBSCRIBE payloads contain which SubscriptionEntries?"", ""cq_token_count"": 5, ""covered_token_count"": 0, ""token_recall"": 0.0, ""covered"": false}, {""cq_index"": 25, ""cq_text"": ""Which MQTT Topic Filters (with QoS) are requested by a SubscriptionEntry?"", ""cq_token_count"": 6, ""covered_token_count"": 0, ""token_recall"": 0.0, ""covered"": false}, {""cq_index"": 26, ""cq_text"": ""Which MQTT UNSUBSCRIBE payloads remove which MQTT TopicFilters?"", ""cq_token_count"": 5, ""covered_token_count"": 0, ""token_recall"": 0.0, ""covered"": false}, {""cq_index"": 27, ""cq_text"": ""Which MQTT PUBLISH payloads encode SOSA Observations (or Observation Collections)?"", ""cq_token_count"": 8, ""covered_token_count"": 0, ""token_recall"": 0.0, ""covered"": false}, {""cq_index"": 28, ""cq_text"": ""Which MQTT PUBLISH payloads encode SOSA Actuations (or Actuation Collections)?"", ""cq_token_count"": 8, ""covered_token_count"": 0, ""token_recall"": 0.0, ""covered"": false}, {""cq_index"": 29, ""cq_text"": ""Which fields are encoded in a MQTT payload?"", ""cq_token_count"": 4, ""covered_token_count"": 0, ""token_recall"": 0.0, ""covered"": false}, {""cq_index"": 30, ""cq_text"": ""What content, content type, encoding and delimiter does a MQTT PUBLISH payload have?"", ""cq_token_count"": 6, ""covered_token_count"": 0, ""token_recall"": 0.0, ""covered"": false}, {""cq_index"": 31, ""cq_text"": ""What is the size of a MQTT payload (as QUDT QuantityValue with unit)?"", ""cq_token_count"": 6, ""covered_token_count"": 0, ""token_recall"": 0.0, ""covered"": false}]",2,60,0.0,1.0,True,0,9,0,11,0.0,0.0,0.0,0.0,0.0,0.0,0.0,0.0,0.0,[],[]
gpt-5.4,scenario-cq-reasoning,2025-151-01,False,Could not parse ontology.ttl in turtle/xml/n3 formats.,0,False,False,False,0,0,0,0,0.0,0.0,0.0,False,False,5,0.0,0.0,"[{""cq_index"": 0, ""cq_text"": ""What is the requested action?"", ""cq_token_count"": 2, ""covered_token_count"": 0, ""token_recall"": 0.0, ""covered"": false}, {""cq_index"": 1, ""cq_text"": ""Who is the party issuing the evaluation request?"", ""cq_token_count"": 4, ""covered_token_count"": 0, ""token_recall"": 0.0, ""covered"": false}, {""cq_index"": 2, ""cq_text"": ""What is the target asset of the evaluation request?"", ""cq_token_count"": 4, ""covered_token_count"": 0, ""token_recall"": 0.0, ""covered"": false}, {""cq_index"": 3, ""cq_text"": ""When was the evaluation request issued?"", ""cq_token_count"": 3, ""covered_token_count"": 0, ""token_recall"": 0.0, ""covered"": false}, {""cq_index"": 4, ""cq_text"": ""What additional contextual information can be included in the evaluation request to further constrain it?"", ""cq_token_count"": 8, ""covered_token_count"": 0, ""token_recall"": 0.0, ""covered"": false}]",0,25,0.0,0.0,True,0,1,0,5,0.0,0.0,0.0,0.0,0.0,0.0,0.0,0.0,0.0,[],[]
gpt-5.4,scenario-cq-reasoning,2025-151-02,False,Could not parse ontology.ttl in turtle/xml/n3 formats.,0,False,False,False,0,0,0,0,0.0,0.0,0.0,False,False,10,0.0,0.0,"[{""cq_index"": 0, ""cq_text"": ""What is the current time?"", ""cq_token_count"": 2, ""covered_token_count"": 0, ""token_recall"": 0.0, ""covered"": false}, {""cq_index"": 1, ""cq_text"": ""What is the location of a party?"", ""cq_token_count"": 2, ""covered_token_count"": 0, ""token_recall"": 0.0, ""covered"": false}, {""cq_index"": 2, ""cq_text"": ""What assets are part of the asset collection of the policy that is being evaluated?"", ""cq_token_count"": 7, ""covered_token_count"": 0, ""token_recall"": 0.0, ""covered"": false}, {""cq_index"": 3, ""cq_text"": ""Which parties are part of the party collection of the policy that is being evaluated?"", ""cq_token_count"": 7, ""covered_token_count"": 0, ""token_recall"": 0.0, ""covered"": false}, {""cq_index"": 4, ""cq_text"": ""What actions were already performed or attempted?"", ""cq_token_count"": 4, ""covered_token_count"": 0, ""token_recall"": 0.0, ""covered"": false}, {""cq_index"": 5, ""cq_text"": ""How many times has a rule been exercised?"", ""cq_token_count"": 4, ""covered_token_count"": 0, ""token_recall"": 0.0, ""covered"": false}, {""cq_index"": 6, ""cq_text"": ""What information is available about an event that has occurred?"", ""cq_token_count"": 4, ""covered_token_count"": 0, ""token_recall"": 0.0, ""covered"": false}, {""cq_index"": 7, ""cq_text"": ""How long has a rule been exercised?"", ""cq_token_count"": 3, ""covered_token_count"": 0, ""token_recall"": 0.0, ""covered"": false}, {""cq_index"": 8, ""cq_text"": ""Which recipients or categories of recipients can receive the result of the rule that has been exercised?"", ""cq_token_count"": 6, ""covered_token_count"": 0, ""token_recall"": 0.0, ""covered"": false}, {""cq_index"": 9, ""cq_text"": ""Has a financial payment been made? What was the amount paid?"", ""cq_token_count"": 5, ""covered_token_count"": 0, ""token_recall"": 0.0, ""covered"": false}]",0,23,0.0,0.0,True,0,1,0,0,0.0,0.0,0.0,0.0,0.0,0.0,0.0,1.0,0.0,[],[]
gpt-5.4,scenario-cq-reasoning,2025-153-01,False,Could not parse ontology.ttl in turtle/xml/n3 formats.,0,False,False,False,0,0,0,0,0.0,0.0,0.0,False,False,8,0.25,0.2479,"[{""cq_index"": 0, ""cq_text"": ""Which entity does a persistent identifier currently reference?"", ""cq_token_count"": 5, ""covered_token_count"": 3, ""token_recall"": 0.6, ""covered"": true}, {""cq_index"": 1, ""cq_text"": ""Which entity was referenced at a past timestamp?"", ""cq_token_count"": 4, ""covered_token_count"": 0, ""token_recall"": 0.0, ""covered"": false}, {""cq_index"": 2, ""cq_text"": ""When did referent transitions occur?"", ""cq_token_count"": 3, ""covered_token_count"": 1, ""token_recall"": 0.3333, ""covered"": false}, {""cq_index"": 3, ""cq_text"": ""What observations are associated with specific referents?"", ""cq_token_count"": 4, ""covered_token_count"": 0, ""token_recall"": 0.0, ""covered"": false}, {""cq_index"": 4, ""cq_text"": ""What is the full sequence of referents over time?"", ""cq_token_count"": 5, ""covered_token_count"": 1, ""token_recall"": 0.2, ""covered"": false}, {""cq_index"": 5, ""cq_text"": ""Which rules triggered specific transitions?"", ""cq_token_count"": 4, ""covered_token_count"": 1, ""token_recall"": 0.25, ""covered"": false}, {""cq_index"": 6, ""cq_text"": ""Are there gaps or overlaps in temporal bindings?"", ""cq_token_count"": 5, ""covered_token_count"": 1, ""token_recall"": 0.2, ""covered"": false}, {""cq_index"": 7, ""cq_text"": ""Can complete context be rebuilt for any time point?"", ""cq_token_count"": 5, ""covered_token_count"": 2, ""token_recall"": 0.4, ""covered"": true}]",22,119,0.042,0.6364,True,0,11,0,22,0.0,0.0,0.0,0.0,0.0,0.0,0.0,0.0,0.0,[],[]
gpt-5.4,scenario-cq-reasoning,2026-155-01,False,Could not parse ontology.ttl in turtle/xml/n3 formats.,0,False,False,False,0,0,0,0,0.0,0.0,0.0,False,False,8,0.5,0.4157,"[{""cq_index"": 0, ""cq_text"": ""Which survey or investigation activities were performed on a given cultural property or on a specific feature of interest?"", ""cq_token_count"": 9, ""covered_token_count"": 5, ""token_recall"": 0.5556, ""covered"": true}, {""cq_index"": 1, ""cq_text"": ""Which method or investigation technique was adopted in a specific survey or investigation activity?"", ""cq_token_count"": 7, ""covered_token_count"": 3, ""token_recall"": 0.4286, ""covered"": true}, {""cq_index"": 2, ""cq_text"": ""Which observations were produced during a given survey or investigation activity?"", ""cq_token_count"": 6, ""covered_token_count"": 3, ""token_recall"": 0.5, ""covered"": true}, {""cq_index"": 3, ""cq_text"": ""Which experts participated in the survey or investigation activity, and with which roles?"", ""cq_token_count"": 6, ""covered_token_count"": 2, ""token_recall"": 0.3333, ""covered"": false}, {""cq_index"": 4, ""cq_text"": ""Which hardware, software, and technical configurations were used to conduct a specific survey or investigation activity?"", ""cq_token_count"": 9, ""covered_token_count"": 5, ""token_recall"": 0.5556, ""covered"": true}, {""cq_index"": 5, ""cq_text"": ""What interpretations or claims are supported by the observations produced during a survey?"", ""cq_token_count"": 7, ""covered_token_count"": 2, ""token_recall"": 0.2857, ""covered"": false}, {""cq_index"": 6, ""cq_text"": ""How are post-processed outputs (e.g., interactive images, spectra, datasets) related to the underlying acquisition or observation activities?"", ""cq_token_count"": 12, ""covered_token_count"": 4, ""token_recall"": 0.3333, ""covered"": false}, {""cq_index"": 7, ""cq_text"": ""Which acquisition parameters (e.g., exposure time, ISO, aperture) characterised a specific photographic acquisition cycle within a survey?"", ""cq_token_count"": 12, ""covered_token_count"": 4, ""token_recall"": 0.3333, ""covered"": false}]",37,20,0.15,0.5135,True,0,22,0,32,0.0,0.0,0.0,0.0,0.0,0.0,0.0,0.0,0.0,[],[]
gpt-5.4,scenario-only,2023-133-01,True,,65,True,True,True,8,5,1,0,1.0,1.0,1.0,True,True,4,0.75,0.5563,"[{""cq_index"": 0, ""cq_text"": ""What events are responsible for the pavement being slippery?"", ""cq_token_count"": 5, ""covered_token_count"": 3, ""token_recall"": 0.6, ""covered"": true}, {""cq_index"": 1, ""cq_text"": ""What would be the outcome of turning the sprinkler system on(off)?"", ""cq_token_count"": 5, ""covered_token_count"": 1, ""token_recall"": 0.2, ""covered"": false}, {""cq_index"": 2, ""cq_text"": ""How strong is the causal link between the sprinkler being on and the pavement being wet?"", ""cq_token_count"": 8, ""covered_token_count"": 5, ""token_recall"": 0.625, ""covered"": true}, {""cq_index"": 3, ""cq_text"": ""What if the pavement is not wet, how would it effect the pavement being slippery?"", ""cq_token_count"": 5, ""covered_token_count"": 4, ""token_recall"": 0.8, ""covered"": true}]",44,41,0.5366,0.5,True,8,5,6,5,0.125,0.2,0.1538,0.1667,0.2,0.1818,0.0556,0.25,0.1678,"[""event node""]","[""has effect""]"
gpt-5.4,scenario-only,2023-133-02,True,,66,True,True,True,6,5,1,0,1.0,1.0,1.0,True,True,6,1.0,0.6899,"[{""cq_index"": 0, ""cq_text"": ""Is the medication intake by the patient caused by the presence of outdoor environmental allergen such as pollen or AQI?"", ""cq_token_count"": 11, ""covered_token_count"": 7, ""token_recall"": 0.6364, ""covered"": true}, {""cq_index"": 1, ""cq_text"": ""How much does the presence of an asthma symptom effect the intake of medication?"", ""cq_token_count"": 7, ""covered_token_count"": 5, ""token_recall"": 0.7143, ""covered"": true}, {""cq_index"": 2, ""cq_text"": ""How does an outdoor environmental allergen affect the patient?"", ""cq_token_count"": 5, ""covered_token_count"": 3, ""token_recall"": 0.6, ""covered"": true}, {""cq_index"": 3, ""cq_text"": ""What is the probable cause of the cough experienced by the patient?"", ""cq_token_count"": 5, ""covered_token_count"": 4, ""token_recall"": 0.8, ""covered"": true}, {""cq_index"": 4, ""cq_text"": ""What if pollen (or AQI) allergen was not present in the outdoor environment, how would it effect the intake of medication?"", ""cq_token_count"": 9, ""covered_token_count"": 5, ""token_recall"": 0.5556, ""covered"": true}, {""cq_index"": 5, ""cq_text"": ""What if the patient did not experience a cough, how would it effect the intake of medication?"", ""cq_token_count"": 6, ""covered_token_count"": 5, ""token_recall"": 0.8333, ""covered"": true}]",68,60,0.5333,0.4853,True,6,5,6,5,0.0,0.0,0.0,0.1667,0.2,0.1818,0.0,0.2143,0.0909,[],"[""has effect""]"
gpt-5.4,scenario-only,2023-134-01,True,,67,True,True,True,20,0,0,0,1.0,1.0,0.0,True,True,8,0.5,0.4083,"[{""cq_index"": 0, ""cq_text"": ""What is the unique identifier of the policy?"", ""cq_token_count"": 3, ""covered_token_count"": 1, ""token_recall"": 0.3333, ""covered"": false}, {""cq_index"": 1, ""cq_text"": ""Who is the creator of the policy?"", ""cq_token_count"": 2, ""covered_token_count"": 1, ""token_recall"": 0.5, ""covered"": true}, {""cq_index"": 2, ""cq_text"": ""When was the policy issued?"", ""cq_token_count"": 2, ""covered_token_count"": 1, ""token_recall"": 0.5, ""covered"": true}, {""cq_index"": 3, ""cq_text"": ""Who is the assignee of the policy?"", ""cq_token_count"": 2, ""covered_token_count"": 1, ""token_recall"": 0.5, ""covered"": true}, {""cq_index"": 4, ""cq_text"": ""What application/service is being used to access the data?"", ""cq_token_count"": 5, ""covered_token_count"": 3, ""token_recall"": 0.6, ""covered"": true}, {""cq_index"": 5, ""cq_text"": ""What access mode is being requested?"", ""cq_token_count"": 4, ""covered_token_count"": 1, ""token_recall"": 0.25, ""covered"": false}, {""cq_index"": 6, ""cq_text"": ""What personal data is being accessed?"", ""cq_token_count"": 4, ""covered_token_count"": 1, ""token_recall"": 0.25, ""covered"": false}, {""cq_index"": 7, ""cq_text"": ""What is the purpose for accessing the data?"", ""cq_token_count"": 3, ""covered_token_count"": 1, ""token_recall"": 0.3333, ""covered"": false}]",92,88,0.5341,0.4674,True,20,0,0,0,0.0,0.0,0.0,0.0,0.0,0.0,0.0,1.0,0.0,[],[]
gpt-5.4,scenario-only,2023-134-02,True,,71,True,True,True,21,0,0,0,1.0,1.0,0.0,True,True,6,0.5,0.3683,"[{""cq_index"": 0, ""cq_text"": ""What type of action, e.g., create, update, erase, is being performed on the data?"", ""cq_token_count"": 7, ""covered_token_count"": 1, ""token_recall"": 0.1429, ""covered"": false}, {""cq_index"": 1, ""cq_text"": ""Who is the entity interacting with the data?"", ""cq_token_count"": 3, ""covered_token_count"": 2, ""token_recall"": 0.6667, ""covered"": true}, {""cq_index"": 2, ""cq_text"": ""Who is the entity publishing the log?"", ""cq_token_count"": 3, ""covered_token_count"": 1, ""token_recall"": 0.3333, ""covered"": false}, {""cq_index"": 3, ""cq_text"": ""When was the log issued?"", ""cq_token_count"": 2, ""covered_token_count"": 0, ""token_recall"": 0.0, ""covered"": false}, {""cq_index"": 4, ""cq_text"": ""Where is the data being stored?"", ""cq_token_count"": 3, ""covered_token_count"": 2, ""token_recall"": 0.6667, ""covered"": true}, {""cq_index"": 5, ""cq_text"": ""What application/service is being used to generate the data, if any?"", ""cq_token_count"": 5, ""covered_token_count"": 2, ""token_recall"": 0.4, ""covered"": true}]",91,88,0.5455,0.4505,True,21,0,0,0,0.0,0.0,0.0,0.0,0.0,0.0,0.0,1.0,0.0,[],[]
gpt-5.4,scenario-only,2023-134-03,True,,67,True,True,True,20,0,0,0,1.0,1.0,0.0,True,True,5,0.6,0.45,"[{""cq_index"": 0, ""cq_text"": ""Who is maintaining the registry?"", ""cq_token_count"": 2, ""covered_token_count"": 0, ""token_recall"": 0.0, ""covered"": false}, {""cq_index"": 1, ""cq_text"": ""When was the registry created/updated?"", ""cq_token_count"": 3, ""covered_token_count"": 0, ""token_recall"": 0.0, ""covered"": false}, {""cq_index"": 2, ""cq_text"": ""What types of data are available?"", ""cq_token_count"": 2, ""covered_token_count"": 1, ""token_recall"": 0.5, ""covered"": true}, {""cq_index"": 3, ""cq_text"": ""Where is a specific type of data being stored?"", ""cq_token_count"": 4, ""covered_token_count"": 3, ""token_recall"": 0.75, ""covered"": true}, {""cq_index"": 4, ""cq_text"": ""What policy is associated with the data?"", ""cq_token_count"": 3, ""covered_token_count"": 3, ""token_recall"": 1.0, ""covered"": true}]",88,88,0.5,0.4659,True,20,0,0,0,0.0,0.0,0.0,0.0,0.0,0.0,0.0,1.0,0.0,[],[]
gpt-5.4,scenario-only,2023-135-01,True,,55,True,True,True,5,5,1,0,1.0,1.0,1.0,True,True,3,0.0,0.1667,"[{""cq_index"": 0, ""cq_text"": ""Under what pseudonym did the author C. S. Lewis published a collection of poems, Spirit in Bondage?"", ""cq_token_count"": 9, ""covered_token_count"": 3, ""token_recall"": 0.3333, ""covered"": false}, {""cq_index"": 1, ""cq_text"": ""What alternative did C. S. Lewis used to assume the role of a book writer?"", ""cq_token_count"": 6, ""covered_token_count"": 1, ""token_recall"": 0.1667, ""covered"": false}, {""cq_index"": 2, ""cq_text"": ""Show the trajectories of rivers which cross national parks?"", ""cq_token_count"": 5, ""covered_token_count"": 0, ""token_recall"": 0.0, ""covered"": false}]",41,10,0.9,0.7073,True,5,5,6,13,0.2,0.2,0.2,0.5,0.2308,0.3158,0.1111,0.1071,0.2579,"[""name""]","[""has name"", ""has changed name"", ""has name literal""]"
gpt-5.4,scenario-only,2024-145-01,True,,61,True,True,True,7,5,0,0,1.0,1.0,1.0,True,True,7,0.2857,0.35,"[{""cq_index"": 0, ""cq_text"": ""List all district courts in a given state."", ""cq_token_count"": 3, ""covered_token_count"": 1, ""token_recall"": 0.3333, ""covered"": false}, {""cq_index"": 1, ""cq_text"": ""In which state is a given district court instance located?"", ""cq_token_count"": 5, ""covered_token_count"": 1, ""token_recall"": 0.2, ""covered"": false}, {""cq_index"": 2, ""cq_text"": ""How many districts are in a given state of India?"", ""cq_token_count"": 4, ""covered_token_count"": 0, ""token_recall"": 0.0, ""covered"": false}, {""cq_index"": 3, ""cq_text"": ""Which court has authority over a given court?"", ""cq_token_count"": 3, ""covered_token_count"": 1, ""token_recall"": 0.3333, ""covered"": false}, {""cq_index"": 4, ""cq_text"": ""What is the check transaction type for a bad check?"", ""cq_token_count"": 3, ""covered_token_count"": 2, ""token_recall"": 0.6667, ""covered"": true}, {""cq_index"": 5, ""cq_text"": ""When is a check payment of a bad check?"", ""cq_token_count"": 3, ""covered_token_count"": 2, ""token_recall"": 0.6667, ""covered"": true}, {""cq_index"": 6, ""cq_text"": ""What is the transaction status of a given check payment?"", ""cq_token_count"": 4, ""covered_token_count"": 1, ""token_recall"": 0.25, ""covered"": false}]",34,17,0.8235,0.5588,False,7,0,5,0,0.0,0.0,0.0,0.0,0.0,0.0,0.0,0.0,0.0,[],[]
gpt-5.4,scenario-only,2025-147-01,True,,67,True,True,True,5,6,2,0,1.0,1.0,0.875,True,True,48,0.3125,0.315,"[{""cq_index"": 0, ""cq_text"": ""How are ships clearly identified?"", ""cq_token_count"": 3, ""covered_token_count"": 1, ""token_recall"": 0.3333, ""covered"": false}, {""cq_index"": 1, ""cq_text"": ""How are a ship's dimensions described?"", ""cq_token_count"": 3, ""covered_token_count"": 2, ""token_recall"": 0.6667, ""covered"": true}, {""cq_index"": 2, ""cq_text"": ""What information can be provided about the typical location of a ship?"", ""cq_token_count"": 5, ""covered_token_count"": 3, ""token_recall"": 0.6, ""covered"": true}, {""cq_index"": 3, ""cq_text"": ""Who can be the owner of a ship?"", ""cq_token_count"": 2, ""covered_token_count"": 1, ""token_recall"": 0.5, ""covered"": true}, {""cq_index"": 4, ""cq_text"": ""How is a ship's average speed over ground specified?"", ""cq_token_count"": 6, ""covered_token_count"": 1, ""token_recall"": 0.1667, ""covered"": false}, {""cq_index"": 5, ""cq_text"": ""How many container ships are registered under the German flag?"", ""cq_token_count"": 7, ""covered_token_count"": 1, ""token_recall"": 0.1429, ""covered"": false}, {""cq_index"": 6, ""cq_text"": ""How is the GPS antenna placed relatively to the ship's structure (bow, stern, port, starboard)?"", ""cq_token_count"": 10, ""covered_token_count"": 2, ""token_recall"": 0.2, ""covered"": false}, {""cq_index"": 7, ""cq_text"": ""Which organization owns the most ships?"", ""cq_token_count"": 4, ""covered_token_count"": 1, ""token_recall"": 0.25, ""covered"": false}, {""cq_index"": 8, ""cq_text"": ""What information can be provided about a ship route?"", ""cq_token_count"": 4, ""covered_token_count"": 3, ""token_recall"": 0.75, ""covered"": true}, {""cq_index"": 9, ""cq_text"": ""What information is known about a single trajectory part?"", ""cq_token_count"": 5, ""covered_token_count"": 3, ""token_recall"": 0.6, ""covered"": true}, {""cq_index"": 10, ""cq_text"": ""What types of trajectories are distinguished?"", ""cq_token_count"": 2, ""covered_token_count"": 0, ""token_recall"": 0.0, ""covered"": false}, {""cq_index"": 11, ""cq_text"": ""What unit does the draught of a ship have?"", ""cq_token_count"": 3, ""covered_token_count"": 1, ""token_recall"": 0.3333, ""covered"": false}, {""cq_index"": 12, ""cq_text"": ""What was the average speed over ground of the ship on route on day X?"", ""cq_token_count"": 7, ""covered_token_count"": 1, ""token_recall"": 0.1429, ""covered"": false}, {""cq_index"": 13, ""cq_text"": ""What route is predicted for ship X?"", ""cq_token_count"": 3, ""covered_token_count"": 1, ""token_recall"": 0.3333, ""covered"": false}, {""cq_index"": 14, ""cq_text"": ""What types of engines are used in ships?"", ""cq_token_count"": 2, ""covered_token_count"": 1, ""token_recall"": 0.5, ""covered"": true}, {""cq_index"": 15, ""cq_text"": ""What combinations of engines can exist?"", ""cq_token_count"": 3, ""covered_token_count"": 0, ""token_recall"": 0.0, ""covered"": false}, {""cq_index"": 16, ""cq_text"": ""What powers these ship engines?"", ""cq_token_count"": 4, ""covered_token_count"": 1, ""token_recall"": 0.25, ""covered"": false}, {""cq_index"": 17, ""cq_text"": ""What is driven by ship engines?"", ""cq_token_count"": 3, ""covered_token_count"": 1, ""token_recall"": 0.3333, ""covered"": false}, {""cq_index"": 18, ""cq_text"": ""What types of propulsion systems can ships have?"", ""cq_token_count"": 3, ""covered_token_count"": 3, ""token_recall"": 1.0, ""covered"": true}, {""cq_index"": 19, ""cq_text"": ""What propulsion systems don't rely on an engine?"", ""cq_token_count"": 5, ""covered_token_count"": 2, ""token_recall"": 0.4, ""covered"": true}, {""cq_index"": 20, ""cq_text"": ""Which propulsion technologies are used by each individual propulsion system?"", ""cq_token_count"": 4, ""covered_token_count"": 2, ""token_recall"": 0.5, ""covered"": true}, {""cq_index"": 21, ""cq_text"": ""What falls under the category of propulsion technologies powered by engines?"", ""cq_token_count"": 7, ""covered_token_count"": 1, ""token_recall"": 0.1429, ""covered"": false}, {""cq_index"": 22, ""cq_text"": ""What types of jet propulsors exist?"", ""cq_token_count"": 3, ""covered_token_count"": 0, ""token_recall"": 0.0, ""covered"": false}, {""cq_index"": 23, ""cq_text"": ""What types of bladed propulsors exist?"", ""cq_token_count"": 3, ""covered_token_count"": 0, ""token_recall"": 0.0, ""covered"": false}, {""cq_index"": 24, ""cq_text"": ""What types of blade propulsors follow a special design?"", ""cq_token_count"": 5, ""covered_token_count"": 1, ""token_recall"": 0.2, ""covered"": false}, {""cq_index"": 25, ""cq_text"": ""What properties describe a bladed propulsor?"", ""cq_token_count"": 4, ""covered_token_count"": 1, ""token_recall"": 0.25, ""covered"": false}, {""cq_index"": 26, ""cq_text"": ""What types of screw propellers can be used?"", ""cq_token_count"": 2, ""covered_token_count"": 0, ""token_recall"": 0.0, ""covered"": false}, {""cq_index"": 27, ""cq_text"": ""What is used to prevent cavitation on technologies for motorized propulsion?"", ""cq_token_count"": 5, ""covered_token_count"": 1, ""token_recall"": 0.2, ""covered"": false}, {""cq_index"": 28, ""cq_text"": ""What type of sails exist?"", ""cq_token_count"": 2, ""covered_token_count"": 0, ""token_recall"": 0.0, ""covered"": false}, {""cq_index"": 29, ""cq_text"": ""Which type of propulsion technologies can assist a motorized ship?"", ""cq_token_count"": 5, ""covered_token_count"": 2, ""token_recall"": 0.4, ""covered"": true}, {""cq_index"": 30, ""cq_text"": ""What fuel does ship X use to drive?"", ""cq_token_count"": 3, ""covered_token_count"": 1, ""token_recall"": 0.3333, ""covered"": false}, {""cq_index"": 31, ""cq_text"": ""How many engines power ship X?"", ""cq_token_count"": 4, ""covered_token_count"": 1, ""token_recall"": 0.25, ""covered"": false}, {""cq_index"": 32, ""cq_text"": ""What types of propellers are installed on ship X?"", ""cq_token_count"": 3, ""covered_token_count"": 1, ""token_recall"": 0.3333, ""covered"": false}, {""cq_index"": 33, ""cq_text"": ""What is the most common type of propeller?"", ""cq_token_count"": 3, ""covered_token_count"": 0, ""token_recall"": 0.0, ""covered"": false}, {""cq_index"": 34, ""cq_text"": ""How many ships have sails?"", ""cq_token_count"": 3, ""covered_token_count"": 1, ""token_recall"": 0.3333, ""covered"": false}, {""cq_index"": 35, ""cq_text"": ""Which ships use electric engines exclusively?"", ""cq_token_count"": 4, ""covered_token_count"": 1, ""token_recall"": 0.25, ""covered"": false}, {""cq_index"": 36, ""cq_text"": ""What motorized propulsion does a ship use that is assisted by wind propulsion?"", ""cq_token_count"": 5, ""covered_token_count"": 2, ""token_recall"": 0.4, ""covered"": true}, {""cq_index"": 37, ""cq_text"": ""How many supercavitating propellers does ship X use?"", ""cq_token_count"": 4, ""covered_token_count"": 1, ""token_recall"": 0.25, ""covered"": false}, {""cq_index"": 38, ""cq_text"": ""What diameter and how many blades does the fixed pitch propeller Y of ship X have?"", ""cq_token_count"": 7, ""covered_token_count"": 1, ""token_recall"": 0.1429, ""covered"": false}, {""cq_index"": 39, ""cq_text"": ""What is the least utilized wind assisted propulsion system?"", ""cq_token_count"": 6, ""covered_token_count"": 2, ""token_recall"": 0.3333, ""covered"": false}, {""cq_index"": 40, ""cq_text"": ""What different kinds of data can be used to represent a ship?"", ""cq_token_count"": 5, ""covered_token_count"": 3, ""token_recall"": 0.6, ""covered"": true}, {""cq_index"": 41, ""cq_text"": ""How is sonar data of ships stored?"", ""cq_token_count"": 4, ""covered_token_count"": 2, ""token_recall"": 0.5, ""covered"": true}, {""cq_index"": 42, ""cq_text"": ""What image resources are available for a ship?"", ""cq_token_count"": 4, ""covered_token_count"": 1, ""token_recall"": 0.25, ""covered"": false}, {""cq_index"": 43, ""cq_text"": ""What textual information about a ship is available?"", ""cq_token_count"": 4, ""covered_token_count"": 2, ""token_recall"": 0.5, ""covered"": true}, {""cq_index"": 44, ""cq_text"": ""What does ship X look like?"", ""cq_token_count"": 3, ""covered_token_count"": 1, ""token_recall"": 0.3333, ""covered"": false}, {""cq_index"": 45, ""cq_text"": ""How does ship X sound like on a sonar?"", ""cq_token_count"": 4, ""covered_token_count"": 1, ""token_recall"": 0.25, ""covered"": false}, {""cq_index"": 46, ""cq_text"": ""What is the textual description of ship X?"", ""cq_token_count"": 3, ""covered_token_count"": 2, ""token_recall"": 0.6667, ""covered"": true}, {""cq_index"": 47, ""cq_text"": ""Are there ships without sonar signatures?"", ""cq_token_count"": 5, ""covered_token_count"": 1, ""token_recall"": 0.2, ""covered"": false}]",78,109,0.3394,0.4231,True,5,1,8,8,0.0,0.0,0.0,0.0,0.0,0.0,0.0,0.0,0.0,[],[]
gpt-5.4,scenario-only,2025-149-01,True,,41,True,True,True,4,4,0,0,1.0,1.0,1.0,True,True,25,0.0,0.0593,"[{""cq_index"": 0, ""cq_text"": ""Can the ontology represent a relational database as a first-class schema entity?"", ""cq_token_count"": 8, ""covered_token_count"": 2, ""token_recall"": 0.25, ""covered"": false}, {""cq_index"": 1, ""cq_text"": ""Can the ontology represent tables belonging to a database?"", ""cq_token_count"": 5, ""covered_token_count"": 1, ""token_recall"": 0.2, ""covered"": false}, {""cq_index"": 2, ""cq_text"": ""Can the ontology represent columns belonging to a table?"", ""cq_token_count"": 5, ""covered_token_count"": 0, ""token_recall"": 0.0, ""covered"": false}, {""cq_index"": 3, ""cq_text"": ""Can the ontology represent primary-key relationships in the schema?"", ""cq_token_count"": 6, ""covered_token_count"": 0, ""token_recall"": 0.0, ""covered"": false}, {""cq_index"": 4, ""cq_text"": ""Can the ontology represent foreign-key relationships and distinguish same-named columns across different tables when they are not semantically linked?"", ""cq_token_count"": 15, ""covered_token_count"": 0, ""token_recall"": 0.0, ""covered"": false}, {""cq_index"": 5, ""cq_text"": ""Can the ontology define a policy for a specific agent?"", ""cq_token_count"": 5, ""covered_token_count"": 0, ""token_recall"": 0.0, ""covered"": false}, {""cq_index"": 6, ""cq_text"": ""Can a policy specify a high-level ReadAction?"", ""cq_token_count"": 5, ""covered_token_count"": 0, ""token_recall"": 0.0, ""covered"": false}, {""cq_index"": 7, ""cq_text"": ""Can a policy specify a high-level ModifyAction?"", ""cq_token_count"": 5, ""covered_token_count"": 0, ""token_recall"": 0.0, ""covered"": false}, {""cq_index"": 8, ""cq_text"": ""Can a policy specify a ViewActionScope for read operations?"", ""cq_token_count"": 5, ""covered_token_count"": 0, ""token_recall"": 0.0, ""covered"": false}, {""cq_index"": 9, ""cq_text"": ""Can a policy specify a ProcessActionScope for read operations?"", ""cq_token_count"": 5, ""covered_token_count"": 0, ""token_recall"": 0.0, ""covered"": false}, {""cq_index"": 10, ""cq_text"": ""Can a policy be defined at table level?"", ""cq_token_count"": 4, ""covered_token_count"": 0, ""token_recall"": 0.0, ""covered"": false}, {""cq_index"": 11, ""cq_text"": ""Can a policy be defined at column level?"", ""cq_token_count"": 4, ""covered_token_count"": 0, ""token_recall"": 0.0, ""covered"": false}, {""cq_index"": 12, ""cq_text"": ""Can a policy be defined at row level using conditions?"", ""cq_token_count"": 5, ""covered_token_count"": 0, ""token_recall"": 0.0, ""covered"": false}, {""cq_index"": 13, ""cq_text"": ""Can the ontology express a prohibited modify action on a table?"", ""cq_token_count"": 6, ""covered_token_count"": 0, ""token_recall"": 0.0, ""covered"": false}, {""cq_index"": 14, ""cq_text"": ""Can the ontology express a table-level read prohibition for processing?"", ""cq_token_count"": 7, ""covered_token_count"": 0, ""token_recall"": 0.0, ""covered"": false}, {""cq_index"": 15, ""cq_text"": ""Can the ontology express a table-level read prohibition for viewing?"", ""cq_token_count"": 7, ""covered_token_count"": 0, ""token_recall"": 0.0, ""covered"": false}, {""cq_index"": 16, ""cq_text"": ""Can the ontology express a conditional row-level read restriction for later enforcement?"", ""cq_token_count"": 9, ""covered_token_count"": 0, ""token_recall"": 0.0, ""covered"": false}, {""cq_index"": 17, ""cq_text"": ""Can the ontology represent a SQL query as an AST-based semantic graph?"", ""cq_token_count"": 8, ""covered_token_count"": 2, ""token_recall"": 0.25, ""covered"": false}, {""cq_index"": 18, ""cq_text"": ""Can a SQL statement such as SelectStatement or UpdateStatement be mapped to its semantic action type?"", ""cq_token_count"": 8, ""covered_token_count"": 1, ""token_recall"": 0.125, ""covered"": false}, {""cq_index"": 19, ""cq_text"": ""Can a query statement be linked to the executing agent?"", ""cq_token_count"": 5, ""covered_token_count"": 1, ""token_recall"": 0.2, ""covered"": false}, {""cq_index"": 20, ""cq_text"": ""Can SQL clauses be assigned operational scopes such as view or process?"", ""cq_token_count"": 8, ""covered_token_count"": 1, ""token_recall"": 0.125, ""covered"": false}, {""cq_index"": 21, ""cq_text"": ""Can scope be propagated to reference nodes as an effectiveActionScope?"", ""cq_token_count"": 5, ""covered_token_count"": 0, ""token_recall"": 0.0, ""covered"": false}, {""cq_index"": 22, ""cq_text"": ""Can a TableRef in the query be linked to its corresponding schema Table?"", ""cq_token_count"": 6, ""covered_token_count"": 1, ""token_recall"": 0.1667, ""covered"": false}, {""cq_index"": 23, ""cq_text"": ""Can a ColumnRef in the query be linked to its corresponding schema Column?"", ""cq_token_count"": 6, ""covered_token_count"": 1, ""token_recall"": 0.1667, ""covered"": false}, {""cq_index"": 24, ""cq_text"": ""Can the reasoner infer whether a referenced table or column is Violated or RowTag based on the matching policy, action, and scope?"", ""cq_token_count"": 13, ""covered_token_count"": 0, ""token_recall"": 0.0, ""covered"": false}]",32,10,1.0,0.6875,True,4,48,4,41,0.25,0.0208,0.0385,0.0,0.0,0.0,0.0444,0.0217,0.0192,"[""relational database""]",[]
gpt-5.4,scenario-only,2025-150-01,True,,66,True,True,True,12,4,0,0,1.0,1.0,1.0,True,True,32,0.4375,0.3569,"[{""cq_index"": 0, ""cq_text"": ""Which MQTT Clients are connected to which Broker?"", ""cq_token_count"": 4, ""covered_token_count"": 1, ""token_recall"": 0.25, ""covered"": false}, {""cq_index"": 1, ""cq_text"": ""Which MQTT NetworkConnections exist, are they TLS-secured, and who initiated/accepted them?"", ""cq_token_count"": 9, ""covered_token_count"": 1, ""token_recall"": 0.1111, ""covered"": false}, {""cq_index"": 2, ""cq_text"": ""Which MQTT participants (Clients/Brokers) use which MQTT NetworkConnections?"", ""cq_token_count"": 5, ""covered_token_count"": 1, ""token_recall"": 0.2, ""covered"": false}, {""cq_index"": 3, ""cq_text"": ""Which MQTT Clients with which ClientIDs run on which SOSA platforms?"", ""cq_token_count"": 6, ""covered_token_count"": 1, ""token_recall"": 0.1667, ""covered"": false}, {""cq_index"": 4, ""cq_text"": ""Which MQTT Clients are hosting which SOSA systems (sensors/actuators)?"", ""cq_token_count"": 7, ""covered_token_count"": 1, ""token_recall"": 0.1429, ""covered"": false}, {""cq_index"": 5, ""cq_text"": ""What host/port is a MQTT Broker configured with?"", ""cq_token_count"": 5, ""covered_token_count"": 1, ""token_recall"": 0.2, ""covered"": false}, {""cq_index"": 6, ""cq_text"": ""Which SOSA sensors publish to which MQTT Topics (observations)?"", ""cq_token_count"": 6, ""covered_token_count"": 2, ""token_recall"": 0.3333, ""covered"": false}, {""cq_index"": 7, ""cq_text"": ""Which SOSA actuators listen to which MQTT Topics (commands)?"", ""cq_token_count"": 6, ""covered_token_count"": 1, ""token_recall"": 0.1667, ""covered"": false}, {""cq_index"": 8, ""cq_text"": ""Which SOSA FeaturesOfInterest, Properties etc. appear as MQTT TopicSubjects and on which MQTT Topics?"", ""cq_token_count"": 8, ""covered_token_count"": 1, ""token_recall"": 0.125, ""covered"": false}, {""cq_index"": 9, ""cq_text"": ""Which MQTT Topic Filters match a given MQTT Topic?"", ""cq_token_count"": 4, ""covered_token_count"": 1, ""token_recall"": 0.25, ""covered"": false}, {""cq_index"": 10, ""cq_text"": ""Which MQTT Topics are matched by a given MQTT Topic Filter?"", ""cq_token_count"": 5, ""covered_token_count"": 1, ""token_recall"": 0.2, ""covered"": false}, {""cq_index"": 11, ""cq_text"": ""Which MQTT filter patterns (with wildcards) are stored?"", ""cq_token_count"": 5, ""covered_token_count"": 1, ""token_recall"": 0.2, ""covered"": false}, {""cq_index"": 12, ""cq_text"": ""Which MQTT Clients send which MQTT Control Packets?"", ""cq_token_count"": 5, ""covered_token_count"": 3, ""token_recall"": 0.6, ""covered"": true}, {""cq_index"": 13, ""cq_text"": ""Which MQTT PUBLISH/SUBSCRIBE/UNSUBSCRIBE packets were sent (specializations)?"", ""cq_token_count"": 7, ""covered_token_count"": 4, ""token_recall"": 0.5714, ""covered"": true}, {""cq_index"": 14, ""cq_text"": ""Which MQTT Brokers receive/forward which MQTT Control Packets?"", ""cq_token_count"": 6, ""covered_token_count"": 3, ""token_recall"": 0.5, ""covered"": true}, {""cq_index"": 15, ""cq_text"": ""Which MQTT Control Packets were sent by which Client (inverse)?"", ""cq_token_count"": 6, ""covered_token_count"": 3, ""token_recall"": 0.5, ""covered"": true}, {""cq_index"": 16, ""cq_text"": ""Which MQTT Publish packets carry Observations for a specific SOSA FeatureOfInterest or Property?"", ""cq_token_count"": 9, ""covered_token_count"": 3, ""token_recall"": 0.3333, ""covered"": false}, {""cq_index"": 17, ""cq_text"": ""Which MQTT SUBSCRIBE packets request QoS=2 and for which filters?"", ""cq_token_count"": 6, ""covered_token_count"": 3, ""token_recall"": 0.5, ""covered"": true}, {""cq_index"": 18, ""cq_text"": ""Which MQTT UNSUBSCRIBE packets remove all filters under a certain path (e.g. 'factory/centering/#')?"", ""cq_token_count"": 10, ""covered_token_count"": 2, ""token_recall"": 0.2, ""covered"": false}, {""cq_index"": 19, ""cq_text"": ""Which MQTT Control Packet has which Fixed Header / Variable Header / Payload?"", ""cq_token_count"": 7, ""covered_token_count"": 4, ""token_recall"": 0.5714, ""covered"": true}, {""cq_index"": 20, ""cq_text"": ""Which MQTT PUBLISH packet has which MQTT Topic (name) in the Variable Header?"", ""cq_token_count"": 7, ""covered_token_count"": 3, ""token_recall"": 0.4286, ""covered"": true}, {""cq_index"": 21, ""cq_text"": ""Which QoS levels are set (in PUBLISH Fixed Header or SubscriptionEntry)?"", ""cq_token_count"": 7, ""covered_token_count"": 2, ""token_recall"": 0.2857, ""covered"": false}, {""cq_index"": 22, ""cq_text"": ""Are RETAIN/DUP flags set in PUBLISH?"", ""cq_token_count"": 5, ""covered_token_count"": 2, ""token_recall"": 0.4, ""covered"": true}, {""cq_index"": 23, ""cq_text"": ""Which MQTT Control Packets have which PacketIdentifier?"", ""cq_token_count"": 4, ""covered_token_count"": 3, ""token_recall"": 0.75, ""covered"": true}, {""cq_index"": 24, ""cq_text"": ""Which MQTT SUBSCRIBE payloads contain which SubscriptionEntries?"", ""cq_token_count"": 5, ""covered_token_count"": 2, ""token_recall"": 0.4, ""covered"": true}, {""cq_index"": 25, ""cq_text"": ""Which MQTT Topic Filters (with QoS) are requested by a SubscriptionEntry?"", ""cq_token_count"": 6, ""covered_token_count"": 1, ""token_recall"": 0.1667, ""covered"": false}, {""cq_index"": 26, ""cq_text"": ""Which MQTT UNSUBSCRIBE payloads remove which MQTT TopicFilters?"", ""cq_token_count"": 5, ""covered_token_count"": 1, ""token_recall"": 0.2, ""covered"": false}, {""cq_index"": 27, ""cq_text"": ""Which MQTT PUBLISH payloads encode SOSA Observations (or Observation Collections)?"", ""cq_token_count"": 8, ""covered_token_count"": 4, ""token_recall"": 0.5, ""covered"": true}, {""cq_index"": 28, ""cq_text"": ""Which MQTT PUBLISH payloads encode SOSA Actuations (or Actuation Collections)?"", ""cq_token_count"": 8, ""covered_token_count"": 4, ""token_recall"": 0.5, ""covered"": true}, {""cq_index"": 29, ""cq_text"": ""Which fields are encoded in a MQTT payload?"", ""cq_token_count"": 4, ""covered_token_count"": 2, ""token_recall"": 0.5, ""covered"": true}, {""cq_index"": 30, ""cq_text"": ""What content, content type, encoding and delimiter does a MQTT PUBLISH payload have?"", ""cq_token_count"": 6, ""covered_token_count"": 5, ""token_recall"": 0.8333, ""covered"": true}, {""cq_index"": 31, ""cq_text"": ""What is the size of a MQTT payload (as QUDT QuantityValue with unit)?"", ""cq_token_count"": 6, ""covered_token_count"": 2, ""token_recall"": 0.3333, ""covered"": false}]",58,60,0.4667,0.4138,True,12,9,4,11,0.0,0.0,0.0,0.0,0.0,0.0,0.0,0.0,0.0,[],[]
gpt-5.4,scenario-only,2025-151-01,True,,68,True,True,True,12,5,0,0,1.0,1.0,1.0,True,True,5,1.0,0.7333,"[{""cq_index"": 0, ""cq_text"": ""What is the requested action?"", ""cq_token_count"": 2, ""covered_token_count"": 2, ""token_recall"": 1.0, ""covered"": true}, {""cq_index"": 1, ""cq_text"": ""Who is the party issuing the evaluation request?"", ""cq_token_count"": 4, ""covered_token_count"": 2, ""token_recall"": 0.5, ""covered"": true}, {""cq_index"": 2, ""cq_text"": ""What is the target asset of the evaluation request?"", ""cq_token_count"": 4, ""covered_token_count"": 4, ""token_recall"": 1.0, ""covered"": true}, {""cq_index"": 3, ""cq_text"": ""When was the evaluation request issued?"", ""cq_token_count"": 3, ""covered_token_count"": 2, ""token_recall"": 0.6667, ""covered"": true}, {""cq_index"": 4, ""cq_text"": ""What additional contextual information can be included in the evaluation request to further constrain it?"", ""cq_token_count"": 8, ""covered_token_count"": 4, ""token_recall"": 0.5, ""covered"": true}]",55,25,0.92,0.5818,True,12,1,5,5,0.0,0.0,0.0,0.2,0.2,0.2,0.0625,0.3333,0.1,[],"[""has requested action""]"
gpt-5.4,scenario-only,2025-151-02,True,,76,True,True,True,6,4,2,0,1.0,1.0,1.0,True,True,10,0.1,0.1036,"[{""cq_index"": 0, ""cq_text"": ""What is the current time?"", ""cq_token_count"": 2, ""covered_token_count"": 1, ""token_recall"": 0.5, ""covered"": true}, {""cq_index"": 1, ""cq_text"": ""What is the location of a party?"", ""cq_token_count"": 2, ""covered_token_count"": 0, ""token_recall"": 0.0, ""covered"": false}, {""cq_index"": 2, ""cq_text"": ""What assets are part of the asset collection of the policy that is being evaluated?"", ""cq_token_count"": 7, ""covered_token_count"": 1, ""token_recall"": 0.1429, ""covered"": false}, {""cq_index"": 3, ""cq_text"": ""Which parties are part of the party collection of the policy that is being evaluated?"", ""cq_token_count"": 7, ""covered_token_count"": 1, ""token_recall"": 0.1429, ""covered"": false}, {""cq_index"": 4, ""cq_text"": ""What actions were already performed or attempted?"", ""cq_token_count"": 4, ""covered_token_count"": 0, ""token_recall"": 0.0, ""covered"": false}, {""cq_index"": 5, ""cq_text"": ""How many times has a rule been exercised?"", ""cq_token_count"": 4, ""covered_token_count"": 0, ""token_recall"": 0.0, ""covered"": false}, {""cq_index"": 6, ""cq_text"": ""What information is available about an event that has occurred?"", ""cq_token_count"": 4, ""covered_token_count"": 1, ""token_recall"": 0.25, ""covered"": false}, {""cq_index"": 7, ""cq_text"": ""How long has a rule been exercised?"", ""cq_token_count"": 3, ""covered_token_count"": 0, ""token_recall"": 0.0, ""covered"": false}, {""cq_index"": 8, ""cq_text"": ""Which recipients or categories of recipients can receive the result of the rule that has been exercised?"", ""cq_token_count"": 6, ""covered_token_count"": 0, ""token_recall"": 0.0, ""covered"": false}, {""cq_index"": 9, ""cq_text"": ""Has a financial payment been made? What was the amount paid?"", ""cq_token_count"": 5, ""covered_token_count"": 0, ""token_recall"": 0.0, ""covered"": false}]",57,23,0.6957,0.6842,True,6,1,6,0,0.0,0.0,0.0,0.0,0.0,0.0,0.0,0.0,0.0,[],[]
gpt-5.4,scenario-only,2025-153-01,True,,66,True,True,True,7,6,0,0,1.0,1.0,1.0,True,True,8,0.375,0.3667,"[{""cq_index"": 0, ""cq_text"": ""Which entity does a persistent identifier currently reference?"", ""cq_token_count"": 5, ""covered_token_count"": 3, ""token_recall"": 0.6, ""covered"": true}, {""cq_index"": 1, ""cq_text"": ""Which entity was referenced at a past timestamp?"", ""cq_token_count"": 4, ""covered_token_count"": 1, ""token_recall"": 0.25, ""covered"": false}, {""cq_index"": 2, ""cq_text"": ""When did referent transitions occur?"", ""cq_token_count"": 3, ""covered_token_count"": 1, ""token_recall"": 0.3333, ""covered"": false}, {""cq_index"": 3, ""cq_text"": ""What observations are associated with specific referents?"", ""cq_token_count"": 4, ""covered_token_count"": 2, ""token_recall"": 0.5, ""covered"": true}, {""cq_index"": 4, ""cq_text"": ""What is the full sequence of referents over time?"", ""cq_token_count"": 5, ""covered_token_count"": 3, ""token_recall"": 0.6, ""covered"": true}, {""cq_index"": 5, ""cq_text"": ""Which rules triggered specific transitions?"", ""cq_token_count"": 4, ""covered_token_count"": 1, ""token_recall"": 0.25, ""covered"": false}, {""cq_index"": 6, ""cq_text"": ""Are there gaps or overlaps in temporal bindings?"", ""cq_token_count"": 5, ""covered_token_count"": 1, ""token_recall"": 0.2, ""covered"": false}, {""cq_index"": 7, ""cq_text"": ""Can complete context be rebuilt for any time point?"", ""cq_token_count"": 5, ""covered_token_count"": 1, ""token_recall"": 0.2, ""covered"": false}]",55,119,0.2269,0.4545,True,7,11,6,22,0.0,0.0,0.0,0.1667,0.0455,0.0714,0.1,0.1,0.0357,[],"[""has resolution period""]"
gpt-5.4,scenario-only,2026-155-01,True,,80,True,True,True,6,6,0,0,1.0,1.0,1.0,True,True,8,0.5,0.371,"[{""cq_index"": 0, ""cq_text"": ""Which survey or investigation activities were performed on a given cultural property or on a specific feature of interest?"", ""cq_token_count"": 9, ""covered_token_count"": 4, ""token_recall"": 0.4444, ""covered"": true}, {""cq_index"": 1, ""cq_text"": ""Which method or investigation technique was adopted in a specific survey or investigation activity?"", ""cq_token_count"": 7, ""covered_token_count"": 3, ""token_recall"": 0.4286, ""covered"": true}, {""cq_index"": 2, ""cq_text"": ""Which observations were produced during a given survey or investigation activity?"", ""cq_token_count"": 6, ""covered_token_count"": 4, ""token_recall"": 0.6667, ""covered"": true}, {""cq_index"": 3, ""cq_text"": ""Which experts participated in the survey or investigation activity, and with which roles?"", ""cq_token_count"": 6, ""covered_token_count"": 2, ""token_recall"": 0.3333, ""covered"": false}, {""cq_index"": 4, ""cq_text"": ""Which hardware, software, and technical configurations were used to conduct a specific survey or investigation activity?"", ""cq_token_count"": 9, ""covered_token_count"": 3, ""token_recall"": 0.3333, ""covered"": false}, {""cq_index"": 5, ""cq_text"": ""What interpretations or claims are supported by the observations produced during a survey?"", ""cq_token_count"": 7, ""covered_token_count"": 3, ""token_recall"": 0.4286, ""covered"": true}, {""cq_index"": 6, ""cq_text"": ""How are post-processed outputs (e.g., interactive images, spectra, datasets) related to the underlying acquisition or observation activities?"", ""cq_token_count"": 12, ""covered_token_count"": 2, ""token_recall"": 0.1667, ""covered"": false}, {""cq_index"": 7, ""cq_text"": ""Which acquisition parameters (e.g., exposure time, ISO, aperture) characterised a specific photographic acquisition cycle within a survey?"", ""cq_token_count"": 12, ""covered_token_count"": 2, ""token_recall"": 0.1667, ""covered"": false}]",40,20,0.8,0.475,True,6,22,6,32,0.8333,0.2273,0.3571,0.6667,0.125,0.2105,0.3333,0.2069,0.2838,"[""cultural heritage entity"", ""observation"", ""method"", ""equipment configuration"", ""interpretation process""]","[""has observation"", ""uses equipment configuration"", ""has interpretation process"", ""interprets observation""]"
meta-llama_Llama-2-70b-chat-hf,cq-only,2023-133-01,False,Could not parse ontology.ttl in turtle/xml/n3 formats.,0,False,False,False,0,0,0,0,0.0,0.0,0.0,True,False,4,1.0,0.6062,"[{""cq_index"": 0, ""cq_text"": ""What events are responsible for the pavement being slippery?"", ""cq_token_count"": 5, ""covered_token_count"": 3, ""token_recall"": 0.6, ""covered"": true}, {""cq_index"": 1, ""cq_text"": ""What would be the outcome of turning the sprinkler system on(off)?"", ""cq_token_count"": 5, ""covered_token_count"": 2, ""token_recall"": 0.4, ""covered"": true}, {""cq_index"": 2, ""cq_text"": ""How strong is the causal link between the sprinkler being on and the pavement being wet?"", ""cq_token_count"": 8, ""covered_token_count"": 5, ""token_recall"": 0.625, ""covered"": true}, {""cq_index"": 3, ""cq_text"": ""What if the pavement is not wet, how would it effect the pavement being slippery?"", ""cq_token_count"": 5, ""covered_token_count"": 4, ""token_recall"": 0.8, ""covered"": true}]",33,41,0.2683,0.6364,True,0,5,0,5,0.0,0.0,0.0,0.0,0.0,0.0,0.0,0.0,0.0,[],[]
meta-llama_Llama-2-70b-chat-hf,cq-only,2023-133-02,True,,57,True,True,True,10,8,0,0,1.0,1.0,0.0,True,True,6,1.0,0.7174,"[{""cq_index"": 0, ""cq_text"": ""Is the medication intake by the patient caused by the presence of outdoor environmental allergen such as pollen or AQI?"", ""cq_token_count"": 11, ""covered_token_count"": 7, ""token_recall"": 0.6364, ""covered"": true}, {""cq_index"": 1, ""cq_text"": ""How much does the presence of an asthma symptom effect the intake of medication?"", ""cq_token_count"": 7, ""covered_token_count"": 6, ""token_recall"": 0.8571, ""covered"": true}, {""cq_index"": 2, ""cq_text"": ""How does an outdoor environmental allergen affect the patient?"", ""cq_token_count"": 5, ""covered_token_count"": 2, ""token_recall"": 0.4, ""covered"": true}, {""cq_index"": 3, ""cq_text"": ""What is the probable cause of the cough experienced by the patient?"", ""cq_token_count"": 5, ""covered_token_count"": 4, ""token_recall"": 0.8, ""covered"": true}, {""cq_index"": 4, ""cq_text"": ""What if pollen (or AQI) allergen was not present in the outdoor environment, how would it effect the intake of medication?"", ""cq_token_count"": 9, ""covered_token_count"": 7, ""token_recall"": 0.7778, ""covered"": true}, {""cq_index"": 5, ""cq_text"": ""What if the patient did not experience a cough, how would it effect the intake of medication?"", ""cq_token_count"": 6, ""covered_token_count"": 5, ""token_recall"": 0.8333, ""covered"": true}]",57,60,0.25,0.6667,True,10,5,8,5,0.1,0.2,0.1333,0.0,0.0,0.0,0.0667,0.1053,0.0667,"[""effect""]",[]
meta-llama_Llama-2-70b-chat-hf,cq-only,2023-134-01,True,,42,True,True,True,3,0,0,0,1.0,1.0,0.0,True,True,8,1.0,0.9688,"[{""cq_index"": 0, ""cq_text"": ""What is the unique identifier of the policy?"", ""cq_token_count"": 3, ""covered_token_count"": 3, ""token_recall"": 1.0, ""covered"": true}, {""cq_index"": 1, ""cq_text"": ""Who is the creator of the policy?"", ""cq_token_count"": 2, ""covered_token_count"": 2, ""token_recall"": 1.0, ""covered"": true}, {""cq_index"": 2, ""cq_text"": ""When was the policy issued?"", ""cq_token_count"": 2, ""covered_token_count"": 2, ""token_recall"": 1.0, ""covered"": true}, {""cq_index"": 3, ""cq_text"": ""Who is the assignee of the policy?"", ""cq_token_count"": 2, ""covered_token_count"": 2, ""token_recall"": 1.0, ""covered"": true}, {""cq_index"": 4, ""cq_text"": ""What application/service is being used to access the data?"", ""cq_token_count"": 5, ""covered_token_count"": 5, ""token_recall"": 1.0, ""covered"": true}, {""cq_index"": 5, ""cq_text"": ""What access mode is being requested?"", ""cq_token_count"": 4, ""covered_token_count"": 3, ""token_recall"": 0.75, ""covered"": true}, {""cq_index"": 6, ""cq_text"": ""What personal data is being accessed?"", ""cq_token_count"": 4, ""covered_token_count"": 4, ""token_recall"": 1.0, ""covered"": true}, {""cq_index"": 7, ""cq_text"": ""What is the purpose for accessing the data?"", ""cq_token_count"": 3, ""covered_token_count"": 3, ""token_recall"": 1.0, ""covered"": true}]",34,88,0.0682,0.4412,True,3,0,0,0,0.0,0.0,0.0,0.0,0.0,0.0,0.0,1.0,0.0,[],[]
meta-llama_Llama-2-70b-chat-hf,cq-only,2023-134-02,False,Could not parse ontology.ttl in turtle/xml/n3 formats.,0,False,False,False,0,0,0,0,0.0,0.0,0.0,True,False,6,1.0,0.8397,"[{""cq_index"": 0, ""cq_text"": ""What type of action, e.g., create, update, erase, is being performed on the data?"", ""cq_token_count"": 7, ""covered_token_count"": 4, ""token_recall"": 0.5714, ""covered"": true}, {""cq_index"": 1, ""cq_text"": ""Who is the entity interacting with the data?"", ""cq_token_count"": 3, ""covered_token_count"": 3, ""token_recall"": 1.0, ""covered"": true}, {""cq_index"": 2, ""cq_text"": ""Who is the entity publishing the log?"", ""cq_token_count"": 3, ""covered_token_count"": 3, ""token_recall"": 1.0, ""covered"": true}, {""cq_index"": 3, ""cq_text"": ""When was the log issued?"", ""cq_token_count"": 2, ""covered_token_count"": 2, ""token_recall"": 1.0, ""covered"": true}, {""cq_index"": 4, ""cq_text"": ""Where is the data being stored?"", ""cq_token_count"": 3, ""covered_token_count"": 2, ""token_recall"": 0.6667, ""covered"": true}, {""cq_index"": 5, ""cq_text"": ""What application/service is being used to generate the data, if any?"", ""cq_token_count"": 5, ""covered_token_count"": 4, ""token_recall"": 0.8, ""covered"": true}]",32,88,0.0114,0.6562,True,0,0,0,0,0.0,0.0,0.0,0.0,0.0,0.0,1.0,1.0,0.0,[],[]
meta-llama_Llama-2-70b-chat-hf,cq-only,2023-134-03,False,Could not parse ontology.ttl in turtle/xml/n3 formats.,0,False,False,False,0,0,0,0,0.0,0.0,0.0,True,False,5,1.0,0.8,"[{""cq_index"": 0, ""cq_text"": ""Who is maintaining the registry?"", ""cq_token_count"": 2, ""covered_token_count"": 2, ""token_recall"": 1.0, ""covered"": true}, {""cq_index"": 1, ""cq_text"": ""When was the registry created/updated?"", ""cq_token_count"": 3, ""covered_token_count"": 3, ""token_recall"": 1.0, ""covered"": true}, {""cq_index"": 2, ""cq_text"": ""What types of data are available?"", ""cq_token_count"": 2, ""covered_token_count"": 1, ""token_recall"": 0.5, ""covered"": true}, {""cq_index"": 3, ""cq_text"": ""Where is a specific type of data being stored?"", ""cq_token_count"": 4, ""covered_token_count"": 2, ""token_recall"": 0.5, ""covered"": true}, {""cq_index"": 4, ""cq_text"": ""What policy is associated with the data?"", ""cq_token_count"": 3, ""covered_token_count"": 3, ""token_recall"": 1.0, ""covered"": true}]",29,88,0.0341,0.6897,True,0,0,0,0,0.0,0.0,0.0,0.0,0.0,0.0,1.0,1.0,0.0,[],[]
meta-llama_Llama-2-70b-chat-hf,cq-only,2023-135-01,True,,48,True,True,True,5,3,0,0,1.0,1.0,0.0,True,True,3,0.6667,0.5407,"[{""cq_index"": 0, ""cq_text"": ""Under what pseudonym did the author C. S. Lewis published a collection of poems, Spirit in Bondage?"", ""cq_token_count"": 9, ""covered_token_count"": 8, ""token_recall"": 0.8889, ""covered"": true}, {""cq_index"": 1, ""cq_text"": ""What alternative did C. S. Lewis used to assume the role of a book writer?"", ""cq_token_count"": 6, ""covered_token_count"": 2, ""token_recall"": 0.3333, ""covered"": false}, {""cq_index"": 2, ""cq_text"": ""Show the trajectories of rivers which cross national parks?"", ""cq_token_count"": 5, ""covered_token_count"": 2, ""token_recall"": 0.4, ""covered"": true}]",42,10,0.2,0.7143,True,5,5,3,13,0.0,0.0,0.0,0.0,0.0,0.0,0.0,0.04,0.0,[],[]
meta-llama_Llama-2-70b-chat-hf,cq-only,2024-145-01,True,,57,True,True,True,3,3,0,0,1.0,1.0,0.0,True,True,7,0.8571,0.7214,"[{""cq_index"": 0, ""cq_text"": ""List all district courts in a given state."", ""cq_token_count"": 3, ""covered_token_count"": 2, ""token_recall"": 0.6667, ""covered"": true}, {""cq_index"": 1, ""cq_text"": ""In which state is a given district court instance located?"", ""cq_token_count"": 5, ""covered_token_count"": 4, ""token_recall"": 0.8, ""covered"": true}, {""cq_index"": 2, ""cq_text"": ""How many districts are in a given state of India?"", ""cq_token_count"": 4, ""covered_token_count"": 1, ""token_recall"": 0.25, ""covered"": false}, {""cq_index"": 3, ""cq_text"": ""Which court has authority over a given court?"", ""cq_token_count"": 3, ""covered_token_count"": 3, ""token_recall"": 1.0, ""covered"": true}, {""cq_index"": 4, ""cq_text"": ""What is the check transaction type for a bad check?"", ""cq_token_count"": 3, ""covered_token_count"": 2, ""token_recall"": 0.6667, ""covered"": true}, {""cq_index"": 5, ""cq_text"": ""When is a check payment of a bad check?"", ""cq_token_count"": 3, ""covered_token_count"": 2, ""token_recall"": 0.6667, ""covered"": true}, {""cq_index"": 6, ""cq_text"": ""What is the transaction status of a given check payment?"", ""cq_token_count"": 4, ""covered_token_count"": 4, ""token_recall"": 1.0, ""covered"": true}]",20,17,0.1765,0.45,False,3,0,3,0,0.0,0.0,0.0,0.0,0.0,0.0,0.0,0.0,0.0,[],[]
meta-llama_Llama-2-70b-chat-hf,cq-only,2025-147-01,True,,54,True,True,True,17,0,0,0,1.0,1.0,0.0,True,True,48,0.3958,0.3695,"[{""cq_index"": 0, ""cq_text"": ""How are ships clearly identified?"", ""cq_token_count"": 3, ""covered_token_count"": 1, ""token_recall"": 0.3333, ""covered"": false}, {""cq_index"": 1, ""cq_text"": ""How are a ship's dimensions described?"", ""cq_token_count"": 3, ""covered_token_count"": 2, ""token_recall"": 0.6667, ""covered"": true}, {""cq_index"": 2, ""cq_text"": ""What information can be provided about the typical location of a ship?"", ""cq_token_count"": 5, ""covered_token_count"": 2, ""token_recall"": 0.4, ""covered"": true}, {""cq_index"": 3, ""cq_text"": ""Who can be the owner of a ship?"", ""cq_token_count"": 2, ""covered_token_count"": 2, ""token_recall"": 1.0, ""covered"": true}, {""cq_index"": 4, ""cq_text"": ""How is a ship's average speed over ground specified?"", ""cq_token_count"": 6, ""covered_token_count"": 2, ""token_recall"": 0.3333, ""covered"": false}, {""cq_index"": 5, ""cq_text"": ""How many container ships are registered under the German flag?"", ""cq_token_count"": 7, ""covered_token_count"": 2, ""token_recall"": 0.2857, ""covered"": false}, {""cq_index"": 6, ""cq_text"": ""How is the GPS antenna placed relatively to the ship's structure (bow, stern, port, starboard)?"", ""cq_token_count"": 10, ""covered_token_count"": 3, ""token_recall"": 0.3, ""covered"": false}, {""cq_index"": 7, ""cq_text"": ""Which organization owns the most ships?"", ""cq_token_count"": 4, ""covered_token_count"": 3, ""token_recall"": 0.75, ""covered"": true}, {""cq_index"": 8, ""cq_text"": ""What information can be provided about a ship route?"", ""cq_token_count"": 4, ""covered_token_count"": 2, ""token_recall"": 0.5, ""covered"": true}, {""cq_index"": 9, ""cq_text"": ""What information is known about a single trajectory part?"", ""cq_token_count"": 5, ""covered_token_count"": 1, ""token_recall"": 0.2, ""covered"": false}, {""cq_index"": 10, ""cq_text"": ""What types of trajectories are distinguished?"", ""cq_token_count"": 2, ""covered_token_count"": 0, ""token_recall"": 0.0, ""covered"": false}, {""cq_index"": 11, ""cq_text"": ""What unit does the draught of a ship have?"", ""cq_token_count"": 3, ""covered_token_count"": 2, ""token_recall"": 0.6667, ""covered"": true}, {""cq_index"": 12, ""cq_text"": ""What was the average speed over ground of the ship on route on day X?"", ""cq_token_count"": 7, ""covered_token_count"": 3, ""token_recall"": 0.4286, ""covered"": true}, {""cq_index"": 13, ""cq_text"": ""What route is predicted for ship X?"", ""cq_token_count"": 3, ""covered_token_count"": 2, ""token_recall"": 0.6667, ""covered"": true}, {""cq_index"": 14, ""cq_text"": ""What types of engines are used in ships?"", ""cq_token_count"": 2, ""covered_token_count"": 1, ""token_recall"": 0.5, ""covered"": true}, {""cq_index"": 15, ""cq_text"": ""What combinations of engines can exist?"", ""cq_token_count"": 3, ""covered_token_count"": 0, ""token_recall"": 0.0, ""covered"": false}, {""cq_index"": 16, ""cq_text"": ""What powers these ship engines?"", ""cq_token_count"": 4, ""covered_token_count"": 1, ""token_recall"": 0.25, ""covered"": false}, {""cq_index"": 17, ""cq_text"": ""What is driven by ship engines?"", ""cq_token_count"": 3, ""covered_token_count"": 1, ""token_recall"": 0.3333, ""covered"": false}, {""cq_index"": 18, ""cq_text"": ""What types of propulsion systems can ships have?"", ""cq_token_count"": 3, ""covered_token_count"": 2, ""token_recall"": 0.6667, ""covered"": true}, {""cq_index"": 19, ""cq_text"": ""What propulsion systems don't rely on an engine?"", ""cq_token_count"": 5, ""covered_token_count"": 2, ""token_recall"": 0.4, ""covered"": true}, {""cq_index"": 20, ""cq_text"": ""Which propulsion technologies are used by each individual propulsion system?"", ""cq_token_count"": 4, ""covered_token_count"": 2, ""token_recall"": 0.5, ""covered"": true}, {""cq_index"": 21, ""cq_text"": ""What falls under the category of propulsion technologies powered by engines?"", ""cq_token_count"": 7, ""covered_token_count"": 1, ""token_recall"": 0.1429, ""covered"": false}, {""cq_index"": 22, ""cq_text"": ""What types of jet propulsors exist?"", ""cq_token_count"": 3, ""covered_token_count"": 1, ""token_recall"": 0.3333, ""covered"": false}, {""cq_index"": 23, ""cq_text"": ""What types of bladed propulsors exist?"", ""cq_token_count"": 3, ""covered_token_count"": 1, ""token_recall"": 0.3333, ""covered"": false}, {""cq_index"": 24, ""cq_text"": ""What types of blade propulsors follow a special design?"", ""cq_token_count"": 5, ""covered_token_count"": 0, ""token_recall"": 0.0, ""covered"": false}, {""cq_index"": 25, ""cq_text"": ""What properties describe a bladed propulsor?"", ""cq_token_count"": 4, ""covered_token_count"": 3, ""token_recall"": 0.75, ""covered"": true}, {""cq_index"": 26, ""cq_text"": ""What types of screw propellers can be used?"", ""cq_token_count"": 2, ""covered_token_count"": 1, ""token_recall"": 0.5, ""covered"": true}, {""cq_index"": 27, ""cq_text"": ""What is used to prevent cavitation on technologies for motorized propulsion?"", ""cq_token_count"": 5, ""covered_token_count"": 1, ""token_recall"": 0.2, ""covered"": false}, {""cq_index"": 28, ""cq_text"": ""What type of sails exist?"", ""cq_token_count"": 2, ""covered_token_count"": 0, ""token_recall"": 0.0, ""covered"": false}, {""cq_index"": 29, ""cq_text"": ""Which type of propulsion technologies can assist a motorized ship?"", ""cq_token_count"": 5, ""covered_token_count"": 2, ""token_recall"": 0.4, ""covered"": true}, {""cq_index"": 30, ""cq_text"": ""What fuel does ship X use to drive?"", ""cq_token_count"": 3, ""covered_token_count"": 1, ""token_recall"": 0.3333, ""covered"": false}, {""cq_index"": 31, ""cq_text"": ""How many engines power ship X?"", ""cq_token_count"": 4, ""covered_token_count"": 1, ""token_recall"": 0.25, ""covered"": false}, {""cq_index"": 32, ""cq_text"": ""What types of propellers are installed on ship X?"", ""cq_token_count"": 3, ""covered_token_count"": 1, ""token_recall"": 0.3333, ""covered"": false}, {""cq_index"": 33, ""cq_text"": ""What is the most common type of propeller?"", ""cq_token_count"": 3, ""covered_token_count"": 1, ""token_recall"": 0.3333, ""covered"": false}, {""cq_index"": 34, ""cq_text"": ""How many ships have sails?"", ""cq_token_count"": 3, ""covered_token_count"": 1, ""token_recall"": 0.3333, ""covered"": false}, {""cq_index"": 35, ""cq_text"": ""Which ships use electric engines exclusively?"", ""cq_token_count"": 4, ""covered_token_count"": 1, ""token_recall"": 0.25, ""covered"": false}, {""cq_index"": 36, ""cq_text"": ""What motorized propulsion does a ship use that is assisted by wind propulsion?"", ""cq_token_count"": 5, ""covered_token_count"": 2, ""token_recall"": 0.4, ""covered"": true}, {""cq_index"": 37, ""cq_text"": ""How many supercavitating propellers does ship X use?"", ""cq_token_count"": 4, ""covered_token_count"": 1, ""token_recall"": 0.25, ""covered"": false}, {""cq_index"": 38, ""cq_text"": ""What diameter and how many blades does the fixed pitch propeller Y of ship X have?"", ""cq_token_count"": 7, ""covered_token_count"": 3, ""token_recall"": 0.4286, ""covered"": true}, {""cq_index"": 39, ""cq_text"": ""What is the least utilized wind assisted propulsion system?"", ""cq_token_count"": 6, ""covered_token_count"": 2, ""token_recall"": 0.3333, ""covered"": false}, {""cq_index"": 40, ""cq_text"": ""What different kinds of data can be used to represent a ship?"", ""cq_token_count"": 5, ""covered_token_count"": 1, ""token_recall"": 0.2, ""covered"": false}, {""cq_index"": 41, ""cq_text"": ""How is sonar data of ships stored?"", ""cq_token_count"": 4, ""covered_token_count"": 1, ""token_recall"": 0.25, ""covered"": false}, {""cq_index"": 42, ""cq_text"": ""What image resources are available for a ship?"", ""cq_token_count"": 4, ""covered_token_count"": 1, ""token_recall"": 0.25, ""covered"": false}, {""cq_index"": 43, ""cq_text"": ""What textual information about a ship is available?"", ""cq_token_count"": 4, ""covered_token_count"": 1, ""token_recall"": 0.25, ""covered"": false}, {""cq_index"": 44, ""cq_text"": ""What does ship X look like?"", ""cq_token_count"": 3, ""covered_token_count"": 2, ""token_recall"": 0.6667, ""covered"": true}, {""cq_index"": 45, ""cq_text"": ""How does ship X sound like on a sonar?"", ""cq_token_count"": 4, ""covered_token_count"": 2, ""token_recall"": 0.5, ""covered"": true}, {""cq_index"": 46, ""cq_text"": ""What is the textual description of ship X?"", ""cq_token_count"": 3, ""covered_token_count"": 1, ""token_recall"": 0.3333, ""covered"": false}, {""cq_index"": 47, ""cq_text"": ""Are there ships without sonar signatures?"", ""cq_token_count"": 5, ""covered_token_count"": 1, ""token_recall"": 0.2, ""covered"": false}]",65,109,0.055,0.6154,True,17,1,0,8,0.0,0.0,0.0,0.0,0.0,0.0,0.0,0.0,0.0,[],[]
meta-llama_Llama-2-70b-chat-hf,cq-only,2025-149-01,True,,63,True,True,True,20,0,0,0,1.0,1.0,0.0,True,True,25,0.72,0.5474,"[{""cq_index"": 0, ""cq_text"": ""Can the ontology represent a relational database as a first-class schema entity?"", ""cq_token_count"": 8, ""covered_token_count"": 2, ""token_recall"": 0.25, ""covered"": false}, {""cq_index"": 1, ""cq_text"": ""Can the ontology represent tables belonging to a database?"", ""cq_token_count"": 5, ""covered_token_count"": 1, ""token_recall"": 0.2, ""covered"": false}, {""cq_index"": 2, ""cq_text"": ""Can the ontology represent columns belonging to a table?"", ""cq_token_count"": 5, ""covered_token_count"": 2, ""token_recall"": 0.4, ""covered"": true}, {""cq_index"": 3, ""cq_text"": ""Can the ontology represent primary-key relationships in the schema?"", ""cq_token_count"": 6, ""covered_token_count"": 2, ""token_recall"": 0.3333, ""covered"": false}, {""cq_index"": 4, ""cq_text"": ""Can the ontology represent foreign-key relationships and distinguish same-named columns across different tables when they are not semantically linked?"", ""cq_token_count"": 15, ""covered_token_count"": 3, ""token_recall"": 0.2, ""covered"": false}, {""cq_index"": 5, ""cq_text"": ""Can the ontology define a policy for a specific agent?"", ""cq_token_count"": 5, ""covered_token_count"": 3, ""token_recall"": 0.6, ""covered"": true}, {""cq_index"": 6, ""cq_text"": ""Can a policy specify a high-level ReadAction?"", ""cq_token_count"": 5, ""covered_token_count"": 4, ""token_recall"": 0.8, ""covered"": true}, {""cq_index"": 7, ""cq_text"": ""Can a policy specify a high-level ModifyAction?"", ""cq_token_count"": 5, ""covered_token_count"": 4, ""token_recall"": 0.8, ""covered"": true}, {""cq_index"": 8, ""cq_text"": ""Can a policy specify a ViewActionScope for read operations?"", ""cq_token_count"": 5, ""covered_token_count"": 3, ""token_recall"": 0.6, ""covered"": true}, {""cq_index"": 9, ""cq_text"": ""Can a policy specify a ProcessActionScope for read operations?"", ""cq_token_count"": 5, ""covered_token_count"": 3, ""token_recall"": 0.6, ""covered"": true}, {""cq_index"": 10, ""cq_text"": ""Can a policy be defined at table level?"", ""cq_token_count"": 4, ""covered_token_count"": 3, ""token_recall"": 0.75, ""covered"": true}, {""cq_index"": 11, ""cq_text"": ""Can a policy be defined at column level?"", ""cq_token_count"": 4, ""covered_token_count"": 3, ""token_recall"": 0.75, ""covered"": true}, {""cq_index"": 12, ""cq_text"": ""Can a policy be defined at row level using conditions?"", ""cq_token_count"": 5, ""covered_token_count"": 3, ""token_recall"": 0.6, ""covered"": true}, {""cq_index"": 13, ""cq_text"": ""Can the ontology express a prohibited modify action on a table?"", ""cq_token_count"": 6, ""covered_token_count"": 4, ""token_recall"": 0.6667, ""covered"": true}, {""cq_index"": 14, ""cq_text"": ""Can the ontology express a table-level read prohibition for processing?"", ""cq_token_count"": 7, ""covered_token_count"": 5, ""token_recall"": 0.7143, ""covered"": true}, {""cq_index"": 15, ""cq_text"": ""Can the ontology express a table-level read prohibition for viewing?"", ""cq_token_count"": 7, ""covered_token_count"": 5, ""token_recall"": 0.7143, ""covered"": true}, {""cq_index"": 16, ""cq_text"": ""Can the ontology express a conditional row-level read restriction for later enforcement?"", ""cq_token_count"": 9, ""covered_token_count"": 7, ""token_recall"": 0.7778, ""covered"": true}, {""cq_index"": 17, ""cq_text"": ""Can the ontology represent a SQL query as an AST-based semantic graph?"", ""cq_token_count"": 8, ""covered_token_count"": 6, ""token_recall"": 0.75, ""covered"": true}, {""cq_index"": 18, ""cq_text"": ""Can a SQL statement such as SelectStatement or UpdateStatement be mapped to its semantic action type?"", ""cq_token_count"": 8, ""covered_token_count"": 6, ""token_recall"": 0.75, ""covered"": true}, {""cq_index"": 19, ""cq_text"": ""Can a query statement be linked to the executing agent?"", ""cq_token_count"": 5, ""covered_token_count"": 3, ""token_recall"": 0.6, ""covered"": true}, {""cq_index"": 20, ""cq_text"": ""Can SQL clauses be assigned operational scopes such as view or process?"", ""cq_token_count"": 8, ""covered_token_count"": 4, ""token_recall"": 0.5, ""covered"": true}, {""cq_index"": 21, ""cq_text"": ""Can scope be propagated to reference nodes as an effectiveActionScope?"", ""cq_token_count"": 5, ""covered_token_count"": 1, ""token_recall"": 0.2, ""covered"": false}, {""cq_index"": 22, ""cq_text"": ""Can a TableRef in the query be linked to its corresponding schema Table?"", ""cq_token_count"": 6, ""covered_token_count"": 2, ""token_recall"": 0.3333, ""covered"": false}, {""cq_index"": 23, ""cq_text"": ""Can a ColumnRef in the query be linked to its corresponding schema Column?"", ""cq_token_count"": 6, ""covered_token_count"": 2, ""token_recall"": 0.3333, ""covered"": false}, {""cq_index"": 24, ""cq_text"": ""Can the reasoner infer whether a referenced table or column is Violated or RowTag based on the matching policy, action, and scope?"", ""cq_token_count"": 13, ""covered_token_count"": 6, ""token_recall"": 0.4615, ""covered"": true}]",62,10,0.4,0.3226,True,20,48,0,41,0.45,0.1875,0.2647,0.0,0.0,0.0,0.2143,0.0,0.1323,"[""table"", ""column"", ""policy"", ""read action"", ""view action scope"", ""select statement"", ""update statement"", ""query statement"", ""agent""]",[]
meta-llama_Llama-2-70b-chat-hf,cq-only,2025-150-01,True,,50,True,True,True,12,0,0,0,1.0,1.0,0.0,True,True,32,0.3438,0.3291,"[{""cq_index"": 0, ""cq_text"": ""Which MQTT Clients are connected to which Broker?"", ""cq_token_count"": 4, ""covered_token_count"": 3, ""token_recall"": 0.75, ""covered"": true}, {""cq_index"": 1, ""cq_text"": ""Which MQTT NetworkConnections exist, are they TLS-secured, and who initiated/accepted them?"", ""cq_token_count"": 9, ""covered_token_count"": 4, ""token_recall"": 0.4444, ""covered"": true}, {""cq_index"": 2, ""cq_text"": ""Which MQTT participants (Clients/Brokers) use which MQTT NetworkConnections?"", ""cq_token_count"": 5, ""covered_token_count"": 2, ""token_recall"": 0.4, ""covered"": true}, {""cq_index"": 3, ""cq_text"": ""Which MQTT Clients with which ClientIDs run on which SOSA platforms?"", ""cq_token_count"": 6, ""covered_token_count"": 3, ""token_recall"": 0.5, ""covered"": true}, {""cq_index"": 4, ""cq_text"": ""Which MQTT Clients are hosting which SOSA systems (sensors/actuators)?"", ""cq_token_count"": 7, ""covered_token_count"": 3, ""token_recall"": 0.4286, ""covered"": true}, {""cq_index"": 5, ""cq_text"": ""What host/port is a MQTT Broker configured with?"", ""cq_token_count"": 5, ""covered_token_count"": 2, ""token_recall"": 0.4, ""covered"": true}, {""cq_index"": 6, ""cq_text"": ""Which SOSA sensors publish to which MQTT Topics (observations)?"", ""cq_token_count"": 6, ""covered_token_count"": 3, ""token_recall"": 0.5, ""covered"": true}, {""cq_index"": 7, ""cq_text"": ""Which SOSA actuators listen to which MQTT Topics (commands)?"", ""cq_token_count"": 6, ""covered_token_count"": 3, ""token_recall"": 0.5, ""covered"": true}, {""cq_index"": 8, ""cq_text"": ""Which SOSA FeaturesOfInterest, Properties etc. appear as MQTT TopicSubjects and on which MQTT Topics?"", ""cq_token_count"": 8, ""covered_token_count"": 2, ""token_recall"": 0.25, ""covered"": false}, {""cq_index"": 9, ""cq_text"": ""Which MQTT Topic Filters match a given MQTT Topic?"", ""cq_token_count"": 4, ""covered_token_count"": 1, ""token_recall"": 0.25, ""covered"": false}, {""cq_index"": 10, ""cq_text"": ""Which MQTT Topics are matched by a given MQTT Topic Filter?"", ""cq_token_count"": 5, ""covered_token_count"": 1, ""token_recall"": 0.2, ""covered"": false}, {""cq_index"": 11, ""cq_text"": ""Which MQTT filter patterns (with wildcards) are stored?"", ""cq_token_count"": 5, ""covered_token_count"": 1, ""token_recall"": 0.2, ""covered"": false}, {""cq_index"": 12, ""cq_text"": ""Which MQTT Clients send which MQTT Control Packets?"", ""cq_token_count"": 5, ""covered_token_count"": 3, ""token_recall"": 0.6, ""covered"": true}, {""cq_index"": 13, ""cq_text"": ""Which MQTT PUBLISH/SUBSCRIBE/UNSUBSCRIBE packets were sent (specializations)?"", ""cq_token_count"": 7, ""covered_token_count"": 2, ""token_recall"": 0.2857, ""covered"": false}, {""cq_index"": 14, ""cq_text"": ""Which MQTT Brokers receive/forward which MQTT Control Packets?"", ""cq_token_count"": 6, ""covered_token_count"": 2, ""token_recall"": 0.3333, ""covered"": false}, {""cq_index"": 15, ""cq_text"": ""Which MQTT Control Packets were sent by which Client (inverse)?"", ""cq_token_count"": 6, ""covered_token_count"": 2, ""token_recall"": 0.3333, ""covered"": false}, {""cq_index"": 16, ""cq_text"": ""Which MQTT Publish packets carry Observations for a specific SOSA FeatureOfInterest or Property?"", ""cq_token_count"": 9, ""covered_token_count"": 3, ""token_recall"": 0.3333, ""covered"": false}, {""cq_index"": 17, ""cq_text"": ""Which MQTT SUBSCRIBE packets request QoS=2 and for which filters?"", ""cq_token_count"": 6, ""covered_token_count"": 1, ""token_recall"": 0.1667, ""covered"": false}, {""cq_index"": 18, ""cq_text"": ""Which MQTT UNSUBSCRIBE packets remove all filters under a certain path (e.g. 'factory/centering/#')?"", ""cq_token_count"": 10, ""covered_token_count"": 1, ""token_recall"": 0.1, ""covered"": false}, {""cq_index"": 19, ""cq_text"": ""Which MQTT Control Packet has which Fixed Header / Variable Header / Payload?"", ""cq_token_count"": 7, ""covered_token_count"": 1, ""token_recall"": 0.1429, ""covered"": false}, {""cq_index"": 20, ""cq_text"": ""Which MQTT PUBLISH packet has which MQTT Topic (name) in the Variable Header?"", ""cq_token_count"": 7, ""covered_token_count"": 2, ""token_recall"": 0.2857, ""covered"": false}, {""cq_index"": 21, ""cq_text"": ""Which QoS levels are set (in PUBLISH Fixed Header or SubscriptionEntry)?"", ""cq_token_count"": 7, ""covered_token_count"": 2, ""token_recall"": 0.2857, ""covered"": false}, {""cq_index"": 22, ""cq_text"": ""Are RETAIN/DUP flags set in PUBLISH?"", ""cq_token_count"": 5, ""covered_token_count"": 2, ""token_recall"": 0.4, ""covered"": true}, {""cq_index"": 23, ""cq_text"": ""Which MQTT Control Packets have which PacketIdentifier?"", ""cq_token_count"": 4, ""covered_token_count"": 1, ""token_recall"": 0.25, ""covered"": false}, {""cq_index"": 24, ""cq_text"": ""Which MQTT SUBSCRIBE payloads contain which SubscriptionEntries?"", ""cq_token_count"": 5, ""covered_token_count"": 1, ""token_recall"": 0.2, ""covered"": false}, {""cq_index"": 25, ""cq_text"": ""Which MQTT Topic Filters (with QoS) are requested by a SubscriptionEntry?"", ""cq_token_count"": 6, ""covered_token_count"": 1, ""token_recall"": 0.1667, ""covered"": false}, {""cq_index"": 26, ""cq_text"": ""Which MQTT UNSUBSCRIBE payloads remove which MQTT TopicFilters?"", ""cq_token_count"": 5, ""covered_token_count"": 1, ""token_recall"": 0.2, ""covered"": false}, {""cq_index"": 27, ""cq_text"": ""Which MQTT PUBLISH payloads encode SOSA Observations (or Observation Collections)?"", ""cq_token_count"": 8, ""covered_token_count"": 4, ""token_recall"": 0.5, ""covered"": true}, {""cq_index"": 28, ""cq_text"": ""Which MQTT PUBLISH payloads encode SOSA Actuations (or Actuation Collections)?"", ""cq_token_count"": 8, ""covered_token_count"": 3, ""token_recall"": 0.375, ""covered"": false}, {""cq_index"": 29, ""cq_text"": ""Which fields are encoded in a MQTT payload?"", ""cq_token_count"": 4, ""covered_token_count"": 1, ""token_recall"": 0.25, ""covered"": false}, {""cq_index"": 30, ""cq_text"": ""What content, content type, encoding and delimiter does a MQTT PUBLISH payload have?"", ""cq_token_count"": 6, ""covered_token_count"": 2, ""token_recall"": 0.3333, ""covered"": false}, {""cq_index"": 31, ""cq_text"": ""What is the size of a MQTT payload (as QUDT QuantityValue with unit)?"", ""cq_token_count"": 6, ""covered_token_count"": 1, ""token_recall"": 0.1667, ""covered"": false}]",56,60,0.1167,0.6786,True,12,9,0,11,0.0,0.0,0.0,0.0,0.0,0.0,0.0,0.0,0.0,[],[]
meta-llama_Llama-2-70b-chat-hf,cq-only,2025-151-01,False,Could not parse ontology.ttl in turtle/xml/n3 formats.,0,False,False,False,0,0,0,0,0.0,0.0,0.0,True,False,5,0.8,0.75,"[{""cq_index"": 0, ""cq_text"": ""What is the requested action?"", ""cq_token_count"": 2, ""covered_token_count"": 0, ""token_recall"": 0.0, ""covered"": false}, {""cq_index"": 1, ""cq_text"": ""Who is the party issuing the evaluation request?"", ""cq_token_count"": 4, ""covered_token_count"": 4, ""token_recall"": 1.0, ""covered"": true}, {""cq_index"": 2, ""cq_text"": ""What is the target asset of the evaluation request?"", ""cq_token_count"": 4, ""covered_token_count"": 4, ""token_recall"": 1.0, ""covered"": true}, {""cq_index"": 3, ""cq_text"": ""When was the evaluation request issued?"", ""cq_token_count"": 3, ""covered_token_count"": 3, ""token_recall"": 1.0, ""covered"": true}, {""cq_index"": 4, ""cq_text"": ""What additional contextual information can be included in the evaluation request to further constrain it?"", ""cq_token_count"": 8, ""covered_token_count"": 6, ""token_recall"": 0.75, ""covered"": true}]",36,25,0.28,0.6667,True,0,1,0,5,0.0,0.0,0.0,0.0,0.0,0.0,0.0,0.0,0.0,[],[]
meta-llama_Llama-2-70b-chat-hf,cq-only,2025-151-02,True,,57,True,True,True,9,9,0,0,1.0,1.0,0.0,True,True,10,0.9,0.5726,"[{""cq_index"": 0, ""cq_text"": ""What is the current time?"", ""cq_token_count"": 2, ""covered_token_count"": 1, ""token_recall"": 0.5, ""covered"": true}, {""cq_index"": 1, ""cq_text"": ""What is the location of a party?"", ""cq_token_count"": 2, ""covered_token_count"": 2, ""token_recall"": 1.0, ""covered"": true}, {""cq_index"": 2, ""cq_text"": ""What assets are part of the asset collection of the policy that is being evaluated?"", ""cq_token_count"": 7, ""covered_token_count"": 4, ""token_recall"": 0.5714, ""covered"": true}, {""cq_index"": 3, ""cq_text"": ""Which parties are part of the party collection of the policy that is being evaluated?"", ""cq_token_count"": 7, ""covered_token_count"": 4, ""token_recall"": 0.5714, ""covered"": true}, {""cq_index"": 4, ""cq_text"": ""What actions were already performed or attempted?"", ""cq_token_count"": 4, ""covered_token_count"": 3, ""token_recall"": 0.75, ""covered"": true}, {""cq_index"": 5, ""cq_text"": ""How many times has a rule been exercised?"", ""cq_token_count"": 4, ""covered_token_count"": 2, ""token_recall"": 0.5, ""covered"": true}, {""cq_index"": 6, ""cq_text"": ""What information is available about an event that has occurred?"", ""cq_token_count"": 4, ""covered_token_count"": 2, ""token_recall"": 0.5, ""covered"": true}, {""cq_index"": 7, ""cq_text"": ""How long has a rule been exercised?"", ""cq_token_count"": 3, ""covered_token_count"": 2, ""token_recall"": 0.6667, ""covered"": true}, {""cq_index"": 8, ""cq_text"": ""Which recipients or categories of recipients can receive the result of the rule that has been exercised?"", ""cq_token_count"": 6, ""covered_token_count"": 4, ""token_recall"": 0.6667, ""covered"": true}, {""cq_index"": 9, ""cq_text"": ""Has a financial payment been made? What was the amount paid?"", ""cq_token_count"": 5, ""covered_token_count"": 0, ""token_recall"": 0.0, ""covered"": false}]",53,23,0.0435,0.6604,True,9,1,9,0,0.0,0.0,0.0,0.0,0.0,0.0,0.0,0.0,0.0,[],[]
meta-llama_Llama-2-70b-chat-hf,cq-only,2025-153-01,False,Could not parse ontology.ttl in turtle/xml/n3 formats.,0,False,False,False,0,0,0,0,0.0,0.0,0.0,True,False,8,0.625,0.4917,"[{""cq_index"": 0, ""cq_text"": ""Which entity does a persistent identifier currently reference?"", ""cq_token_count"": 5, ""covered_token_count"": 3, ""token_recall"": 0.6, ""covered"": true}, {""cq_index"": 1, ""cq_text"": ""Which entity was referenced at a past timestamp?"", ""cq_token_count"": 4, ""covered_token_count"": 3, ""token_recall"": 0.75, ""covered"": true}, {""cq_index"": 2, ""cq_text"": ""When did referent transitions occur?"", ""cq_token_count"": 3, ""covered_token_count"": 1, ""token_recall"": 0.3333, ""covered"": false}, {""cq_index"": 3, ""cq_text"": ""What observations are associated with specific referents?"", ""cq_token_count"": 4, ""covered_token_count"": 3, ""token_recall"": 0.75, ""covered"": true}, {""cq_index"": 4, ""cq_text"": ""What is the full sequence of referents over time?"", ""cq_token_count"": 5, ""covered_token_count"": 3, ""token_recall"": 0.6, ""covered"": true}, {""cq_index"": 5, ""cq_text"": ""Which rules triggered specific transitions?"", ""cq_token_count"": 4, ""covered_token_count"": 2, ""token_recall"": 0.5, ""covered"": true}, {""cq_index"": 6, ""cq_text"": ""Are there gaps or overlaps in temporal bindings?"", ""cq_token_count"": 5, ""covered_token_count"": 1, ""token_recall"": 0.2, ""covered"": false}, {""cq_index"": 7, ""cq_text"": ""Can complete context be rebuilt for any time point?"", ""cq_token_count"": 5, ""covered_token_count"": 1, ""token_recall"": 0.2, ""covered"": false}]",40,119,0.0588,0.65,True,0,11,0,22,0.0,0.0,0.0,0.0,0.0,0.0,0.0,0.0,0.0,[],[]
meta-llama_Llama-2-70b-chat-hf,cq-only,2026-155-01,False,Could not parse ontology.ttl in turtle/xml/n3 formats.,0,False,False,False,0,0,0,0,0.0,0.0,0.0,True,False,8,1.0,0.6577,"[{""cq_index"": 0, ""cq_text"": ""Which survey or investigation activities were performed on a given cultural property or on a specific feature of interest?"", ""cq_token_count"": 9, ""covered_token_count"": 7, ""token_recall"": 0.7778, ""covered"": true}, {""cq_index"": 1, ""cq_text"": ""Which method or investigation technique was adopted in a specific survey or investigation activity?"", ""cq_token_count"": 7, ""covered_token_count"": 7, ""token_recall"": 1.0, ""covered"": true}, {""cq_index"": 2, ""cq_text"": ""Which observations were produced during a given survey or investigation activity?"", ""cq_token_count"": 6, ""covered_token_count"": 5, ""token_recall"": 0.8333, ""covered"": true}, {""cq_index"": 3, ""cq_text"": ""Which experts participated in the survey or investigation activity, and with which roles?"", ""cq_token_count"": 6, ""covered_token_count"": 3, ""token_recall"": 0.5, ""covered"": true}, {""cq_index"": 4, ""cq_text"": ""Which hardware, software, and technical configurations were used to conduct a specific survey or investigation activity?"", ""cq_token_count"": 9, ""covered_token_count"": 8, ""token_recall"": 0.8889, ""covered"": true}, {""cq_index"": 5, ""cq_text"": ""What interpretations or claims are supported by the observations produced during a survey?"", ""cq_token_count"": 7, ""covered_token_count"": 3, ""token_recall"": 0.4286, ""covered"": true}, {""cq_index"": 6, ""cq_text"": ""How are post-processed outputs (e.g., interactive images, spectra, datasets) related to the underlying acquisition or observation activities?"", ""cq_token_count"": 12, ""covered_token_count"": 5, ""token_recall"": 0.4167, ""covered"": true}, {""cq_index"": 7, ""cq_text"": ""Which acquisition parameters (e.g., exposure time, ISO, aperture) characterised a specific photographic acquisition cycle within a survey?"", ""cq_token_count"": 12, ""covered_token_count"": 5, ""token_recall"": 0.4167, ""covered"": true}]",50,20,0.2,0.48,True,0,22,0,32,0.0,0.0,0.0,0.0,0.0,0.0,0.0,0.0,0.0,[],[]
meta-llama_Llama-2-70b-chat-hf,scenario-cq,2023-133-01,True,,35,True,True,True,6,3,0,0,1.0,1.0,0.0,True,True,4,1.0,0.7188,"[{""cq_index"": 0, ""cq_text"": ""What events are responsible for the pavement being slippery?"", ""cq_token_count"": 5, ""covered_token_count"": 4, ""token_recall"": 0.8, ""covered"": true}, {""cq_index"": 1, ""cq_text"": ""What would be the outcome of turning the sprinkler system on(off)?"", ""cq_token_count"": 5, ""covered_token_count"": 2, ""token_recall"": 0.4, ""covered"": true}, {""cq_index"": 2, ""cq_text"": ""How strong is the causal link between the sprinkler being on and the pavement being wet?"", ""cq_token_count"": 8, ""covered_token_count"": 7, ""token_recall"": 0.875, ""covered"": true}, {""cq_index"": 3, ""cq_text"": ""What if the pavement is not wet, how would it effect the pavement being slippery?"", ""cq_token_count"": 5, ""covered_token_count"": 4, ""token_recall"": 0.8, ""covered"": true}]",25,41,0.4146,0.24,True,6,5,3,5,0.0,0.0,0.0,0.0,0.0,0.0,0.0,0.0,0.0,[],[]
meta-llama_Llama-2-70b-chat-hf,scenario-cq,2023-133-02,True,,53,True,True,True,11,2,0,0,1.0,1.0,0.0,True,True,6,1.0,0.7606,"[{""cq_index"": 0, ""cq_text"": ""Is the medication intake by the patient caused by the presence of outdoor environmental allergen such as pollen or AQI?"", ""cq_token_count"": 11, ""covered_token_count"": 8, ""token_recall"": 0.7273, ""covered"": true}, {""cq_index"": 1, ""cq_text"": ""How much does the presence of an asthma symptom effect the intake of medication?"", ""cq_token_count"": 7, ""covered_token_count"": 5, ""token_recall"": 0.7143, ""covered"": true}, {""cq_index"": 2, ""cq_text"": ""How does an outdoor environmental allergen affect the patient?"", ""cq_token_count"": 5, ""covered_token_count"": 4, ""token_recall"": 0.8, ""covered"": true}, {""cq_index"": 3, ""cq_text"": ""What is the probable cause of the cough experienced by the patient?"", ""cq_token_count"": 5, ""covered_token_count"": 3, ""token_recall"": 0.6, ""covered"": true}, {""cq_index"": 4, ""cq_text"": ""What if pollen (or AQI) allergen was not present in the outdoor environment, how would it effect the intake of medication?"", ""cq_token_count"": 9, ""covered_token_count"": 8, ""token_recall"": 0.8889, ""covered"": true}, {""cq_index"": 5, ""cq_text"": ""What if the patient did not experience a cough, how would it effect the intake of medication?"", ""cq_token_count"": 6, ""covered_token_count"": 5, ""token_recall"": 0.8333, ""covered"": true}]",40,60,0.4,0.35,True,11,5,2,5,0.0,0.0,0.0,0.5,0.2,0.2857,0.0,0.25,0.1429,[],"[""effect weight""]"
meta-llama_Llama-2-70b-chat-hf,scenario-cq,2023-134-01,True,,52,True,True,True,14,0,0,0,1.0,1.0,0.0,True,True,8,0.5,0.3583,"[{""cq_index"": 0, ""cq_text"": ""What is the unique identifier of the policy?"", ""cq_token_count"": 3, ""covered_token_count"": 1, ""token_recall"": 0.3333, ""covered"": false}, {""cq_index"": 1, ""cq_text"": ""Who is the creator of the policy?"", ""cq_token_count"": 2, ""covered_token_count"": 1, ""token_recall"": 0.5, ""covered"": true}, {""cq_index"": 2, ""cq_text"": ""When was the policy issued?"", ""cq_token_count"": 2, ""covered_token_count"": 1, ""token_recall"": 0.5, ""covered"": true}, {""cq_index"": 3, ""cq_text"": ""Who is the assignee of the policy?"", ""cq_token_count"": 2, ""covered_token_count"": 1, ""token_recall"": 0.5, ""covered"": true}, {""cq_index"": 4, ""cq_text"": ""What application/service is being used to access the data?"", ""cq_token_count"": 5, ""covered_token_count"": 1, ""token_recall"": 0.2, ""covered"": false}, {""cq_index"": 5, ""cq_text"": ""What access mode is being requested?"", ""cq_token_count"": 4, ""covered_token_count"": 0, ""token_recall"": 0.0, ""covered"": false}, {""cq_index"": 6, ""cq_text"": ""What personal data is being accessed?"", ""cq_token_count"": 4, ""covered_token_count"": 2, ""token_recall"": 0.5, ""covered"": true}, {""cq_index"": 7, ""cq_text"": ""What is the purpose for accessing the data?"", ""cq_token_count"": 3, ""covered_token_count"": 1, ""token_recall"": 0.3333, ""covered"": false}]",43,88,0.1818,0.5814,True,14,0,0,0,0.0,0.0,0.0,0.0,0.0,0.0,0.0,1.0,0.0,[],[]
meta-llama_Llama-2-70b-chat-hf,scenario-cq,2023-134-02,True,,52,True,True,True,14,0,0,0,1.0,1.0,0.0,True,True,6,0.6667,0.4436,"[{""cq_index"": 0, ""cq_text"": ""What type of action, e.g., create, update, erase, is being performed on the data?"", ""cq_token_count"": 7, ""covered_token_count"": 3, ""token_recall"": 0.4286, ""covered"": true}, {""cq_index"": 1, ""cq_text"": ""Who is the entity interacting with the data?"", ""cq_token_count"": 3, ""covered_token_count"": 1, ""token_recall"": 0.3333, ""covered"": false}, {""cq_index"": 2, ""cq_text"": ""Who is the entity publishing the log?"", ""cq_token_count"": 3, ""covered_token_count"": 1, ""token_recall"": 0.3333, ""covered"": false}, {""cq_index"": 3, ""cq_text"": ""When was the log issued?"", ""cq_token_count"": 2, ""covered_token_count"": 1, ""token_recall"": 0.5, ""covered"": true}, {""cq_index"": 4, ""cq_text"": ""Where is the data being stored?"", ""cq_token_count"": 3, ""covered_token_count"": 2, ""token_recall"": 0.6667, ""covered"": true}, {""cq_index"": 5, ""cq_text"": ""What application/service is being used to generate the data, if any?"", ""cq_token_count"": 5, ""covered_token_count"": 2, ""token_recall"": 0.4, ""covered"": true}]",38,88,0.1932,0.4474,True,14,0,0,0,0.0,0.0,0.0,0.0,0.0,0.0,0.0,1.0,0.0,[],[]
meta-llama_Llama-2-70b-chat-hf,scenario-cq,2023-134-03,True,,52,True,True,True,14,0,0,0,1.0,1.0,0.0,True,True,5,0.4,0.2833,"[{""cq_index"": 0, ""cq_text"": ""Who is maintaining the registry?"", ""cq_token_count"": 2, ""covered_token_count"": 0, ""token_recall"": 0.0, ""covered"": false}, {""cq_index"": 1, ""cq_text"": ""When was the registry created/updated?"", ""cq_token_count"": 3, ""covered_token_count"": 0, ""token_recall"": 0.0, ""covered"": false}, {""cq_index"": 2, ""cq_text"": ""What types of data are available?"", ""cq_token_count"": 2, ""covered_token_count"": 1, ""token_recall"": 0.5, ""covered"": true}, {""cq_index"": 3, ""cq_text"": ""Where is a specific type of data being stored?"", ""cq_token_count"": 4, ""covered_token_count"": 1, ""token_recall"": 0.25, ""covered"": false}, {""cq_index"": 4, ""cq_text"": ""What policy is associated with the data?"", ""cq_token_count"": 3, ""covered_token_count"": 2, ""token_recall"": 0.6667, ""covered"": true}]",45,88,0.1932,0.6,True,14,0,0,0,0.0,0.0,0.0,0.0,0.0,0.0,0.0,1.0,0.0,[],[]
meta-llama_Llama-2-70b-chat-hf,scenario-cq,2023-135-01,True,,52,True,True,True,8,4,0,0,1.0,1.0,0.0,True,True,3,0.6667,0.7333,"[{""cq_index"": 0, ""cq_text"": ""Under what pseudonym did the author C. S. Lewis published a collection of poems, Spirit in Bondage?"", ""cq_token_count"": 9, ""covered_token_count"": 9, ""token_recall"": 1.0, ""covered"": true}, {""cq_index"": 1, ""cq_text"": ""What alternative did C. S. Lewis used to assume the role of a book writer?"", ""cq_token_count"": 6, ""covered_token_count"": 6, ""token_recall"": 1.0, ""covered"": true}, {""cq_index"": 2, ""cq_text"": ""Show the trajectories of rivers which cross national parks?"", ""cq_token_count"": 5, ""covered_token_count"": 1, ""token_recall"": 0.2, ""covered"": false}]",52,10,0.6,0.6154,True,8,5,4,13,0.125,0.2,0.1538,0.0,0.0,0.0,0.0667,0.04,0.0769,"[""alternative name""]",[]
meta-llama_Llama-2-70b-chat-hf,scenario-cq,2024-145-01,True,,42,True,True,True,6,7,0,0,1.0,1.0,0.0,True,True,7,1.0,0.8643,"[{""cq_index"": 0, ""cq_text"": ""List all district courts in a given state."", ""cq_token_count"": 3, ""covered_token_count"": 3, ""token_recall"": 1.0, ""covered"": true}, {""cq_index"": 1, ""cq_text"": ""In which state is a given district court instance located?"", ""cq_token_count"": 5, ""covered_token_count"": 4, ""token_recall"": 0.8, ""covered"": true}, {""cq_index"": 2, ""cq_text"": ""How many districts are in a given state of India?"", ""cq_token_count"": 4, ""covered_token_count"": 2, ""token_recall"": 0.5, ""covered"": true}, {""cq_index"": 3, ""cq_text"": ""Which court has authority over a given court?"", ""cq_token_count"": 3, ""covered_token_count"": 3, ""token_recall"": 1.0, ""covered"": true}, {""cq_index"": 4, ""cq_text"": ""What is the check transaction type for a bad check?"", ""cq_token_count"": 3, ""covered_token_count"": 3, ""token_recall"": 1.0, ""covered"": true}, {""cq_index"": 5, ""cq_text"": ""When is a check payment of a bad check?"", ""cq_token_count"": 3, ""covered_token_count"": 3, ""token_recall"": 1.0, ""covered"": true}, {""cq_index"": 6, ""cq_text"": ""What is the transaction status of a given check payment?"", ""cq_token_count"": 4, ""covered_token_count"": 3, ""token_recall"": 0.75, ""covered"": true}]",48,17,0.4706,0.6458,False,6,0,7,0,0.0,0.0,0.0,0.0,0.0,0.0,0.0,0.0,0.0,[],[]
meta-llama_Llama-2-70b-chat-hf,scenario-cq,2025-147-01,False,Could not parse ontology.ttl in turtle/xml/n3 formats.,0,False,False,False,0,0,0,0,0.0,0.0,0.0,True,False,48,0.125,0.2168,"[{""cq_index"": 0, ""cq_text"": ""How are ships clearly identified?"", ""cq_token_count"": 3, ""covered_token_count"": 1, ""token_recall"": 0.3333, ""covered"": false}, {""cq_index"": 1, ""cq_text"": ""How are a ship's dimensions described?"", ""cq_token_count"": 3, ""covered_token_count"": 2, ""token_recall"": 0.6667, ""covered"": true}, {""cq_index"": 2, ""cq_text"": ""What information can be provided about the typical location of a ship?"", ""cq_token_count"": 5, ""covered_token_count"": 2, ""token_recall"": 0.4, ""covered"": true}, {""cq_index"": 3, ""cq_text"": ""Who can be the owner of a ship?"", ""cq_token_count"": 2, ""covered_token_count"": 1, ""token_recall"": 0.5, ""covered"": true}, {""cq_index"": 4, ""cq_text"": ""How is a ship's average speed over ground specified?"", ""cq_token_count"": 6, ""covered_token_count"": 2, ""token_recall"": 0.3333, ""covered"": false}, {""cq_index"": 5, ""cq_text"": ""How many container ships are registered under the German flag?"", ""cq_token_count"": 7, ""covered_token_count"": 1, ""token_recall"": 0.1429, ""covered"": false}, {""cq_index"": 6, ""cq_text"": ""How is the GPS antenna placed relatively to the ship's structure (bow, stern, port, starboard)?"", ""cq_token_count"": 10, ""covered_token_count"": 1, ""token_recall"": 0.1, ""covered"": false}, {""cq_index"": 7, ""cq_text"": ""Which organization owns the most ships?"", ""cq_token_count"": 4, ""covered_token_count"": 1, ""token_recall"": 0.25, ""covered"": false}, {""cq_index"": 8, ""cq_text"": ""What information can be provided about a ship route?"", ""cq_token_count"": 4, ""covered_token_count"": 1, ""token_recall"": 0.25, ""covered"": false}, {""cq_index"": 9, ""cq_text"": ""What information is known about a single trajectory part?"", ""cq_token_count"": 5, ""covered_token_count"": 0, ""token_recall"": 0.0, ""covered"": false}, {""cq_index"": 10, ""cq_text"": ""What types of trajectories are distinguished?"", ""cq_token_count"": 2, ""covered_token_count"": 0, ""token_recall"": 0.0, ""covered"": false}, {""cq_index"": 11, ""cq_text"": ""What unit does the draught of a ship have?"", ""cq_token_count"": 3, ""covered_token_count"": 1, ""token_recall"": 0.3333, ""covered"": false}, {""cq_index"": 12, ""cq_text"": ""What was the average speed over ground of the ship on route on day X?"", ""cq_token_count"": 7, ""covered_token_count"": 2, ""token_recall"": 0.2857, ""covered"": false}, {""cq_index"": 13, ""cq_text"": ""What route is predicted for ship X?"", ""cq_token_count"": 3, ""covered_token_count"": 1, ""token_recall"": 0.3333, ""covered"": false}, {""cq_index"": 14, ""cq_text"": ""What types of engines are used in ships?"", ""cq_token_count"": 2, ""covered_token_count"": 1, ""token_recall"": 0.5, ""covered"": true}, {""cq_index"": 15, ""cq_text"": ""What combinations of engines can exist?"", ""cq_token_count"": 3, ""covered_token_count"": 0, ""token_recall"": 0.0, ""covered"": false}, {""cq_index"": 16, ""cq_text"": ""What powers these ship engines?"", ""cq_token_count"": 4, ""covered_token_count"": 1, ""token_recall"": 0.25, ""covered"": false}, {""cq_index"": 17, ""cq_text"": ""What is driven by ship engines?"", ""cq_token_count"": 3, ""covered_token_count"": 1, ""token_recall"": 0.3333, ""covered"": false}, {""cq_index"": 18, ""cq_text"": ""What types of propulsion systems can ships have?"", ""cq_token_count"": 3, ""covered_token_count"": 1, ""token_recall"": 0.3333, ""covered"": false}, {""cq_index"": 19, ""cq_text"": ""What propulsion systems don't rely on an engine?"", ""cq_token_count"": 5, ""covered_token_count"": 0, ""token_recall"": 0.0, ""covered"": false}, {""cq_index"": 20, ""cq_text"": ""Which propulsion technologies are used by each individual propulsion system?"", ""cq_token_count"": 4, ""covered_token_count"": 0, ""token_recall"": 0.0, ""covered"": false}, {""cq_index"": 21, ""cq_text"": ""What falls under the category of propulsion technologies powered by engines?"", ""cq_token_count"": 7, ""covered_token_count"": 0, ""token_recall"": 0.0, ""covered"": false}, {""cq_index"": 22, ""cq_text"": ""What types of jet propulsors exist?"", ""cq_token_count"": 3, ""covered_token_count"": 0, ""token_recall"": 0.0, ""covered"": false}, {""cq_index"": 23, ""cq_text"": ""What types of bladed propulsors exist?"", ""cq_token_count"": 3, ""covered_token_count"": 0, ""token_recall"": 0.0, ""covered"": false}, {""cq_index"": 24, ""cq_text"": ""What types of blade propulsors follow a special design?"", ""cq_token_count"": 5, ""covered_token_count"": 0, ""token_recall"": 0.0, ""covered"": false}, {""cq_index"": 25, ""cq_text"": ""What properties describe a bladed propulsor?"", ""cq_token_count"": 4, ""covered_token_count"": 1, ""token_recall"": 0.25, ""covered"": false}, {""cq_index"": 26, ""cq_text"": ""What types of screw propellers can be used?"", ""cq_token_count"": 2, ""covered_token_count"": 0, ""token_recall"": 0.0, ""covered"": false}, {""cq_index"": 27, ""cq_text"": ""What is used to prevent cavitation on technologies for motorized propulsion?"", ""cq_token_count"": 5, ""covered_token_count"": 0, ""token_recall"": 0.0, ""covered"": false}, {""cq_index"": 28, ""cq_text"": ""What type of sails exist?"", ""cq_token_count"": 2, ""covered_token_count"": 0, ""token_recall"": 0.0, ""covered"": false}, {""cq_index"": 29, ""cq_text"": ""Which type of propulsion technologies can assist a motorized ship?"", ""cq_token_count"": 5, ""covered_token_count"": 1, ""token_recall"": 0.2, ""covered"": false}, {""cq_index"": 30, ""cq_text"": ""What fuel does ship X use to drive?"", ""cq_token_count"": 3, ""covered_token_count"": 1, ""token_recall"": 0.3333, ""covered"": false}, {""cq_index"": 31, ""cq_text"": ""How many engines power ship X?"", ""cq_token_count"": 4, ""covered_token_count"": 1, ""token_recall"": 0.25, ""covered"": false}, {""cq_index"": 32, ""cq_text"": ""What types of propellers are installed on ship X?"", ""cq_token_count"": 3, ""covered_token_count"": 1, ""token_recall"": 0.3333, ""covered"": false}, {""cq_index"": 33, ""cq_text"": ""What is the most common type of propeller?"", ""cq_token_count"": 3, ""covered_token_count"": 0, ""token_recall"": 0.0, ""covered"": false}, {""cq_index"": 34, ""cq_text"": ""How many ships have sails?"", ""cq_token_count"": 3, ""covered_token_count"": 1, ""token_recall"": 0.3333, ""covered"": false}, {""cq_index"": 35, ""cq_text"": ""Which ships use electric engines exclusively?"", ""cq_token_count"": 4, ""covered_token_count"": 1, ""token_recall"": 0.25, ""covered"": false}, {""cq_index"": 36, ""cq_text"": ""What motorized propulsion does a ship use that is assisted by wind propulsion?"", ""cq_token_count"": 5, ""covered_token_count"": 1, ""token_recall"": 0.2, ""covered"": false}, {""cq_index"": 37, ""cq_text"": ""How many supercavitating propellers does ship X use?"", ""cq_token_count"": 4, ""covered_token_count"": 1, ""token_recall"": 0.25, ""covered"": false}, {""cq_index"": 38, ""cq_text"": ""What diameter and how many blades does the fixed pitch propeller Y of ship X have?"", ""cq_token_count"": 7, ""covered_token_count"": 1, ""token_recall"": 0.1429, ""covered"": false}, {""cq_index"": 39, ""cq_text"": ""What is the least utilized wind assisted propulsion system?"", ""cq_token_count"": 6, ""covered_token_count"": 0, ""token_recall"": 0.0, ""covered"": false}, {""cq_index"": 40, ""cq_text"": ""What different kinds of data can be used to represent a ship?"", ""cq_token_count"": 5, ""covered_token_count"": 2, ""token_recall"": 0.4, ""covered"": true}, {""cq_index"": 41, ""cq_text"": ""How is sonar data of ships stored?"", ""cq_token_count"": 4, ""covered_token_count"": 2, ""token_recall"": 0.5, ""covered"": true}, {""cq_index"": 42, ""cq_text"": ""What image resources are available for a ship?"", ""cq_token_count"": 4, ""covered_token_count"": 1, ""token_recall"": 0.25, ""covered"": false}, {""cq_index"": 43, ""cq_text"": ""What textual information about a ship is available?"", ""cq_token_count"": 4, ""covered_token_count"": 1, ""token_recall"": 0.25, ""covered"": false}, {""cq_index"": 44, ""cq_text"": ""What does ship X look like?"", ""cq_token_count"": 3, ""covered_token_count"": 1, ""token_recall"": 0.3333, ""covered"": false}, {""cq_index"": 45, ""cq_text"": ""How does ship X sound like on a sonar?"", ""cq_token_count"": 4, ""covered_token_count"": 1, ""token_recall"": 0.25, ""covered"": false}, {""cq_index"": 46, ""cq_text"": ""What is the textual description of ship X?"", ""cq_token_count"": 3, ""covered_token_count"": 1, ""token_recall"": 0.3333, ""covered"": false}, {""cq_index"": 47, ""cq_text"": ""Are there ships without sonar signatures?"", ""cq_token_count"": 5, ""covered_token_count"": 1, ""token_recall"": 0.2, ""covered"": false}]",50,109,0.2018,0.5,True,0,1,0,8,0.0,0.0,0.0,0.0,0.0,0.0,0.0,0.0,0.0,[],[]
meta-llama_Llama-2-70b-chat-hf,scenario-cq,2025-149-01,True,,45,True,True,True,12,2,0,0,1.0,1.0,0.0,True,True,25,0.48,0.4763,"[{""cq_index"": 0, ""cq_text"": ""Can the ontology represent a relational database as a first-class schema entity?"", ""cq_token_count"": 8, ""covered_token_count"": 2, ""token_recall"": 0.25, ""covered"": false}, {""cq_index"": 1, ""cq_text"": ""Can the ontology represent tables belonging to a database?"", ""cq_token_count"": 5, ""covered_token_count"": 1, ""token_recall"": 0.2, ""covered"": false}, {""cq_index"": 2, ""cq_text"": ""Can the ontology represent columns belonging to a table?"", ""cq_token_count"": 5, ""covered_token_count"": 2, ""token_recall"": 0.4, ""covered"": true}, {""cq_index"": 3, ""cq_text"": ""Can the ontology represent primary-key relationships in the schema?"", ""cq_token_count"": 6, ""covered_token_count"": 2, ""token_recall"": 0.3333, ""covered"": false}, {""cq_index"": 4, ""cq_text"": ""Can the ontology represent foreign-key relationships and distinguish same-named columns across different tables when they are not semantically linked?"", ""cq_token_count"": 15, ""covered_token_count"": 3, ""token_recall"": 0.2, ""covered"": false}, {""cq_index"": 5, ""cq_text"": ""Can the ontology define a policy for a specific agent?"", ""cq_token_count"": 5, ""covered_token_count"": 3, ""token_recall"": 0.6, ""covered"": true}, {""cq_index"": 6, ""cq_text"": ""Can a policy specify a high-level ReadAction?"", ""cq_token_count"": 5, ""covered_token_count"": 4, ""token_recall"": 0.8, ""covered"": true}, {""cq_index"": 7, ""cq_text"": ""Can a policy specify a high-level ModifyAction?"", ""cq_token_count"": 5, ""covered_token_count"": 4, ""token_recall"": 0.8, ""covered"": true}, {""cq_index"": 8, ""cq_text"": ""Can a policy specify a ViewActionScope for read operations?"", ""cq_token_count"": 5, ""covered_token_count"": 4, ""token_recall"": 0.8, ""covered"": true}, {""cq_index"": 9, ""cq_text"": ""Can a policy specify a ProcessActionScope for read operations?"", ""cq_token_count"": 5, ""covered_token_count"": 4, ""token_recall"": 0.8, ""covered"": true}, {""cq_index"": 10, ""cq_text"": ""Can a policy be defined at table level?"", ""cq_token_count"": 4, ""covered_token_count"": 4, ""token_recall"": 1.0, ""covered"": true}, {""cq_index"": 11, ""cq_text"": ""Can a policy be defined at column level?"", ""cq_token_count"": 4, ""covered_token_count"": 4, ""token_recall"": 1.0, ""covered"": true}, {""cq_index"": 12, ""cq_text"": ""Can a policy be defined at row level using conditions?"", ""cq_token_count"": 5, ""covered_token_count"": 5, ""token_recall"": 1.0, ""covered"": true}, {""cq_index"": 13, ""cq_text"": ""Can the ontology express a prohibited modify action on a table?"", ""cq_token_count"": 6, ""covered_token_count"": 4, ""token_recall"": 0.6667, ""covered"": true}, {""cq_index"": 14, ""cq_text"": ""Can the ontology express a table-level read prohibition for processing?"", ""cq_token_count"": 7, ""covered_token_count"": 3, ""token_recall"": 0.4286, ""covered"": true}, {""cq_index"": 15, ""cq_text"": ""Can the ontology express a table-level read prohibition for viewing?"", ""cq_token_count"": 7, ""covered_token_count"": 3, ""token_recall"": 0.4286, ""covered"": true}, {""cq_index"": 16, ""cq_text"": ""Can the ontology express a conditional row-level read restriction for later enforcement?"", ""cq_token_count"": 9, ""covered_token_count"": 3, ""token_recall"": 0.3333, ""covered"": false}, {""cq_index"": 17, ""cq_text"": ""Can the ontology represent a SQL query as an AST-based semantic graph?"", ""cq_token_count"": 8, ""covered_token_count"": 1, ""token_recall"": 0.125, ""covered"": false}, {""cq_index"": 18, ""cq_text"": ""Can a SQL statement such as SelectStatement or UpdateStatement be mapped to its semantic action type?"", ""cq_token_count"": 8, ""covered_token_count"": 2, ""token_recall"": 0.25, ""covered"": false}, {""cq_index"": 19, ""cq_text"": ""Can a query statement be linked to the executing agent?"", ""cq_token_count"": 5, ""covered_token_count"": 1, ""token_recall"": 0.2, ""covered"": false}, {""cq_index"": 20, ""cq_text"": ""Can SQL clauses be assigned operational scopes such as view or process?"", ""cq_token_count"": 8, ""covered_token_count"": 3, ""token_recall"": 0.375, ""covered"": false}, {""cq_index"": 21, ""cq_text"": ""Can scope be propagated to reference nodes as an effectiveActionScope?"", ""cq_token_count"": 5, ""covered_token_count"": 1, ""token_recall"": 0.2, ""covered"": false}, {""cq_index"": 22, ""cq_text"": ""Can a TableRef in the query be linked to its corresponding schema Table?"", ""cq_token_count"": 6, ""covered_token_count"": 1, ""token_recall"": 0.1667, ""covered"": false}, {""cq_index"": 23, ""cq_text"": ""Can a ColumnRef in the query be linked to its corresponding schema Column?"", ""cq_token_count"": 6, ""covered_token_count"": 1, ""token_recall"": 0.1667, ""covered"": false}, {""cq_index"": 24, ""cq_text"": ""Can the reasoner infer whether a referenced table or column is Violated or RowTag based on the matching policy, action, and scope?"", ""cq_token_count"": 13, ""covered_token_count"": 5, ""token_recall"": 0.3846, ""covered"": false}]",42,10,0.6,0.2381,True,12,48,2,41,0.5,0.125,0.2,1.0,0.0488,0.093,0.1277,0.0732,0.1465,"[""database"", ""table"", ""column"", ""policy"", ""read action"", ""view action scope""]","[""primary key"", ""foreign key""]"
meta-llama_Llama-2-70b-chat-hf,scenario-cq,2025-150-01,True,,54,True,True,True,16,1,0,0,1.0,1.0,0.0,True,True,32,0.5,0.3687,"[{""cq_index"": 0, ""cq_text"": ""Which MQTT Clients are connected to which Broker?"", ""cq_token_count"": 4, ""covered_token_count"": 2, ""token_recall"": 0.5, ""covered"": true}, {""cq_index"": 1, ""cq_text"": ""Which MQTT NetworkConnections exist, are they TLS-secured, and who initiated/accepted them?"", ""cq_token_count"": 9, ""covered_token_count"": 1, ""token_recall"": 0.1111, ""covered"": false}, {""cq_index"": 2, ""cq_text"": ""Which MQTT participants (Clients/Brokers) use which MQTT NetworkConnections?"", ""cq_token_count"": 5, ""covered_token_count"": 1, ""token_recall"": 0.2, ""covered"": false}, {""cq_index"": 3, ""cq_text"": ""Which MQTT Clients with which ClientIDs run on which SOSA platforms?"", ""cq_token_count"": 6, ""covered_token_count"": 2, ""token_recall"": 0.3333, ""covered"": false}, {""cq_index"": 4, ""cq_text"": ""Which MQTT Clients are hosting which SOSA systems (sensors/actuators)?"", ""cq_token_count"": 7, ""covered_token_count"": 2, ""token_recall"": 0.2857, ""covered"": false}, {""cq_index"": 5, ""cq_text"": ""What host/port is a MQTT Broker configured with?"", ""cq_token_count"": 5, ""covered_token_count"": 2, ""token_recall"": 0.4, ""covered"": true}, {""cq_index"": 6, ""cq_text"": ""Which SOSA sensors publish to which MQTT Topics (observations)?"", ""cq_token_count"": 6, ""covered_token_count"": 3, ""token_recall"": 0.5, ""covered"": true}, {""cq_index"": 7, ""cq_text"": ""Which SOSA actuators listen to which MQTT Topics (commands)?"", ""cq_token_count"": 6, ""covered_token_count"": 2, ""token_recall"": 0.3333, ""covered"": false}, {""cq_index"": 8, ""cq_text"": ""Which SOSA FeaturesOfInterest, Properties etc. appear as MQTT TopicSubjects and on which MQTT Topics?"", ""cq_token_count"": 8, ""covered_token_count"": 2, ""token_recall"": 0.25, ""covered"": false}, {""cq_index"": 9, ""cq_text"": ""Which MQTT Topic Filters match a given MQTT Topic?"", ""cq_token_count"": 4, ""covered_token_count"": 2, ""token_recall"": 0.5, ""covered"": true}, {""cq_index"": 10, ""cq_text"": ""Which MQTT Topics are matched by a given MQTT Topic Filter?"", ""cq_token_count"": 5, ""covered_token_count"": 3, ""token_recall"": 0.6, ""covered"": true}, {""cq_index"": 11, ""cq_text"": ""Which MQTT filter patterns (with wildcards) are stored?"", ""cq_token_count"": 5, ""covered_token_count"": 2, ""token_recall"": 0.4, ""covered"": true}, {""cq_index"": 12, ""cq_text"": ""Which MQTT Clients send which MQTT Control Packets?"", ""cq_token_count"": 5, ""covered_token_count"": 2, ""token_recall"": 0.4, ""covered"": true}, {""cq_index"": 13, ""cq_text"": ""Which MQTT PUBLISH/SUBSCRIBE/UNSUBSCRIBE packets were sent (specializations)?"", ""cq_token_count"": 7, ""covered_token_count"": 4, ""token_recall"": 0.5714, ""covered"": true}, {""cq_index"": 14, ""cq_text"": ""Which MQTT Brokers receive/forward which MQTT Control Packets?"", ""cq_token_count"": 6, ""covered_token_count"": 2, ""token_recall"": 0.3333, ""covered"": false}, {""cq_index"": 15, ""cq_text"": ""Which MQTT Control Packets were sent by which Client (inverse)?"", ""cq_token_count"": 6, ""covered_token_count"": 3, ""token_recall"": 0.5, ""covered"": true}, {""cq_index"": 16, ""cq_text"": ""Which MQTT Publish packets carry Observations for a specific SOSA FeatureOfInterest or Property?"", ""cq_token_count"": 9, ""covered_token_count"": 4, ""token_recall"": 0.4444, ""covered"": true}, {""cq_index"": 17, ""cq_text"": ""Which MQTT SUBSCRIBE packets request QoS=2 and for which filters?"", ""cq_token_count"": 6, ""covered_token_count"": 2, ""token_recall"": 0.3333, ""covered"": false}, {""cq_index"": 18, ""cq_text"": ""Which MQTT UNSUBSCRIBE packets remove all filters under a certain path (e.g. 'factory/centering/#')?"", ""cq_token_count"": 10, ""covered_token_count"": 2, ""token_recall"": 0.2, ""covered"": false}, {""cq_index"": 19, ""cq_text"": ""Which MQTT Control Packet has which Fixed Header / Variable Header / Payload?"", ""cq_token_count"": 7, ""covered_token_count"": 3, ""token_recall"": 0.4286, ""covered"": true}, {""cq_index"": 20, ""cq_text"": ""Which MQTT PUBLISH packet has which MQTT Topic (name) in the Variable Header?"", ""cq_token_count"": 7, ""covered_token_count"": 4, ""token_recall"": 0.5714, ""covered"": true}, {""cq_index"": 21, ""cq_text"": ""Which QoS levels are set (in PUBLISH Fixed Header or SubscriptionEntry)?"", ""cq_token_count"": 7, ""covered_token_count"": 1, ""token_recall"": 0.1429, ""covered"": false}, {""cq_index"": 22, ""cq_text"": ""Are RETAIN/DUP flags set in PUBLISH?"", ""cq_token_count"": 5, ""covered_token_count"": 1, ""token_recall"": 0.2, ""covered"": false}, {""cq_index"": 23, ""cq_text"": ""Which MQTT Control Packets have which PacketIdentifier?"", ""cq_token_count"": 4, ""covered_token_count"": 2, ""token_recall"": 0.5, ""covered"": true}, {""cq_index"": 24, ""cq_text"": ""Which MQTT SUBSCRIBE payloads contain which SubscriptionEntries?"", ""cq_token_count"": 5, ""covered_token_count"": 2, ""token_recall"": 0.4, ""covered"": true}, {""cq_index"": 25, ""cq_text"": ""Which MQTT Topic Filters (with QoS) are requested by a SubscriptionEntry?"", ""cq_token_count"": 6, ""covered_token_count"": 2, ""token_recall"": 0.3333, ""covered"": false}, {""cq_index"": 26, ""cq_text"": ""Which MQTT UNSUBSCRIBE payloads remove which MQTT TopicFilters?"", ""cq_token_count"": 5, ""covered_token_count"": 2, ""token_recall"": 0.4, ""covered"": true}, {""cq_index"": 27, ""cq_text"": ""Which MQTT PUBLISH payloads encode SOSA Observations (or Observation Collections)?"", ""cq_token_count"": 8, ""covered_token_count"": 4, ""token_recall"": 0.5, ""covered"": true}, {""cq_index"": 28, ""cq_text"": ""Which MQTT PUBLISH payloads encode SOSA Actuations (or Actuation Collections)?"", ""cq_token_count"": 8, ""covered_token_count"": 3, ""token_recall"": 0.375, ""covered"": false}, {""cq_index"": 29, ""cq_text"": ""Which fields are encoded in a MQTT payload?"", ""cq_token_count"": 4, ""covered_token_count"": 1, ""token_recall"": 0.25, ""covered"": false}, {""cq_index"": 30, ""cq_text"": ""What content, content type, encoding and delimiter does a MQTT PUBLISH payload have?"", ""cq_token_count"": 6, ""covered_token_count"": 2, ""token_recall"": 0.3333, ""covered"": false}, {""cq_index"": 31, ""cq_text"": ""What is the size of a MQTT payload (as QUDT QuantityValue with unit)?"", ""cq_token_count"": 6, ""covered_token_count"": 1, ""token_recall"": 0.1667, ""covered"": false}]",45,60,0.0833,0.6889,True,16,9,1,11,0.0,0.0,0.0,0.0,0.0,0.0,0.0,0.0,0.0,[],[]
meta-llama_Llama-2-70b-chat-hf,scenario-cq,2025-151-01,True,,41,True,True,True,8,4,0,0,1.0,1.0,0.0,True,True,5,0.8,0.65,"[{""cq_index"": 0, ""cq_text"": ""What is the requested action?"", ""cq_token_count"": 2, ""covered_token_count"": 1, ""token_recall"": 0.5, ""covered"": true}, {""cq_index"": 1, ""cq_text"": ""Who is the party issuing the evaluation request?"", ""cq_token_count"": 4, ""covered_token_count"": 2, ""token_recall"": 0.5, ""covered"": true}, {""cq_index"": 2, ""cq_text"": ""What is the target asset of the evaluation request?"", ""cq_token_count"": 4, ""covered_token_count"": 4, ""token_recall"": 1.0, ""covered"": true}, {""cq_index"": 3, ""cq_text"": ""When was the evaluation request issued?"", ""cq_token_count"": 3, ""covered_token_count"": 3, ""token_recall"": 1.0, ""covered"": true}, {""cq_index"": 4, ""cq_text"": ""What additional contextual information can be included in the evaluation request to further constrain it?"", ""cq_token_count"": 8, ""covered_token_count"": 2, ""token_recall"": 0.25, ""covered"": false}]",38,25,0.28,0.7895,True,8,1,4,5,0.125,1.0,0.2222,0.0,0.0,0.0,0.2222,0.0,0.1111,"[""evaluation request""]",[]
meta-llama_Llama-2-70b-chat-hf,scenario-cq,2025-151-02,True,,54,True,True,True,9,6,0,0,1.0,1.0,0.0,True,True,10,0.4,0.3679,"[{""cq_index"": 0, ""cq_text"": ""What is the current time?"", ""cq_token_count"": 2, ""covered_token_count"": 2, ""token_recall"": 1.0, ""covered"": true}, {""cq_index"": 1, ""cq_text"": ""What is the location of a party?"", ""cq_token_count"": 2, ""covered_token_count"": 2, ""token_recall"": 1.0, ""covered"": true}, {""cq_index"": 2, ""cq_text"": ""What assets are part of the asset collection of the policy that is being evaluated?"", ""cq_token_count"": 7, ""covered_token_count"": 5, ""token_recall"": 0.7143, ""covered"": true}, {""cq_index"": 3, ""cq_text"": ""Which parties are part of the party collection of the policy that is being evaluated?"", ""cq_token_count"": 7, ""covered_token_count"": 5, ""token_recall"": 0.7143, ""covered"": true}, {""cq_index"": 4, ""cq_text"": ""What actions were already performed or attempted?"", ""cq_token_count"": 4, ""covered_token_count"": 0, ""token_recall"": 0.0, ""covered"": false}, {""cq_index"": 5, ""cq_text"": ""How many times has a rule been exercised?"", ""cq_token_count"": 4, ""covered_token_count"": 0, ""token_recall"": 0.0, ""covered"": false}, {""cq_index"": 6, ""cq_text"": ""What information is available about an event that has occurred?"", ""cq_token_count"": 4, ""covered_token_count"": 1, ""token_recall"": 0.25, ""covered"": false}, {""cq_index"": 7, ""cq_text"": ""How long has a rule been exercised?"", ""cq_token_count"": 3, ""covered_token_count"": 0, ""token_recall"": 0.0, ""covered"": false}, {""cq_index"": 8, ""cq_text"": ""Which recipients or categories of recipients can receive the result of the rule that has been exercised?"", ""cq_token_count"": 6, ""covered_token_count"": 0, ""token_recall"": 0.0, ""covered"": false}, {""cq_index"": 9, ""cq_text"": ""Has a financial payment been made? What was the amount paid?"", ""cq_token_count"": 5, ""covered_token_count"": 0, ""token_recall"": 0.0, ""covered"": false}]",33,23,0.3913,0.4242,True,9,1,6,0,0.0,0.0,0.0,0.0,0.0,0.0,0.0,0.0,0.0,[],[]
meta-llama_Llama-2-70b-chat-hf,scenario-cq,2025-153-01,True,,39,True,True,True,12,0,0,0,1.0,1.0,0.0,True,True,8,1.0,0.6333,"[{""cq_index"": 0, ""cq_text"": ""Which entity does a persistent identifier currently reference?"", ""cq_token_count"": 5, ""covered_token_count"": 2, ""token_recall"": 0.4, ""covered"": true}, {""cq_index"": 1, ""cq_text"": ""Which entity was referenced at a past timestamp?"", ""cq_token_count"": 4, ""covered_token_count"": 2, ""token_recall"": 0.5, ""covered"": true}, {""cq_index"": 2, ""cq_text"": ""When did referent transitions occur?"", ""cq_token_count"": 3, ""covered_token_count"": 2, ""token_recall"": 0.6667, ""covered"": true}, {""cq_index"": 3, ""cq_text"": ""What observations are associated with specific referents?"", ""cq_token_count"": 4, ""covered_token_count"": 3, ""token_recall"": 0.75, ""covered"": true}, {""cq_index"": 4, ""cq_text"": ""What is the full sequence of referents over time?"", ""cq_token_count"": 5, ""covered_token_count"": 4, ""token_recall"": 0.8, ""covered"": true}, {""cq_index"": 5, ""cq_text"": ""Which rules triggered specific transitions?"", ""cq_token_count"": 4, ""covered_token_count"": 3, ""token_recall"": 0.75, ""covered"": true}, {""cq_index"": 6, ""cq_text"": ""Are there gaps or overlaps in temporal bindings?"", ""cq_token_count"": 5, ""covered_token_count"": 2, ""token_recall"": 0.4, ""covered"": true}, {""cq_index"": 7, ""cq_text"": ""Can complete context be rebuilt for any time point?"", ""cq_token_count"": 5, ""covered_token_count"": 4, ""token_recall"": 0.8, ""covered"": true}]",47,119,0.084,0.5532,True,12,11,0,22,0.3333,0.3636,0.3478,0.0,0.0,0.0,0.3333,0.0,0.1739,"[""referent"", ""temporal binding"", ""observation"", ""transition rule""]",[]
meta-llama_Llama-2-70b-chat-hf,scenario-cq,2026-155-01,False,Could not parse ontology.ttl in turtle/xml/n3 formats.,0,False,False,False,0,0,0,0,0.0,0.0,0.0,True,False,8,0.75,0.7564,"[{""cq_index"": 0, ""cq_text"": ""Which survey or investigation activities were performed on a given cultural property or on a specific feature of interest?"", ""cq_token_count"": 9, ""covered_token_count"": 7, ""token_recall"": 0.7778, ""covered"": true}, {""cq_index"": 1, ""cq_text"": ""Which method or investigation technique was adopted in a specific survey or investigation activity?"", ""cq_token_count"": 7, ""covered_token_count"": 6, ""token_recall"": 0.8571, ""covered"": true}, {""cq_index"": 2, ""cq_text"": ""Which observations were produced during a given survey or investigation activity?"", ""cq_token_count"": 6, ""covered_token_count"": 6, ""token_recall"": 1.0, ""covered"": true}, {""cq_index"": 3, ""cq_text"": ""Which experts participated in the survey or investigation activity, and with which roles?"", ""cq_token_count"": 6, ""covered_token_count"": 5, ""token_recall"": 0.8333, ""covered"": true}, {""cq_index"": 4, ""cq_text"": ""Which hardware, software, and technical configurations were used to conduct a specific survey or investigation activity?"", ""cq_token_count"": 9, ""covered_token_count"": 9, ""token_recall"": 1.0, ""covered"": true}, {""cq_index"": 5, ""cq_text"": ""What interpretations or claims are supported by the observations produced during a survey?"", ""cq_token_count"": 7, ""covered_token_count"": 7, ""token_recall"": 1.0, ""covered"": true}, {""cq_index"": 6, ""cq_text"": ""How are post-processed outputs (e.g., interactive images, spectra, datasets) related to the underlying acquisition or observation activities?"", ""cq_token_count"": 12, ""covered_token_count"": 3, ""token_recall"": 0.25, ""covered"": false}, {""cq_index"": 7, ""cq_text"": ""Which acquisition parameters (e.g., exposure time, ISO, aperture) characterised a specific photographic acquisition cycle within a survey?"", ""cq_token_count"": 12, ""covered_token_count"": 4, ""token_recall"": 0.3333, ""covered"": false}]",63,20,0.65,0.4762,True,0,22,0,32,0.0,0.0,0.0,0.0,0.0,0.0,0.0,0.0,0.0,[],[]
meta-llama_Llama-2-70b-chat-hf,scenario-cq-constraints,2023-133-01,True,,30,True,True,True,1,1,0,0,1.0,1.0,0.0,True,True,4,0.75,0.6687,"[{""cq_index"": 0, ""cq_text"": ""What events are responsible for the pavement being slippery?"", ""cq_token_count"": 5, ""covered_token_count"": 4, ""token_recall"": 0.8, ""covered"": true}, {""cq_index"": 1, ""cq_text"": ""What would be the outcome of turning the sprinkler system on(off)?"", ""cq_token_count"": 5, ""covered_token_count"": 1, ""token_recall"": 0.2, ""covered"": false}, {""cq_index"": 2, ""cq_text"": ""How strong is the causal link between the sprinkler being on and the pavement being wet?"", ""cq_token_count"": 8, ""covered_token_count"": 7, ""token_recall"": 0.875, ""covered"": true}, {""cq_index"": 3, ""cq_text"": ""What if the pavement is not wet, how would it effect the pavement being slippery?"", ""cq_token_count"": 5, ""covered_token_count"": 4, ""token_recall"": 0.8, ""covered"": true}]",22,41,0.3902,0.2273,True,1,5,1,5,1.0,0.2,0.3333,0.0,0.0,0.0,0.1667,0.0,0.1666,"[""event""]",[]
meta-llama_Llama-2-70b-chat-hf,scenario-cq-constraints,2023-133-02,True,,54,True,True,True,13,4,0,0,1.0,1.0,0.0,True,True,6,1.0,0.7144,"[{""cq_index"": 0, ""cq_text"": ""Is the medication intake by the patient caused by the presence of outdoor environmental allergen such as pollen or AQI?"", ""cq_token_count"": 11, ""covered_token_count"": 9, ""token_recall"": 0.8182, ""covered"": true}, {""cq_index"": 1, ""cq_text"": ""How much does the presence of an asthma symptom effect the intake of medication?"", ""cq_token_count"": 7, ""covered_token_count"": 6, ""token_recall"": 0.8571, ""covered"": true}, {""cq_index"": 2, ""cq_text"": ""How does an outdoor environmental allergen affect the patient?"", ""cq_token_count"": 5, ""covered_token_count"": 2, ""token_recall"": 0.4, ""covered"": true}, {""cq_index"": 3, ""cq_text"": ""What is the probable cause of the cough experienced by the patient?"", ""cq_token_count"": 5, ""covered_token_count"": 3, ""token_recall"": 0.6, ""covered"": true}, {""cq_index"": 4, ""cq_text"": ""What if pollen (or AQI) allergen was not present in the outdoor environment, how would it effect the intake of medication?"", ""cq_token_count"": 9, ""covered_token_count"": 7, ""token_recall"": 0.7778, ""covered"": true}, {""cq_index"": 5, ""cq_text"": ""What if the patient did not experience a cough, how would it effect the intake of medication?"", ""cq_token_count"": 6, ""covered_token_count"": 5, ""token_recall"": 0.8333, ""covered"": true}]",85,60,0.4167,0.6706,True,13,5,4,5,0.0769,0.2,0.1111,0.0,0.0,0.0,0.087,0.0,0.0556,"[""effect weight""]",[]
meta-llama_Llama-2-70b-chat-hf,scenario-cq-constraints,2023-134-01,True,,63,True,True,True,13,0,0,0,1.0,1.0,0.0,True,True,8,1.0,0.8958,"[{""cq_index"": 0, ""cq_text"": ""What is the unique identifier of the policy?"", ""cq_token_count"": 3, ""covered_token_count"": 3, ""token_recall"": 1.0, ""covered"": true}, {""cq_index"": 1, ""cq_text"": ""Who is the creator of the policy?"", ""cq_token_count"": 2, ""covered_token_count"": 2, ""token_recall"": 1.0, ""covered"": true}, {""cq_index"": 2, ""cq_text"": ""When was the policy issued?"", ""cq_token_count"": 2, ""covered_token_count"": 1, ""token_recall"": 0.5, ""covered"": true}, {""cq_index"": 3, ""cq_text"": ""Who is the assignee of the policy?"", ""cq_token_count"": 2, ""covered_token_count"": 2, ""token_recall"": 1.0, ""covered"": true}, {""cq_index"": 4, ""cq_text"": ""What application/service is being used to access the data?"", ""cq_token_count"": 5, ""covered_token_count"": 5, ""token_recall"": 1.0, ""covered"": true}, {""cq_index"": 5, ""cq_text"": ""What access mode is being requested?"", ""cq_token_count"": 4, ""covered_token_count"": 4, ""token_recall"": 1.0, ""covered"": true}, {""cq_index"": 6, ""cq_text"": ""What personal data is being accessed?"", ""cq_token_count"": 4, ""covered_token_count"": 4, ""token_recall"": 1.0, ""covered"": true}, {""cq_index"": 7, ""cq_text"": ""What is the purpose for accessing the data?"", ""cq_token_count"": 3, ""covered_token_count"": 2, ""token_recall"": 0.6667, ""covered"": true}]",43,88,0.125,0.4651,True,13,0,0,0,0.0,0.0,0.0,0.0,0.0,0.0,0.0,1.0,0.0,[],[]
meta-llama_Llama-2-70b-chat-hf,scenario-cq-constraints,2023-134-02,True,,72,True,True,True,23,0,0,0,1.0,1.0,0.0,True,True,6,0.8333,0.6214,"[{""cq_index"": 0, ""cq_text"": ""What type of action, e.g., create, update, erase, is being performed on the data?"", ""cq_token_count"": 7, ""covered_token_count"": 3, ""token_recall"": 0.4286, ""covered"": true}, {""cq_index"": 1, ""cq_text"": ""Who is the entity interacting with the data?"", ""cq_token_count"": 3, ""covered_token_count"": 3, ""token_recall"": 1.0, ""covered"": true}, {""cq_index"": 2, ""cq_text"": ""Who is the entity publishing the log?"", ""cq_token_count"": 3, ""covered_token_count"": 2, ""token_recall"": 0.6667, ""covered"": true}, {""cq_index"": 3, ""cq_text"": ""When was the log issued?"", ""cq_token_count"": 2, ""covered_token_count"": 1, ""token_recall"": 0.5, ""covered"": true}, {""cq_index"": 4, ""cq_text"": ""Where is the data being stored?"", ""cq_token_count"": 3, ""covered_token_count"": 1, ""token_recall"": 0.3333, ""covered"": false}, {""cq_index"": 5, ""cq_text"": ""What application/service is being used to generate the data, if any?"", ""cq_token_count"": 5, ""covered_token_count"": 4, ""token_recall"": 0.8, ""covered"": true}]",38,88,0.1591,0.4211,True,23,0,0,0,0.0,0.0,0.0,0.0,0.0,0.0,0.0,1.0,0.0,[],[]
meta-llama_Llama-2-70b-chat-hf,scenario-cq-constraints,2023-134-03,True,,45,True,True,True,7,0,0,0,1.0,1.0,0.0,True,True,5,1.0,1.0,"[{""cq_index"": 0, ""cq_text"": ""Who is maintaining the registry?"", ""cq_token_count"": 2, ""covered_token_count"": 2, ""token_recall"": 1.0, ""covered"": true}, {""cq_index"": 1, ""cq_text"": ""When was the registry created/updated?"", ""cq_token_count"": 3, ""covered_token_count"": 3, ""token_recall"": 1.0, ""covered"": true}, {""cq_index"": 2, ""cq_text"": ""What types of data are available?"", ""cq_token_count"": 2, ""covered_token_count"": 2, ""token_recall"": 1.0, ""covered"": true}, {""cq_index"": 3, ""cq_text"": ""Where is a specific type of data being stored?"", ""cq_token_count"": 4, ""covered_token_count"": 4, ""token_recall"": 1.0, ""covered"": true}, {""cq_index"": 4, ""cq_text"": ""What policy is associated with the data?"", ""cq_token_count"": 3, ""covered_token_count"": 3, ""token_recall"": 1.0, ""covered"": true}]",42,88,0.1705,0.4286,True,7,0,0,0,0.0,0.0,0.0,0.0,0.0,0.0,0.0,1.0,0.0,[],[]
meta-llama_Llama-2-70b-chat-hf,scenario-cq-constraints,2023-135-01,True,,28,True,True,True,3,2,0,0,1.0,1.0,0.0,True,True,3,0.3333,0.3889,"[{""cq_index"": 0, ""cq_text"": ""Under what pseudonym did the author C. S. Lewis published a collection of poems, Spirit in Bondage?"", ""cq_token_count"": 9, ""covered_token_count"": 9, ""token_recall"": 1.0, ""covered"": true}, {""cq_index"": 1, ""cq_text"": ""What alternative did C. S. Lewis used to assume the role of a book writer?"", ""cq_token_count"": 6, ""covered_token_count"": 1, ""token_recall"": 0.1667, ""covered"": false}, {""cq_index"": 2, ""cq_text"": ""Show the trajectories of rivers which cross national parks?"", ""cq_token_count"": 5, ""covered_token_count"": 0, ""token_recall"": 0.0, ""covered"": false}]",26,10,0.6,0.4615,True,3,5,2,13,0.0,0.0,0.0,0.0,0.0,0.0,0.0,0.0,0.0,[],[]
meta-llama_Llama-2-70b-chat-hf,scenario-cq-constraints,2024-145-01,True,,62,True,True,True,10,0,0,0,1.0,1.0,0.0,True,True,7,0.8571,0.7881,"[{""cq_index"": 0, ""cq_text"": ""List all district courts in a given state."", ""cq_token_count"": 3, ""covered_token_count"": 3, ""token_recall"": 1.0, ""covered"": true}, {""cq_index"": 1, ""cq_text"": ""In which state is a given district court instance located?"", ""cq_token_count"": 5, ""covered_token_count"": 3, ""token_recall"": 0.6, ""covered"": true}, {""cq_index"": 2, ""cq_text"": ""How many districts are in a given state of India?"", ""cq_token_count"": 4, ""covered_token_count"": 1, ""token_recall"": 0.25, ""covered"": false}, {""cq_index"": 3, ""cq_text"": ""Which court has authority over a given court?"", ""cq_token_count"": 3, ""covered_token_count"": 2, ""token_recall"": 0.6667, ""covered"": true}, {""cq_index"": 4, ""cq_text"": ""What is the check transaction type for a bad check?"", ""cq_token_count"": 3, ""covered_token_count"": 3, ""token_recall"": 1.0, ""covered"": true}, {""cq_index"": 5, ""cq_text"": ""When is a check payment of a bad check?"", ""cq_token_count"": 3, ""covered_token_count"": 3, ""token_recall"": 1.0, ""covered"": true}, {""cq_index"": 6, ""cq_text"": ""What is the transaction status of a given check payment?"", ""cq_token_count"": 4, ""covered_token_count"": 4, ""token_recall"": 1.0, ""covered"": true}]",28,17,0.4706,0.4643,False,10,0,0,0,0.0,0.0,0.0,0.0,0.0,0.0,0.0,0.0,0.0,[],[]
meta-llama_Llama-2-70b-chat-hf,scenario-cq-constraints,2025-147-01,True,,60,True,True,True,19,0,0,0,1.0,1.0,0.0,True,True,48,0.4167,0.3703,"[{""cq_index"": 0, ""cq_text"": ""How are ships clearly identified?"", ""cq_token_count"": 3, ""covered_token_count"": 1, ""token_recall"": 0.3333, ""covered"": false}, {""cq_index"": 1, ""cq_text"": ""How are a ship's dimensions described?"", ""cq_token_count"": 3, ""covered_token_count"": 2, ""token_recall"": 0.6667, ""covered"": true}, {""cq_index"": 2, ""cq_text"": ""What information can be provided about the typical location of a ship?"", ""cq_token_count"": 5, ""covered_token_count"": 2, ""token_recall"": 0.4, ""covered"": true}, {""cq_index"": 3, ""cq_text"": ""Who can be the owner of a ship?"", ""cq_token_count"": 2, ""covered_token_count"": 2, ""token_recall"": 1.0, ""covered"": true}, {""cq_index"": 4, ""cq_text"": ""How is a ship's average speed over ground specified?"", ""cq_token_count"": 6, ""covered_token_count"": 2, ""token_recall"": 0.3333, ""covered"": false}, {""cq_index"": 5, ""cq_text"": ""How many container ships are registered under the German flag?"", ""cq_token_count"": 7, ""covered_token_count"": 4, ""token_recall"": 0.5714, ""covered"": true}, {""cq_index"": 6, ""cq_text"": ""How is the GPS antenna placed relatively to the ship's structure (bow, stern, port, starboard)?"", ""cq_token_count"": 10, ""covered_token_count"": 3, ""token_recall"": 0.3, ""covered"": false}, {""cq_index"": 7, ""cq_text"": ""Which organization owns the most ships?"", ""cq_token_count"": 4, ""covered_token_count"": 2, ""token_recall"": 0.5, ""covered"": true}, {""cq_index"": 8, ""cq_text"": ""What information can be provided about a ship route?"", ""cq_token_count"": 4, ""covered_token_count"": 2, ""token_recall"": 0.5, ""covered"": true}, {""cq_index"": 9, ""cq_text"": ""What information is known about a single trajectory part?"", ""cq_token_count"": 5, ""covered_token_count"": 1, ""token_recall"": 0.2, ""covered"": false}, {""cq_index"": 10, ""cq_text"": ""What types of trajectories are distinguished?"", ""cq_token_count"": 2, ""covered_token_count"": 0, ""token_recall"": 0.0, ""covered"": false}, {""cq_index"": 11, ""cq_text"": ""What unit does the draught of a ship have?"", ""cq_token_count"": 3, ""covered_token_count"": 1, ""token_recall"": 0.3333, ""covered"": false}, {""cq_index"": 12, ""cq_text"": ""What was the average speed over ground of the ship on route on day X?"", ""cq_token_count"": 7, ""covered_token_count"": 3, ""token_recall"": 0.4286, ""covered"": true}, {""cq_index"": 13, ""cq_text"": ""What route is predicted for ship X?"", ""cq_token_count"": 3, ""covered_token_count"": 2, ""token_recall"": 0.6667, ""covered"": true}, {""cq_index"": 14, ""cq_text"": ""What types of engines are used in ships?"", ""cq_token_count"": 2, ""covered_token_count"": 1, ""token_recall"": 0.5, ""covered"": true}, {""cq_index"": 15, ""cq_text"": ""What combinations of engines can exist?"", ""cq_token_count"": 3, ""covered_token_count"": 0, ""token_recall"": 0.0, ""covered"": false}, {""cq_index"": 16, ""cq_text"": ""What powers these ship engines?"", ""cq_token_count"": 4, ""covered_token_count"": 1, ""token_recall"": 0.25, ""covered"": false}, {""cq_index"": 17, ""cq_text"": ""What is driven by ship engines?"", ""cq_token_count"": 3, ""covered_token_count"": 1, ""token_recall"": 0.3333, ""covered"": false}, {""cq_index"": 18, ""cq_text"": ""What types of propulsion systems can ships have?"", ""cq_token_count"": 3, ""covered_token_count"": 2, ""token_recall"": 0.6667, ""covered"": true}, {""cq_index"": 19, ""cq_text"": ""What propulsion systems don't rely on an engine?"", ""cq_token_count"": 5, ""covered_token_count"": 2, ""token_recall"": 0.4, ""covered"": true}, {""cq_index"": 20, ""cq_text"": ""Which propulsion technologies are used by each individual propulsion system?"", ""cq_token_count"": 4, ""covered_token_count"": 2, ""token_recall"": 0.5, ""covered"": true}, {""cq_index"": 21, ""cq_text"": ""What falls under the category of propulsion technologies powered by engines?"", ""cq_token_count"": 7, ""covered_token_count"": 1, ""token_recall"": 0.1429, ""covered"": false}, {""cq_index"": 22, ""cq_text"": ""What types of jet propulsors exist?"", ""cq_token_count"": 3, ""covered_token_count"": 0, ""token_recall"": 0.0, ""covered"": false}, {""cq_index"": 23, ""cq_text"": ""What types of bladed propulsors exist?"", ""cq_token_count"": 3, ""covered_token_count"": 1, ""token_recall"": 0.3333, ""covered"": false}, {""cq_index"": 24, ""cq_text"": ""What types of blade propulsors follow a special design?"", ""cq_token_count"": 5, ""covered_token_count"": 0, ""token_recall"": 0.0, ""covered"": false}, {""cq_index"": 25, ""cq_text"": ""What properties describe a bladed propulsor?"", ""cq_token_count"": 4, ""covered_token_count"": 2, ""token_recall"": 0.5, ""covered"": true}, {""cq_index"": 26, ""cq_text"": ""What types of screw propellers can be used?"", ""cq_token_count"": 2, ""covered_token_count"": 0, ""token_recall"": 0.0, ""covered"": false}, {""cq_index"": 27, ""cq_text"": ""What is used to prevent cavitation on technologies for motorized propulsion?"", ""cq_token_count"": 5, ""covered_token_count"": 2, ""token_recall"": 0.4, ""covered"": true}, {""cq_index"": 28, ""cq_text"": ""What type of sails exist?"", ""cq_token_count"": 2, ""covered_token_count"": 0, ""token_recall"": 0.0, ""covered"": false}, {""cq_index"": 29, ""cq_text"": ""Which type of propulsion technologies can assist a motorized ship?"", ""cq_token_count"": 5, ""covered_token_count"": 3, ""token_recall"": 0.6, ""covered"": true}, {""cq_index"": 30, ""cq_text"": ""What fuel does ship X use to drive?"", ""cq_token_count"": 3, ""covered_token_count"": 2, ""token_recall"": 0.6667, ""covered"": true}, {""cq_index"": 31, ""cq_text"": ""How many engines power ship X?"", ""cq_token_count"": 4, ""covered_token_count"": 1, ""token_recall"": 0.25, ""covered"": false}, {""cq_index"": 32, ""cq_text"": ""What types of propellers are installed on ship X?"", ""cq_token_count"": 3, ""covered_token_count"": 1, ""token_recall"": 0.3333, ""covered"": false}, {""cq_index"": 33, ""cq_text"": ""What is the most common type of propeller?"", ""cq_token_count"": 3, ""covered_token_count"": 1, ""token_recall"": 0.3333, ""covered"": false}, {""cq_index"": 34, ""cq_text"": ""How many ships have sails?"", ""cq_token_count"": 3, ""covered_token_count"": 1, ""token_recall"": 0.3333, ""covered"": false}, {""cq_index"": 35, ""cq_text"": ""Which ships use electric engines exclusively?"", ""cq_token_count"": 4, ""covered_token_count"": 1, ""token_recall"": 0.25, ""covered"": false}, {""cq_index"": 36, ""cq_text"": ""What motorized propulsion does a ship use that is assisted by wind propulsion?"", ""cq_token_count"": 5, ""covered_token_count"": 4, ""token_recall"": 0.8, ""covered"": true}, {""cq_index"": 37, ""cq_text"": ""How many supercavitating propellers does ship X use?"", ""cq_token_count"": 4, ""covered_token_count"": 2, ""token_recall"": 0.5, ""covered"": true}, {""cq_index"": 38, ""cq_text"": ""What diameter and how many blades does the fixed pitch propeller Y of ship X have?"", ""cq_token_count"": 7, ""covered_token_count"": 5, ""token_recall"": 0.7143, ""covered"": true}, {""cq_index"": 39, ""cq_text"": ""What is the least utilized wind assisted propulsion system?"", ""cq_token_count"": 6, ""covered_token_count"": 4, ""token_recall"": 0.6667, ""covered"": true}, {""cq_index"": 40, ""cq_text"": ""What different kinds of data can be used to represent a ship?"", ""cq_token_count"": 5, ""covered_token_count"": 1, ""token_recall"": 0.2, ""covered"": false}, {""cq_index"": 41, ""cq_text"": ""How is sonar data of ships stored?"", ""cq_token_count"": 4, ""covered_token_count"": 1, ""token_recall"": 0.25, ""covered"": false}, {""cq_index"": 42, ""cq_text"": ""What image resources are available for a ship?"", ""cq_token_count"": 4, ""covered_token_count"": 1, ""token_recall"": 0.25, ""covered"": false}, {""cq_index"": 43, ""cq_text"": ""What textual information about a ship is available?"", ""cq_token_count"": 4, ""covered_token_count"": 1, ""token_recall"": 0.25, ""covered"": false}, {""cq_index"": 44, ""cq_text"": ""What does ship X look like?"", ""cq_token_count"": 3, ""covered_token_count"": 1, ""token_recall"": 0.3333, ""covered"": false}, {""cq_index"": 45, ""cq_text"": ""How does ship X sound like on a sonar?"", ""cq_token_count"": 4, ""covered_token_count"": 1, ""token_recall"": 0.25, ""covered"": false}, {""cq_index"": 46, ""cq_text"": ""What is the textual description of ship X?"", ""cq_token_count"": 3, ""covered_token_count"": 1, ""token_recall"": 0.3333, ""covered"": false}, {""cq_index"": 47, ""cq_text"": ""Are there ships without sonar signatures?"", ""cq_token_count"": 5, ""covered_token_count"": 1, ""token_recall"": 0.2, ""covered"": false}]",90,109,0.1468,0.5556,True,19,1,0,8,0.0,0.0,0.0,0.0,0.0,0.0,0.0,0.0,0.0,[],[]
meta-llama_Llama-2-70b-chat-hf,scenario-cq-constraints,2025-149-01,True,,60,True,True,True,19,0,0,0,1.0,1.0,0.0,True,True,25,0.76,0.4392,"[{""cq_index"": 0, ""cq_text"": ""Can the ontology represent a relational database as a first-class schema entity?"", ""cq_token_count"": 8, ""covered_token_count"": 2, ""token_recall"": 0.25, ""covered"": false}, {""cq_index"": 1, ""cq_text"": ""Can the ontology represent tables belonging to a database?"", ""cq_token_count"": 5, ""covered_token_count"": 2, ""token_recall"": 0.4, ""covered"": true}, {""cq_index"": 2, ""cq_text"": ""Can the ontology represent columns belonging to a table?"", ""cq_token_count"": 5, ""covered_token_count"": 2, ""token_recall"": 0.4, ""covered"": true}, {""cq_index"": 3, ""cq_text"": ""Can the ontology represent primary-key relationships in the schema?"", ""cq_token_count"": 6, ""covered_token_count"": 2, ""token_recall"": 0.3333, ""covered"": false}, {""cq_index"": 4, ""cq_text"": ""Can the ontology represent foreign-key relationships and distinguish same-named columns across different tables when they are not semantically linked?"", ""cq_token_count"": 15, ""covered_token_count"": 4, ""token_recall"": 0.2667, ""covered"": false}, {""cq_index"": 5, ""cq_text"": ""Can the ontology define a policy for a specific agent?"", ""cq_token_count"": 5, ""covered_token_count"": 2, ""token_recall"": 0.4, ""covered"": true}, {""cq_index"": 6, ""cq_text"": ""Can a policy specify a high-level ReadAction?"", ""cq_token_count"": 5, ""covered_token_count"": 2, ""token_recall"": 0.4, ""covered"": true}, {""cq_index"": 7, ""cq_text"": ""Can a policy specify a high-level ModifyAction?"", ""cq_token_count"": 5, ""covered_token_count"": 2, ""token_recall"": 0.4, ""covered"": true}, {""cq_index"": 8, ""cq_text"": ""Can a policy specify a ViewActionScope for read operations?"", ""cq_token_count"": 5, ""covered_token_count"": 2, ""token_recall"": 0.4, ""covered"": true}, {""cq_index"": 9, ""cq_text"": ""Can a policy specify a ProcessActionScope for read operations?"", ""cq_token_count"": 5, ""covered_token_count"": 2, ""token_recall"": 0.4, ""covered"": true}, {""cq_index"": 10, ""cq_text"": ""Can a policy be defined at table level?"", ""cq_token_count"": 4, ""covered_token_count"": 3, ""token_recall"": 0.75, ""covered"": true}, {""cq_index"": 11, ""cq_text"": ""Can a policy be defined at column level?"", ""cq_token_count"": 4, ""covered_token_count"": 3, ""token_recall"": 0.75, ""covered"": true}, {""cq_index"": 12, ""cq_text"": ""Can a policy be defined at row level using conditions?"", ""cq_token_count"": 5, ""covered_token_count"": 3, ""token_recall"": 0.6, ""covered"": true}, {""cq_index"": 13, ""cq_text"": ""Can the ontology express a prohibited modify action on a table?"", ""cq_token_count"": 6, ""covered_token_count"": 3, ""token_recall"": 0.5, ""covered"": true}, {""cq_index"": 14, ""cq_text"": ""Can the ontology express a table-level read prohibition for processing?"", ""cq_token_count"": 7, ""covered_token_count"": 3, ""token_recall"": 0.4286, ""covered"": true}, {""cq_index"": 15, ""cq_text"": ""Can the ontology express a table-level read prohibition for viewing?"", ""cq_token_count"": 7, ""covered_token_count"": 3, ""token_recall"": 0.4286, ""covered"": true}, {""cq_index"": 16, ""cq_text"": ""Can the ontology express a conditional row-level read restriction for later enforcement?"", ""cq_token_count"": 9, ""covered_token_count"": 4, ""token_recall"": 0.4444, ""covered"": true}, {""cq_index"": 17, ""cq_text"": ""Can the ontology represent a SQL query as an AST-based semantic graph?"", ""cq_token_count"": 8, ""covered_token_count"": 5, ""token_recall"": 0.625, ""covered"": true}, {""cq_index"": 18, ""cq_text"": ""Can a SQL statement such as SelectStatement or UpdateStatement be mapped to its semantic action type?"", ""cq_token_count"": 8, ""covered_token_count"": 4, ""token_recall"": 0.5, ""covered"": true}, {""cq_index"": 19, ""cq_text"": ""Can a query statement be linked to the executing agent?"", ""cq_token_count"": 5, ""covered_token_count"": 2, ""token_recall"": 0.4, ""covered"": true}, {""cq_index"": 20, ""cq_text"": ""Can SQL clauses be assigned operational scopes such as view or process?"", ""cq_token_count"": 8, ""covered_token_count"": 3, ""token_recall"": 0.375, ""covered"": false}, {""cq_index"": 21, ""cq_text"": ""Can scope be propagated to reference nodes as an effectiveActionScope?"", ""cq_token_count"": 5, ""covered_token_count"": 2, ""token_recall"": 0.4, ""covered"": true}, {""cq_index"": 22, ""cq_text"": ""Can a TableRef in the query be linked to its corresponding schema Table?"", ""cq_token_count"": 6, ""covered_token_count"": 2, ""token_recall"": 0.3333, ""covered"": false}, {""cq_index"": 23, ""cq_text"": ""Can a ColumnRef in the query be linked to its corresponding schema Column?"", ""cq_token_count"": 6, ""covered_token_count"": 2, ""token_recall"": 0.3333, ""covered"": false}, {""cq_index"": 24, ""cq_text"": ""Can the reasoner infer whether a referenced table or column is Violated or RowTag based on the matching policy, action, and scope?"", ""cq_token_count"": 13, ""covered_token_count"": 6, ""token_recall"": 0.4615, ""covered"": true}]",51,10,0.6,0.4314,True,19,48,0,41,0.5263,0.2083,0.2985,0.0,0.0,0.0,0.2353,0.0,0.1492,"[""database"", ""table"", ""column"", ""policy"", ""read action"", ""view action scope"", ""select statement"", ""update statement"", ""query statement"", ""table ref""]",[]
meta-llama_Llama-2-70b-chat-hf,scenario-cq-constraints,2025-150-01,True,,60,True,True,True,17,0,0,0,1.0,1.0,0.0,True,True,32,0.3438,0.3049,"[{""cq_index"": 0, ""cq_text"": ""Which MQTT Clients are connected to which Broker?"", ""cq_token_count"": 4, ""covered_token_count"": 2, ""token_recall"": 0.5, ""covered"": true}, {""cq_index"": 1, ""cq_text"": ""Which MQTT NetworkConnections exist, are they TLS-secured, and who initiated/accepted them?"", ""cq_token_count"": 9, ""covered_token_count"": 1, ""token_recall"": 0.1111, ""covered"": false}, {""cq_index"": 2, ""cq_text"": ""Which MQTT participants (Clients/Brokers) use which MQTT NetworkConnections?"", ""cq_token_count"": 5, ""covered_token_count"": 1, ""token_recall"": 0.2, ""covered"": false}, {""cq_index"": 3, ""cq_text"": ""Which MQTT Clients with which ClientIDs run on which SOSA platforms?"", ""cq_token_count"": 6, ""covered_token_count"": 2, ""token_recall"": 0.3333, ""covered"": false}, {""cq_index"": 4, ""cq_text"": ""Which MQTT Clients are hosting which SOSA systems (sensors/actuators)?"", ""cq_token_count"": 7, ""covered_token_count"": 2, ""token_recall"": 0.2857, ""covered"": false}, {""cq_index"": 5, ""cq_text"": ""What host/port is a MQTT Broker configured with?"", ""cq_token_count"": 5, ""covered_token_count"": 2, ""token_recall"": 0.4, ""covered"": true}, {""cq_index"": 6, ""cq_text"": ""Which SOSA sensors publish to which MQTT Topics (observations)?"", ""cq_token_count"": 6, ""covered_token_count"": 2, ""token_recall"": 0.3333, ""covered"": false}, {""cq_index"": 7, ""cq_text"": ""Which SOSA actuators listen to which MQTT Topics (commands)?"", ""cq_token_count"": 6, ""covered_token_count"": 2, ""token_recall"": 0.3333, ""covered"": false}, {""cq_index"": 8, ""cq_text"": ""Which SOSA FeaturesOfInterest, Properties etc. appear as MQTT TopicSubjects and on which MQTT Topics?"", ""cq_token_count"": 8, ""covered_token_count"": 2, ""token_recall"": 0.25, ""covered"": false}, {""cq_index"": 9, ""cq_text"": ""Which MQTT Topic Filters match a given MQTT Topic?"", ""cq_token_count"": 4, ""covered_token_count"": 2, ""token_recall"": 0.5, ""covered"": true}, {""cq_index"": 10, ""cq_text"": ""Which MQTT Topics are matched by a given MQTT Topic Filter?"", ""cq_token_count"": 5, ""covered_token_count"": 3, ""token_recall"": 0.6, ""covered"": true}, {""cq_index"": 11, ""cq_text"": ""Which MQTT filter patterns (with wildcards) are stored?"", ""cq_token_count"": 5, ""covered_token_count"": 2, ""token_recall"": 0.4, ""covered"": true}, {""cq_index"": 12, ""cq_text"": ""Which MQTT Clients send which MQTT Control Packets?"", ""cq_token_count"": 5, ""covered_token_count"": 2, ""token_recall"": 0.4, ""covered"": true}, {""cq_index"": 13, ""cq_text"": ""Which MQTT PUBLISH/SUBSCRIBE/UNSUBSCRIBE packets were sent (specializations)?"", ""cq_token_count"": 7, ""covered_token_count"": 1, ""token_recall"": 0.1429, ""covered"": false}, {""cq_index"": 14, ""cq_text"": ""Which MQTT Brokers receive/forward which MQTT Control Packets?"", ""cq_token_count"": 6, ""covered_token_count"": 2, ""token_recall"": 0.3333, ""covered"": false}, {""cq_index"": 15, ""cq_text"": ""Which MQTT Control Packets were sent by which Client (inverse)?"", ""cq_token_count"": 6, ""covered_token_count"": 3, ""token_recall"": 0.5, ""covered"": true}, {""cq_index"": 16, ""cq_text"": ""Which MQTT Publish packets carry Observations for a specific SOSA FeatureOfInterest or Property?"", ""cq_token_count"": 9, ""covered_token_count"": 4, ""token_recall"": 0.4444, ""covered"": true}, {""cq_index"": 17, ""cq_text"": ""Which MQTT SUBSCRIBE packets request QoS=2 and for which filters?"", ""cq_token_count"": 6, ""covered_token_count"": 1, ""token_recall"": 0.1667, ""covered"": false}, {""cq_index"": 18, ""cq_text"": ""Which MQTT UNSUBSCRIBE packets remove all filters under a certain path (e.g. 'factory/centering/#')?"", ""cq_token_count"": 10, ""covered_token_count"": 1, ""token_recall"": 0.1, ""covered"": false}, {""cq_index"": 19, ""cq_text"": ""Which MQTT Control Packet has which Fixed Header / Variable Header / Payload?"", ""cq_token_count"": 7, ""covered_token_count"": 3, ""token_recall"": 0.4286, ""covered"": true}, {""cq_index"": 20, ""cq_text"": ""Which MQTT PUBLISH packet has which MQTT Topic (name) in the Variable Header?"", ""cq_token_count"": 7, ""covered_token_count"": 3, ""token_recall"": 0.4286, ""covered"": true}, {""cq_index"": 21, ""cq_text"": ""Which QoS levels are set (in PUBLISH Fixed Header or SubscriptionEntry)?"", ""cq_token_count"": 7, ""covered_token_count"": 0, ""token_recall"": 0.0, ""covered"": false}, {""cq_index"": 22, ""cq_text"": ""Are RETAIN/DUP flags set in PUBLISH?"", ""cq_token_count"": 5, ""covered_token_count"": 0, ""token_recall"": 0.0, ""covered"": false}, {""cq_index"": 23, ""cq_text"": ""Which MQTT Control Packets have which PacketIdentifier?"", ""cq_token_count"": 4, ""covered_token_count"": 2, ""token_recall"": 0.5, ""covered"": true}, {""cq_index"": 24, ""cq_text"": ""Which MQTT SUBSCRIBE payloads contain which SubscriptionEntries?"", ""cq_token_count"": 5, ""covered_token_count"": 1, ""token_recall"": 0.2, ""covered"": false}, {""cq_index"": 25, ""cq_text"": ""Which MQTT Topic Filters (with QoS) are requested by a SubscriptionEntry?"", ""cq_token_count"": 6, ""covered_token_count"": 2, ""token_recall"": 0.3333, ""covered"": false}, {""cq_index"": 26, ""cq_text"": ""Which MQTT UNSUBSCRIBE payloads remove which MQTT TopicFilters?"", ""cq_token_count"": 5, ""covered_token_count"": 1, ""token_recall"": 0.2, ""covered"": false}, {""cq_index"": 27, ""cq_text"": ""Which MQTT PUBLISH payloads encode SOSA Observations (or Observation Collections)?"", ""cq_token_count"": 8, ""covered_token_count"": 3, ""token_recall"": 0.375, ""covered"": false}, {""cq_index"": 28, ""cq_text"": ""Which MQTT PUBLISH payloads encode SOSA Actuations (or Actuation Collections)?"", ""cq_token_count"": 8, ""covered_token_count"": 3, ""token_recall"": 0.375, ""covered"": false}, {""cq_index"": 29, ""cq_text"": ""Which fields are encoded in a MQTT payload?"", ""cq_token_count"": 4, ""covered_token_count"": 1, ""token_recall"": 0.25, ""covered"": false}, {""cq_index"": 30, ""cq_text"": ""What content, content type, encoding and delimiter does a MQTT PUBLISH payload have?"", ""cq_token_count"": 6, ""covered_token_count"": 1, ""token_recall"": 0.1667, ""covered"": false}, {""cq_index"": 31, ""cq_text"": ""What is the size of a MQTT payload (as QUDT QuantityValue with unit)?"", ""cq_token_count"": 6, ""covered_token_count"": 1, ""token_recall"": 0.1667, ""covered"": false}]",40,60,0.0833,0.65,True,17,9,0,11,0.0,0.0,0.0,0.0,0.0,0.0,0.0,0.0,0.0,[],[]
meta-llama_Llama-2-70b-chat-hf,scenario-cq-constraints,2025-151-01,True,,57,True,True,True,9,0,0,0,1.0,1.0,0.0,True,True,5,1.0,0.8333,"[{""cq_index"": 0, ""cq_text"": ""What is the requested action?"", ""cq_token_count"": 2, ""covered_token_count"": 2, ""token_recall"": 1.0, ""covered"": true}, {""cq_index"": 1, ""cq_text"": ""Who is the party issuing the evaluation request?"", ""cq_token_count"": 4, ""covered_token_count"": 3, ""token_recall"": 0.75, ""covered"": true}, {""cq_index"": 2, ""cq_text"": ""What is the target asset of the evaluation request?"", ""cq_token_count"": 4, ""covered_token_count"": 4, ""token_recall"": 1.0, ""covered"": true}, {""cq_index"": 3, ""cq_text"": ""When was the evaluation request issued?"", ""cq_token_count"": 3, ""covered_token_count"": 2, ""token_recall"": 0.6667, ""covered"": true}, {""cq_index"": 4, ""cq_text"": ""What additional contextual information can be included in the evaluation request to further constrain it?"", ""cq_token_count"": 8, ""covered_token_count"": 6, ""token_recall"": 0.75, ""covered"": true}]",31,25,0.52,0.4839,True,9,1,0,5,0.1111,1.0,0.2,0.0,0.0,0.0,0.1667,0.0,0.1,"[""evaluation request""]",[]
meta-llama_Llama-2-70b-chat-hf,scenario-cq-constraints,2025-151-02,True,,69,True,True,True,15,0,0,0,1.0,1.0,0.0,True,True,10,1.0,0.7076,"[{""cq_index"": 0, ""cq_text"": ""What is the current time?"", ""cq_token_count"": 2, ""covered_token_count"": 2, ""token_recall"": 1.0, ""covered"": true}, {""cq_index"": 1, ""cq_text"": ""What is the location of a party?"", ""cq_token_count"": 2, ""covered_token_count"": 2, ""token_recall"": 1.0, ""covered"": true}, {""cq_index"": 2, ""cq_text"": ""What assets are part of the asset collection of the policy that is being evaluated?"", ""cq_token_count"": 7, ""covered_token_count"": 4, ""token_recall"": 0.5714, ""covered"": true}, {""cq_index"": 3, ""cq_text"": ""Which parties are part of the party collection of the policy that is being evaluated?"", ""cq_token_count"": 7, ""covered_token_count"": 4, ""token_recall"": 0.5714, ""covered"": true}, {""cq_index"": 4, ""cq_text"": ""What actions were already performed or attempted?"", ""cq_token_count"": 4, ""covered_token_count"": 2, ""token_recall"": 0.5, ""covered"": true}, {""cq_index"": 5, ""cq_text"": ""How many times has a rule been exercised?"", ""cq_token_count"": 4, ""covered_token_count"": 3, ""token_recall"": 0.75, ""covered"": true}, {""cq_index"": 6, ""cq_text"": ""What information is available about an event that has occurred?"", ""cq_token_count"": 4, ""covered_token_count"": 3, ""token_recall"": 0.75, ""covered"": true}, {""cq_index"": 7, ""cq_text"": ""How long has a rule been exercised?"", ""cq_token_count"": 3, ""covered_token_count"": 2, ""token_recall"": 0.6667, ""covered"": true}, {""cq_index"": 8, ""cq_text"": ""Which recipients or categories of recipients can receive the result of the rule that has been exercised?"", ""cq_token_count"": 6, ""covered_token_count"": 4, ""token_recall"": 0.6667, ""covered"": true}, {""cq_index"": 9, ""cq_text"": ""Has a financial payment been made? What was the amount paid?"", ""cq_token_count"": 5, ""covered_token_count"": 3, ""token_recall"": 0.6, ""covered"": true}]",50,23,0.2609,0.46,True,15,1,0,0,0.0,0.0,0.0,0.0,0.0,0.0,0.0,1.0,0.0,[],[]
meta-llama_Llama-2-70b-chat-hf,scenario-cq-constraints,2025-153-01,True,,49,True,True,True,11,0,0,0,1.0,1.0,0.0,True,True,8,0.625,0.5292,"[{""cq_index"": 0, ""cq_text"": ""Which entity does a persistent identifier currently reference?"", ""cq_token_count"": 5, ""covered_token_count"": 4, ""token_recall"": 0.8, ""covered"": true}, {""cq_index"": 1, ""cq_text"": ""Which entity was referenced at a past timestamp?"", ""cq_token_count"": 4, ""covered_token_count"": 2, ""token_recall"": 0.5, ""covered"": true}, {""cq_index"": 2, ""cq_text"": ""When did referent transitions occur?"", ""cq_token_count"": 3, ""covered_token_count"": 1, ""token_recall"": 0.3333, ""covered"": false}, {""cq_index"": 3, ""cq_text"": ""What observations are associated with specific referents?"", ""cq_token_count"": 4, ""covered_token_count"": 3, ""token_recall"": 0.75, ""covered"": true}, {""cq_index"": 4, ""cq_text"": ""What is the full sequence of referents over time?"", ""cq_token_count"": 5, ""covered_token_count"": 3, ""token_recall"": 0.6, ""covered"": true}, {""cq_index"": 5, ""cq_text"": ""Which rules triggered specific transitions?"", ""cq_token_count"": 4, ""covered_token_count"": 1, ""token_recall"": 0.25, ""covered"": false}, {""cq_index"": 6, ""cq_text"": ""Are there gaps or overlaps in temporal bindings?"", ""cq_token_count"": 5, ""covered_token_count"": 1, ""token_recall"": 0.2, ""covered"": false}, {""cq_index"": 7, ""cq_text"": ""Can complete context be rebuilt for any time point?"", ""cq_token_count"": 5, ""covered_token_count"": 4, ""token_recall"": 0.8, ""covered"": true}]",49,119,0.0756,0.6531,True,11,11,0,22,0.5455,0.5455,0.5455,0.0,0.0,0.0,0.4286,0.0,0.2727,"[""temporal binding"", ""referent"", ""transition"", ""observation"", ""rule"", ""context""]",[]
meta-llama_Llama-2-70b-chat-hf,scenario-cq-constraints,2026-155-01,False,Could not parse ontology.ttl in turtle/xml/n3 formats.,0,False,False,False,0,0,0,0,0.0,0.0,0.0,True,False,8,1.0,0.808,"[{""cq_index"": 0, ""cq_text"": ""Which survey or investigation activities were performed on a given cultural property or on a specific feature of interest?"", ""cq_token_count"": 9, ""covered_token_count"": 6, ""token_recall"": 0.6667, ""covered"": true}, {""cq_index"": 1, ""cq_text"": ""Which method or investigation technique was adopted in a specific survey or investigation activity?"", ""cq_token_count"": 7, ""covered_token_count"": 7, ""token_recall"": 1.0, ""covered"": true}, {""cq_index"": 2, ""cq_text"": ""Which observations were produced during a given survey or investigation activity?"", ""cq_token_count"": 6, ""covered_token_count"": 6, ""token_recall"": 1.0, ""covered"": true}, {""cq_index"": 3, ""cq_text"": ""Which experts participated in the survey or investigation activity, and with which roles?"", ""cq_token_count"": 6, ""covered_token_count"": 3, ""token_recall"": 0.5, ""covered"": true}, {""cq_index"": 4, ""cq_text"": ""Which hardware, software, and technical configurations were used to conduct a specific survey or investigation activity?"", ""cq_token_count"": 9, ""covered_token_count"": 9, ""token_recall"": 1.0, ""covered"": true}, {""cq_index"": 5, ""cq_text"": ""What interpretations or claims are supported by the observations produced during a survey?"", ""cq_token_count"": 7, ""covered_token_count"": 5, ""token_recall"": 0.7143, ""covered"": true}, {""cq_index"": 6, ""cq_text"": ""How are post-processed outputs (e.g., interactive images, spectra, datasets) related to the underlying acquisition or observation activities?"", ""cq_token_count"": 12, ""covered_token_count"": 9, ""token_recall"": 0.75, ""covered"": true}, {""cq_index"": 7, ""cq_text"": ""Which acquisition parameters (e.g., exposure time, ISO, aperture) characterised a specific photographic acquisition cycle within a survey?"", ""cq_token_count"": 12, ""covered_token_count"": 10, ""token_recall"": 0.8333, ""covered"": true}]",61,20,0.65,0.3279,True,0,22,0,32,0.0,0.0,0.0,0.0,0.0,0.0,0.0,0.0,0.0,[],[]
meta-llama_Llama-2-70b-chat-hf,scenario-cq-reasoning,2023-133-01,False,Could not parse ontology.ttl in turtle/xml/n3 formats.,0,False,False,False,0,0,0,0,0.0,0.0,0.0,True,False,4,0.0,0.0,"[{""cq_index"": 0, ""cq_text"": ""What events are responsible for the pavement being slippery?"", ""cq_token_count"": 5, ""covered_token_count"": 0, ""token_recall"": 0.0, ""covered"": false}, {""cq_index"": 1, ""cq_text"": ""What would be the outcome of turning the sprinkler system on(off)?"", ""cq_token_count"": 5, ""covered_token_count"": 0, ""token_recall"": 0.0, ""covered"": false}, {""cq_index"": 2, ""cq_text"": ""How strong is the causal link between the sprinkler being on and the pavement being wet?"", ""cq_token_count"": 8, ""covered_token_count"": 0, ""token_recall"": 0.0, ""covered"": false}, {""cq_index"": 3, ""cq_text"": ""What if the pavement is not wet, how would it effect the pavement being slippery?"", ""cq_token_count"": 5, ""covered_token_count"": 0, ""token_recall"": 0.0, ""covered"": false}]",2,41,0.0,1.0,True,0,5,0,5,0.0,0.0,0.0,0.0,0.0,0.0,0.0,0.0,0.0,[],[]
meta-llama_Llama-2-70b-chat-hf,scenario-cq-reasoning,2023-133-02,False,Could not parse ontology.ttl in turtle/xml/n3 formats.,0,False,False,False,0,0,0,0,0.0,0.0,0.0,True,False,6,0.0,0.0,"[{""cq_index"": 0, ""cq_text"": ""Is the medication intake by the patient caused by the presence of outdoor environmental allergen such as pollen or AQI?"", ""cq_token_count"": 11, ""covered_token_count"": 0, ""token_recall"": 0.0, ""covered"": false}, {""cq_index"": 1, ""cq_text"": ""How much does the presence of an asthma symptom effect the intake of medication?"", ""cq_token_count"": 7, ""covered_token_count"": 0, ""token_recall"": 0.0, ""covered"": false}, {""cq_index"": 2, ""cq_text"": ""How does an outdoor environmental allergen affect the patient?"", ""cq_token_count"": 5, ""covered_token_count"": 0, ""token_recall"": 0.0, ""covered"": false}, {""cq_index"": 3, ""cq_text"": ""What is the probable cause of the cough experienced by the patient?"", ""cq_token_count"": 5, ""covered_token_count"": 0, ""token_recall"": 0.0, ""covered"": false}, {""cq_index"": 4, ""cq_text"": ""What if pollen (or AQI) allergen was not present in the outdoor environment, how would it effect the intake of medication?"", ""cq_token_count"": 9, ""covered_token_count"": 0, ""token_recall"": 0.0, ""covered"": false}, {""cq_index"": 5, ""cq_text"": ""What if the patient did not experience a cough, how would it effect the intake of medication?"", ""cq_token_count"": 6, ""covered_token_count"": 0, ""token_recall"": 0.0, ""covered"": false}]",0,60,0.0,0.0,True,0,5,0,5,0.0,0.0,0.0,0.0,0.0,0.0,0.0,0.0,0.0,[],[]
meta-llama_Llama-2-70b-chat-hf,scenario-cq-reasoning,2023-134-01,False,Could not parse ontology.ttl in turtle/xml/n3 formats.,0,False,False,False,0,0,0,0,0.0,0.0,0.0,False,False,8,0.375,0.3271,"[{""cq_index"": 0, ""cq_text"": ""What is the unique identifier of the policy?"", ""cq_token_count"": 3, ""covered_token_count"": 1, ""token_recall"": 0.3333, ""covered"": false}, {""cq_index"": 1, ""cq_text"": ""Who is the creator of the policy?"", ""cq_token_count"": 2, ""covered_token_count"": 1, ""token_recall"": 0.5, ""covered"": true}, {""cq_index"": 2, ""cq_text"": ""When was the policy issued?"", ""cq_token_count"": 2, ""covered_token_count"": 1, ""token_recall"": 0.5, ""covered"": true}, {""cq_index"": 3, ""cq_text"": ""Who is the assignee of the policy?"", ""cq_token_count"": 2, ""covered_token_count"": 1, ""token_recall"": 0.5, ""covered"": true}, {""cq_index"": 4, ""cq_text"": ""What application/service is being used to access the data?"", ""cq_token_count"": 5, ""covered_token_count"": 1, ""token_recall"": 0.2, ""covered"": false}, {""cq_index"": 5, ""cq_text"": ""What access mode is being requested?"", ""cq_token_count"": 4, ""covered_token_count"": 0, ""token_recall"": 0.0, ""covered"": false}, {""cq_index"": 6, ""cq_text"": ""What personal data is being accessed?"", ""cq_token_count"": 4, ""covered_token_count"": 1, ""token_recall"": 0.25, ""covered"": false}, {""cq_index"": 7, ""cq_text"": ""What is the purpose for accessing the data?"", ""cq_token_count"": 3, ""covered_token_count"": 1, ""token_recall"": 0.3333, ""covered"": false}]",33,88,0.2045,0.4242,True,0,0,0,0,0.0,0.0,0.0,0.0,0.0,0.0,1.0,1.0,0.0,[],[]
meta-llama_Llama-2-70b-chat-hf,scenario-cq-reasoning,2023-134-02,False,Could not parse ontology.ttl in turtle/xml/n3 formats.,0,False,False,False,0,0,0,0,0.0,0.0,0.0,False,False,6,0.0,0.0,"[{""cq_index"": 0, ""cq_text"": ""What type of action, e.g., create, update, erase, is being performed on the data?"", ""cq_token_count"": 7, ""covered_token_count"": 0, ""token_recall"": 0.0, ""covered"": false}, {""cq_index"": 1, ""cq_text"": ""Who is the entity interacting with the data?"", ""cq_token_count"": 3, ""covered_token_count"": 0, ""token_recall"": 0.0, ""covered"": false}, {""cq_index"": 2, ""cq_text"": ""Who is the entity publishing the log?"", ""cq_token_count"": 3, ""covered_token_count"": 0, ""token_recall"": 0.0, ""covered"": false}, {""cq_index"": 3, ""cq_text"": ""When was the log issued?"", ""cq_token_count"": 2, ""covered_token_count"": 0, ""token_recall"": 0.0, ""covered"": false}, {""cq_index"": 4, ""cq_text"": ""Where is the data being stored?"", ""cq_token_count"": 3, ""covered_token_count"": 0, ""token_recall"": 0.0, ""covered"": false}, {""cq_index"": 5, ""cq_text"": ""What application/service is being used to generate the data, if any?"", ""cq_token_count"": 5, ""covered_token_count"": 0, ""token_recall"": 0.0, ""covered"": false}]",1,88,0.0114,0.0,True,0,0,0,0,0.0,0.0,0.0,0.0,0.0,0.0,1.0,1.0,0.0,[],[]
meta-llama_Llama-2-70b-chat-hf,scenario-cq-reasoning,2023-134-03,False,Could not parse ontology.ttl in turtle/xml/n3 formats.,0,False,False,False,0,0,0,0,0.0,0.0,0.0,False,False,5,0.0,0.0667,"[{""cq_index"": 0, ""cq_text"": ""Who is maintaining the registry?"", ""cq_token_count"": 2, ""covered_token_count"": 0, ""token_recall"": 0.0, ""covered"": false}, {""cq_index"": 1, ""cq_text"": ""When was the registry created/updated?"", ""cq_token_count"": 3, ""covered_token_count"": 1, ""token_recall"": 0.3333, ""covered"": false}, {""cq_index"": 2, ""cq_text"": ""What types of data are available?"", ""cq_token_count"": 2, ""covered_token_count"": 0, ""token_recall"": 0.0, ""covered"": false}, {""cq_index"": 3, ""cq_text"": ""Where is a specific type of data being stored?"", ""cq_token_count"": 4, ""covered_token_count"": 0, ""token_recall"": 0.0, ""covered"": false}, {""cq_index"": 4, ""cq_text"": ""What policy is associated with the data?"", ""cq_token_count"": 3, ""covered_token_count"": 0, ""token_recall"": 0.0, ""covered"": false}]",3,88,0.0114,0.3333,True,0,0,0,0,0.0,0.0,0.0,0.0,0.0,0.0,1.0,1.0,0.0,[],[]
meta-llama_Llama-2-70b-chat-hf,scenario-cq-reasoning,2023-135-01,False,Could not parse ontology.ttl in turtle/xml/n3 formats.,0,False,False,False,0,0,0,0,0.0,0.0,0.0,True,False,3,0.0,0.037,"[{""cq_index"": 0, ""cq_text"": ""Under what pseudonym did the author C. S. Lewis published a collection of poems, Spirit in Bondage?"", ""cq_token_count"": 9, ""covered_token_count"": 1, ""token_recall"": 0.1111, ""covered"": false}, {""cq_index"": 1, ""cq_text"": ""What alternative did C. S. Lewis used to assume the role of a book writer?"", ""cq_token_count"": 6, ""covered_token_count"": 0, ""token_recall"": 0.0, ""covered"": false}, {""cq_index"": 2, ""cq_text"": ""Show the trajectories of rivers which cross national parks?"", ""cq_token_count"": 5, ""covered_token_count"": 0, ""token_recall"": 0.0, ""covered"": false}]",15,10,0.2,0.8667,True,0,5,0,13,0.0,0.0,0.0,0.0,0.0,0.0,0.0,0.0,0.0,[],[]
meta-llama_Llama-2-70b-chat-hf,scenario-cq-reasoning,2024-145-01,False,Could not parse ontology.ttl in turtle/xml/n3 formats.,0,False,False,False,0,0,0,0,0.0,0.0,0.0,True,False,7,0.0,0.0,"[{""cq_index"": 0, ""cq_text"": ""List all district courts in a given state."", ""cq_token_count"": 3, ""covered_token_count"": 0, ""token_recall"": 0.0, ""covered"": false}, {""cq_index"": 1, ""cq_text"": ""In which state is a given district court instance located?"", ""cq_token_count"": 5, ""covered_token_count"": 0, ""token_recall"": 0.0, ""covered"": false}, {""cq_index"": 2, ""cq_text"": ""How many districts are in a given state of India?"", ""cq_token_count"": 4, ""covered_token_count"": 0, ""token_recall"": 0.0, ""covered"": false}, {""cq_index"": 3, ""cq_text"": ""Which court has authority over a given court?"", ""cq_token_count"": 3, ""covered_token_count"": 0, ""token_recall"": 0.0, ""covered"": false}, {""cq_index"": 4, ""cq_text"": ""What is the check transaction type for a bad check?"", ""cq_token_count"": 3, ""covered_token_count"": 0, ""token_recall"": 0.0, ""covered"": false}, {""cq_index"": 5, ""cq_text"": ""When is a check payment of a bad check?"", ""cq_token_count"": 3, ""covered_token_count"": 0, ""token_recall"": 0.0, ""covered"": false}, {""cq_index"": 6, ""cq_text"": ""What is the transaction status of a given check payment?"", ""cq_token_count"": 4, ""covered_token_count"": 0, ""token_recall"": 0.0, ""covered"": false}]",0,17,0.0,0.0,False,0,0,0,0,0.0,0.0,0.0,0.0,0.0,0.0,0.0,0.0,0.0,[],[]
meta-llama_Llama-2-70b-chat-hf,scenario-cq-reasoning,2025-147-01,False,Could not parse ontology.ttl in turtle/xml/n3 formats.,0,False,False,False,0,0,0,0,0.0,0.0,0.0,False,False,48,0.0,0.0,"[{""cq_index"": 0, ""cq_text"": ""How are ships clearly identified?"", ""cq_token_count"": 3, ""covered_token_count"": 0, ""token_recall"": 0.0, ""covered"": false}, {""cq_index"": 1, ""cq_text"": ""How are a ship's dimensions described?"", ""cq_token_count"": 3, ""covered_token_count"": 0, ""token_recall"": 0.0, ""covered"": false}, {""cq_index"": 2, ""cq_text"": ""What information can be provided about the typical location of a ship?"", ""cq_token_count"": 5, ""covered_token_count"": 0, ""token_recall"": 0.0, ""covered"": false}, {""cq_index"": 3, ""cq_text"": ""Who can be the owner of a ship?"", ""cq_token_count"": 2, ""covered_token_count"": 0, ""token_recall"": 0.0, ""covered"": false}, {""cq_index"": 4, ""cq_text"": ""How is a ship's average speed over ground specified?"", ""cq_token_count"": 6, ""covered_token_count"": 0, ""token_recall"": 0.0, ""covered"": false}, {""cq_index"": 5, ""cq_text"": ""How many container ships are registered under the German flag?"", ""cq_token_count"": 7, ""covered_token_count"": 0, ""token_recall"": 0.0, ""covered"": false}, {""cq_index"": 6, ""cq_text"": ""How is the GPS antenna placed relatively to the ship's structure (bow, stern, port, starboard)?"", ""cq_token_count"": 10, ""covered_token_count"": 0, ""token_recall"": 0.0, ""covered"": false}, {""cq_index"": 7, ""cq_text"": ""Which organization owns the most ships?"", ""cq_token_count"": 4, ""covered_token_count"": 0, ""token_recall"": 0.0, ""covered"": false}, {""cq_index"": 8, ""cq_text"": ""What information can be provided about a ship route?"", ""cq_token_count"": 4, ""covered_token_count"": 0, ""token_recall"": 0.0, ""covered"": false}, {""cq_index"": 9, ""cq_text"": ""What information is known about a single trajectory part?"", ""cq_token_count"": 5, ""covered_token_count"": 0, ""token_recall"": 0.0, ""covered"": false}, {""cq_index"": 10, ""cq_text"": ""What types of trajectories are distinguished?"", ""cq_token_count"": 2, ""covered_token_count"": 0, ""token_recall"": 0.0, ""covered"": false}, {""cq_index"": 11, ""cq_text"": ""What unit does the draught of a ship have?"", ""cq_token_count"": 3, ""covered_token_count"": 0, ""token_recall"": 0.0, ""covered"": false}, {""cq_index"": 12, ""cq_text"": ""What was the average speed over ground of the ship on route on day X?"", ""cq_token_count"": 7, ""covered_token_count"": 0, ""token_recall"": 0.0, ""covered"": false}, {""cq_index"": 13, ""cq_text"": ""What route is predicted for ship X?"", ""cq_token_count"": 3, ""covered_token_count"": 0, ""token_recall"": 0.0, ""covered"": false}, {""cq_index"": 14, ""cq_text"": ""What types of engines are used in ships?"", ""cq_token_count"": 2, ""covered_token_count"": 0, ""token_recall"": 0.0, ""covered"": false}, {""cq_index"": 15, ""cq_text"": ""What combinations of engines can exist?"", ""cq_token_count"": 3, ""covered_token_count"": 0, ""token_recall"": 0.0, ""covered"": false}, {""cq_index"": 16, ""cq_text"": ""What powers these ship engines?"", ""cq_token_count"": 4, ""covered_token_count"": 0, ""token_recall"": 0.0, ""covered"": false}, {""cq_index"": 17, ""cq_text"": ""What is driven by ship engines?"", ""cq_token_count"": 3, ""covered_token_count"": 0, ""token_recall"": 0.0, ""covered"": false}, {""cq_index"": 18, ""cq_text"": ""What types of propulsion systems can ships have?"", ""cq_token_count"": 3, ""covered_token_count"": 0, ""token_recall"": 0.0, ""covered"": false}, {""cq_index"": 19, ""cq_text"": ""What propulsion systems don't rely on an engine?"", ""cq_token_count"": 5, ""covered_token_count"": 0, ""token_recall"": 0.0, ""covered"": false}, {""cq_index"": 20, ""cq_text"": ""Which propulsion technologies are used by each individual propulsion system?"", ""cq_token_count"": 4, ""covered_token_count"": 0, ""token_recall"": 0.0, ""covered"": false}, {""cq_index"": 21, ""cq_text"": ""What falls under the category of propulsion technologies powered by engines?"", ""cq_token_count"": 7, ""covered_token_count"": 0, ""token_recall"": 0.0, ""covered"": false}, {""cq_index"": 22, ""cq_text"": ""What types of jet propulsors exist?"", ""cq_token_count"": 3, ""covered_token_count"": 0, ""token_recall"": 0.0, ""covered"": false}, {""cq_index"": 23, ""cq_text"": ""What types of bladed propulsors exist?"", ""cq_token_count"": 3, ""covered_token_count"": 0, ""token_recall"": 0.0, ""covered"": false}, {""cq_index"": 24, ""cq_text"": ""What types of blade propulsors follow a special design?"", ""cq_token_count"": 5, ""covered_token_count"": 0, ""token_recall"": 0.0, ""covered"": false}, {""cq_index"": 25, ""cq_text"": ""What properties describe a bladed propulsor?"", ""cq_token_count"": 4, ""covered_token_count"": 0, ""token_recall"": 0.0, ""covered"": false}, {""cq_index"": 26, ""cq_text"": ""What types of screw propellers can be used?"", ""cq_token_count"": 2, ""covered_token_count"": 0, ""token_recall"": 0.0, ""covered"": false}, {""cq_index"": 27, ""cq_text"": ""What is used to prevent cavitation on technologies for motorized propulsion?"", ""cq_token_count"": 5, ""covered_token_count"": 0, ""token_recall"": 0.0, ""covered"": false}, {""cq_index"": 28, ""cq_text"": ""What type of sails exist?"", ""cq_token_count"": 2, ""covered_token_count"": 0, ""token_recall"": 0.0, ""covered"": false}, {""cq_index"": 29, ""cq_text"": ""Which type of propulsion technologies can assist a motorized ship?"", ""cq_token_count"": 5, ""covered_token_count"": 0, ""token_recall"": 0.0, ""covered"": false}, {""cq_index"": 30, ""cq_text"": ""What fuel does ship X use to drive?"", ""cq_token_count"": 3, ""covered_token_count"": 0, ""token_recall"": 0.0, ""covered"": false}, {""cq_index"": 31, ""cq_text"": ""How many engines power ship X?"", ""cq_token_count"": 4, ""covered_token_count"": 0, ""token_recall"": 0.0, ""covered"": false}, {""cq_index"": 32, ""cq_text"": ""What types of propellers are installed on ship X?"", ""cq_token_count"": 3, ""covered_token_count"": 0, ""token_recall"": 0.0, ""covered"": false}, {""cq_index"": 33, ""cq_text"": ""What is the most common type of propeller?"", ""cq_token_count"": 3, ""covered_token_count"": 0, ""token_recall"": 0.0, ""covered"": false}, {""cq_index"": 34, ""cq_text"": ""How many ships have sails?"", ""cq_token_count"": 3, ""covered_token_count"": 0, ""token_recall"": 0.0, ""covered"": false}, {""cq_index"": 35, ""cq_text"": ""Which ships use electric engines exclusively?"", ""cq_token_count"": 4, ""covered_token_count"": 0, ""token_recall"": 0.0, ""covered"": false}, {""cq_index"": 36, ""cq_text"": ""What motorized propulsion does a ship use that is assisted by wind propulsion?"", ""cq_token_count"": 5, ""covered_token_count"": 0, ""token_recall"": 0.0, ""covered"": false}, {""cq_index"": 37, ""cq_text"": ""How many supercavitating propellers does ship X use?"", ""cq_token_count"": 4, ""covered_token_count"": 0, ""token_recall"": 0.0, ""covered"": false}, {""cq_index"": 38, ""cq_text"": ""What diameter and how many blades does the fixed pitch propeller Y of ship X have?"", ""cq_token_count"": 7, ""covered_token_count"": 0, ""token_recall"": 0.0, ""covered"": false}, {""cq_index"": 39, ""cq_text"": ""What is the least utilized wind assisted propulsion system?"", ""cq_token_count"": 6, ""covered_token_count"": 0, ""token_recall"": 0.0, ""covered"": false}, {""cq_index"": 40, ""cq_text"": ""What different kinds of data can be used to represent a ship?"", ""cq_token_count"": 5, ""covered_token_count"": 0, ""token_recall"": 0.0, ""covered"": false}, {""cq_index"": 41, ""cq_text"": ""How is sonar data of ships stored?"", ""cq_token_count"": 4, ""covered_token_count"": 0, ""token_recall"": 0.0, ""covered"": false}, {""cq_index"": 42, ""cq_text"": ""What image resources are available for a ship?"", ""cq_token_count"": 4, ""covered_token_count"": 0, ""token_recall"": 0.0, ""covered"": false}, {""cq_index"": 43, ""cq_text"": ""What textual information about a ship is available?"", ""cq_token_count"": 4, ""covered_token_count"": 0, ""token_recall"": 0.0, ""covered"": false}, {""cq_index"": 44, ""cq_text"": ""What does ship X look like?"", ""cq_token_count"": 3, ""covered_token_count"": 0, ""token_recall"": 0.0, ""covered"": false}, {""cq_index"": 45, ""cq_text"": ""How does ship X sound like on a sonar?"", ""cq_token_count"": 4, ""covered_token_count"": 0, ""token_recall"": 0.0, ""covered"": false}, {""cq_index"": 46, ""cq_text"": ""What is the textual description of ship X?"", ""cq_token_count"": 3, ""covered_token_count"": 0, ""token_recall"": 0.0, ""covered"": false}, {""cq_index"": 47, ""cq_text"": ""Are there ships without sonar signatures?"", ""cq_token_count"": 5, ""covered_token_count"": 0, ""token_recall"": 0.0, ""covered"": false}]",0,109,0.0,0.0,True,0,1,0,8,0.0,0.0,0.0,0.0,0.0,0.0,0.0,0.0,0.0,[],[]
meta-llama_Llama-2-70b-chat-hf,scenario-cq-reasoning,2025-149-01,False,Could not parse ontology.ttl in turtle/xml/n3 formats.,0,False,False,False,0,0,0,0,0.0,0.0,0.0,False,False,25,0.0,0.0,"[{""cq_index"": 0, ""cq_text"": ""Can the ontology represent a relational database as a first-class schema entity?"", ""cq_token_count"": 8, ""covered_token_count"": 0, ""token_recall"": 0.0, ""covered"": false}, {""cq_index"": 1, ""cq_text"": ""Can the ontology represent tables belonging to a database?"", ""cq_token_count"": 5, ""covered_token_count"": 0, ""token_recall"": 0.0, ""covered"": false}, {""cq_index"": 2, ""cq_text"": ""Can the ontology represent columns belonging to a table?"", ""cq_token_count"": 5, ""covered_token_count"": 0, ""token_recall"": 0.0, ""covered"": false}, {""cq_index"": 3, ""cq_text"": ""Can the ontology represent primary-key relationships in the schema?"", ""cq_token_count"": 6, ""covered_token_count"": 0, ""token_recall"": 0.0, ""covered"": false}, {""cq_index"": 4, ""cq_text"": ""Can the ontology represent foreign-key relationships and distinguish same-named columns across different tables when they are not semantically linked?"", ""cq_token_count"": 15, ""covered_token_count"": 0, ""token_recall"": 0.0, ""covered"": false}, {""cq_index"": 5, ""cq_text"": ""Can the ontology define a policy for a specific agent?"", ""cq_token_count"": 5, ""covered_token_count"": 0, ""token_recall"": 0.0, ""covered"": false}, {""cq_index"": 6, ""cq_text"": ""Can a policy specify a high-level ReadAction?"", ""cq_token_count"": 5, ""covered_token_count"": 0, ""token_recall"": 0.0, ""covered"": false}, {""cq_index"": 7, ""cq_text"": ""Can a policy specify a high-level ModifyAction?"", ""cq_token_count"": 5, ""covered_token_count"": 0, ""token_recall"": 0.0, ""covered"": false}, {""cq_index"": 8, ""cq_text"": ""Can a policy specify a ViewActionScope for read operations?"", ""cq_token_count"": 5, ""covered_token_count"": 0, ""token_recall"": 0.0, ""covered"": false}, {""cq_index"": 9, ""cq_text"": ""Can a policy specify a ProcessActionScope for read operations?"", ""cq_token_count"": 5, ""covered_token_count"": 0, ""token_recall"": 0.0, ""covered"": false}, {""cq_index"": 10, ""cq_text"": ""Can a policy be defined at table level?"", ""cq_token_count"": 4, ""covered_token_count"": 0, ""token_recall"": 0.0, ""covered"": false}, {""cq_index"": 11, ""cq_text"": ""Can a policy be defined at column level?"", ""cq_token_count"": 4, ""covered_token_count"": 0, ""token_recall"": 0.0, ""covered"": false}, {""cq_index"": 12, ""cq_text"": ""Can a policy be defined at row level using conditions?"", ""cq_token_count"": 5, ""covered_token_count"": 0, ""token_recall"": 0.0, ""covered"": false}, {""cq_index"": 13, ""cq_text"": ""Can the ontology express a prohibited modify action on a table?"", ""cq_token_count"": 6, ""covered_token_count"": 0, ""token_recall"": 0.0, ""covered"": false}, {""cq_index"": 14, ""cq_text"": ""Can the ontology express a table-level read prohibition for processing?"", ""cq_token_count"": 7, ""covered_token_count"": 0, ""token_recall"": 0.0, ""covered"": false}, {""cq_index"": 15, ""cq_text"": ""Can the ontology express a table-level read prohibition for viewing?"", ""cq_token_count"": 7, ""covered_token_count"": 0, ""token_recall"": 0.0, ""covered"": false}, {""cq_index"": 16, ""cq_text"": ""Can the ontology express a conditional row-level read restriction for later enforcement?"", ""cq_token_count"": 9, ""covered_token_count"": 0, ""token_recall"": 0.0, ""covered"": false}, {""cq_index"": 17, ""cq_text"": ""Can the ontology represent a SQL query as an AST-based semantic graph?"", ""cq_token_count"": 8, ""covered_token_count"": 0, ""token_recall"": 0.0, ""covered"": false}, {""cq_index"": 18, ""cq_text"": ""Can a SQL statement such as SelectStatement or UpdateStatement be mapped to its semantic action type?"", ""cq_token_count"": 8, ""covered_token_count"": 0, ""token_recall"": 0.0, ""covered"": false}, {""cq_index"": 19, ""cq_text"": ""Can a query statement be linked to the executing agent?"", ""cq_token_count"": 5, ""covered_token_count"": 0, ""token_recall"": 0.0, ""covered"": false}, {""cq_index"": 20, ""cq_text"": ""Can SQL clauses be assigned operational scopes such as view or process?"", ""cq_token_count"": 8, ""covered_token_count"": 0, ""token_recall"": 0.0, ""covered"": false}, {""cq_index"": 21, ""cq_text"": ""Can scope be propagated to reference nodes as an effectiveActionScope?"", ""cq_token_count"": 5, ""covered_token_count"": 0, ""token_recall"": 0.0, ""covered"": false}, {""cq_index"": 22, ""cq_text"": ""Can a TableRef in the query be linked to its corresponding schema Table?"", ""cq_token_count"": 6, ""covered_token_count"": 0, ""token_recall"": 0.0, ""covered"": false}, {""cq_index"": 23, ""cq_text"": ""Can a ColumnRef in the query be linked to its corresponding schema Column?"", ""cq_token_count"": 6, ""covered_token_count"": 0, ""token_recall"": 0.0, ""covered"": false}, {""cq_index"": 24, ""cq_text"": ""Can the reasoner infer whether a referenced table or column is Violated or RowTag based on the matching policy, action, and scope?"", ""cq_token_count"": 13, ""covered_token_count"": 0, ""token_recall"": 0.0, ""covered"": false}]",0,10,0.0,0.0,True,0,48,0,41,0.0,0.0,0.0,0.0,0.0,0.0,0.0,0.0,0.0,[],[]
meta-llama_Llama-2-70b-chat-hf,scenario-cq-reasoning,2025-150-01,True,,54,True,True,True,15,2,0,0,1.0,1.0,0.0,True,True,32,0.5,0.3687,"[{""cq_index"": 0, ""cq_text"": ""Which MQTT Clients are connected to which Broker?"", ""cq_token_count"": 4, ""covered_token_count"": 2, ""token_recall"": 0.5, ""covered"": true}, {""cq_index"": 1, ""cq_text"": ""Which MQTT NetworkConnections exist, are they TLS-secured, and who initiated/accepted them?"", ""cq_token_count"": 9, ""covered_token_count"": 1, ""token_recall"": 0.1111, ""covered"": false}, {""cq_index"": 2, ""cq_text"": ""Which MQTT participants (Clients/Brokers) use which MQTT NetworkConnections?"", ""cq_token_count"": 5, ""covered_token_count"": 1, ""token_recall"": 0.2, ""covered"": false}, {""cq_index"": 3, ""cq_text"": ""Which MQTT Clients with which ClientIDs run on which SOSA platforms?"", ""cq_token_count"": 6, ""covered_token_count"": 2, ""token_recall"": 0.3333, ""covered"": false}, {""cq_index"": 4, ""cq_text"": ""Which MQTT Clients are hosting which SOSA systems (sensors/actuators)?"", ""cq_token_count"": 7, ""covered_token_count"": 2, ""token_recall"": 0.2857, ""covered"": false}, {""cq_index"": 5, ""cq_text"": ""What host/port is a MQTT Broker configured with?"", ""cq_token_count"": 5, ""covered_token_count"": 2, ""token_recall"": 0.4, ""covered"": true}, {""cq_index"": 6, ""cq_text"": ""Which SOSA sensors publish to which MQTT Topics (observations)?"", ""cq_token_count"": 6, ""covered_token_count"": 3, ""token_recall"": 0.5, ""covered"": true}, {""cq_index"": 7, ""cq_text"": ""Which SOSA actuators listen to which MQTT Topics (commands)?"", ""cq_token_count"": 6, ""covered_token_count"": 2, ""token_recall"": 0.3333, ""covered"": false}, {""cq_index"": 8, ""cq_text"": ""Which SOSA FeaturesOfInterest, Properties etc. appear as MQTT TopicSubjects and on which MQTT Topics?"", ""cq_token_count"": 8, ""covered_token_count"": 2, ""token_recall"": 0.25, ""covered"": false}, {""cq_index"": 9, ""cq_text"": ""Which MQTT Topic Filters match a given MQTT Topic?"", ""cq_token_count"": 4, ""covered_token_count"": 2, ""token_recall"": 0.5, ""covered"": true}, {""cq_index"": 10, ""cq_text"": ""Which MQTT Topics are matched by a given MQTT Topic Filter?"", ""cq_token_count"": 5, ""covered_token_count"": 3, ""token_recall"": 0.6, ""covered"": true}, {""cq_index"": 11, ""cq_text"": ""Which MQTT filter patterns (with wildcards) are stored?"", ""cq_token_count"": 5, ""covered_token_count"": 2, ""token_recall"": 0.4, ""covered"": true}, {""cq_index"": 12, ""cq_text"": ""Which MQTT Clients send which MQTT Control Packets?"", ""cq_token_count"": 5, ""covered_token_count"": 2, ""token_recall"": 0.4, ""covered"": true}, {""cq_index"": 13, ""cq_text"": ""Which MQTT PUBLISH/SUBSCRIBE/UNSUBSCRIBE packets were sent (specializations)?"", ""cq_token_count"": 7, ""covered_token_count"": 4, ""token_recall"": 0.5714, ""covered"": true}, {""cq_index"": 14, ""cq_text"": ""Which MQTT Brokers receive/forward which MQTT Control Packets?"", ""cq_token_count"": 6, ""covered_token_count"": 2, ""token_recall"": 0.3333, ""covered"": false}, {""cq_index"": 15, ""cq_text"": ""Which MQTT Control Packets were sent by which Client (inverse)?"", ""cq_token_count"": 6, ""covered_token_count"": 3, ""token_recall"": 0.5, ""covered"": true}, {""cq_index"": 16, ""cq_text"": ""Which MQTT Publish packets carry Observations for a specific SOSA FeatureOfInterest or Property?"", ""cq_token_count"": 9, ""covered_token_count"": 4, ""token_recall"": 0.4444, ""covered"": true}, {""cq_index"": 17, ""cq_text"": ""Which MQTT SUBSCRIBE packets request QoS=2 and for which filters?"", ""cq_token_count"": 6, ""covered_token_count"": 2, ""token_recall"": 0.3333, ""covered"": false}, {""cq_index"": 18, ""cq_text"": ""Which MQTT UNSUBSCRIBE packets remove all filters under a certain path (e.g. 'factory/centering/#')?"", ""cq_token_count"": 10, ""covered_token_count"": 2, ""token_recall"": 0.2, ""covered"": false}, {""cq_index"": 19, ""cq_text"": ""Which MQTT Control Packet has which Fixed Header / Variable Header / Payload?"", ""cq_token_count"": 7, ""covered_token_count"": 3, ""token_recall"": 0.4286, ""covered"": true}, {""cq_index"": 20, ""cq_text"": ""Which MQTT PUBLISH packet has which MQTT Topic (name) in the Variable Header?"", ""cq_token_count"": 7, ""covered_token_count"": 4, ""token_recall"": 0.5714, ""covered"": true}, {""cq_index"": 21, ""cq_text"": ""Which QoS levels are set (in PUBLISH Fixed Header or SubscriptionEntry)?"", ""cq_token_count"": 7, ""covered_token_count"": 1, ""token_recall"": 0.1429, ""covered"": false}, {""cq_index"": 22, ""cq_text"": ""Are RETAIN/DUP flags set in PUBLISH?"", ""cq_token_count"": 5, ""covered_token_count"": 1, ""token_recall"": 0.2, ""covered"": false}, {""cq_index"": 23, ""cq_text"": ""Which MQTT Control Packets have which PacketIdentifier?"", ""cq_token_count"": 4, ""covered_token_count"": 2, ""token_recall"": 0.5, ""covered"": true}, {""cq_index"": 24, ""cq_text"": ""Which MQTT SUBSCRIBE payloads contain which SubscriptionEntries?"", ""cq_token_count"": 5, ""covered_token_count"": 2, ""token_recall"": 0.4, ""covered"": true}, {""cq_index"": 25, ""cq_text"": ""Which MQTT Topic Filters (with QoS) are requested by a SubscriptionEntry?"", ""cq_token_count"": 6, ""covered_token_count"": 2, ""token_recall"": 0.3333, ""covered"": false}, {""cq_index"": 26, ""cq_text"": ""Which MQTT UNSUBSCRIBE payloads remove which MQTT TopicFilters?"", ""cq_token_count"": 5, ""covered_token_count"": 2, ""token_recall"": 0.4, ""covered"": true}, {""cq_index"": 27, ""cq_text"": ""Which MQTT PUBLISH payloads encode SOSA Observations (or Observation Collections)?"", ""cq_token_count"": 8, ""covered_token_count"": 4, ""token_recall"": 0.5, ""covered"": true}, {""cq_index"": 28, ""cq_text"": ""Which MQTT PUBLISH payloads encode SOSA Actuations (or Actuation Collections)?"", ""cq_token_count"": 8, ""covered_token_count"": 3, ""token_recall"": 0.375, ""covered"": false}, {""cq_index"": 29, ""cq_text"": ""Which fields are encoded in a MQTT payload?"", ""cq_token_count"": 4, ""covered_token_count"": 1, ""token_recall"": 0.25, ""covered"": false}, {""cq_index"": 30, ""cq_text"": ""What content, content type, encoding and delimiter does a MQTT PUBLISH payload have?"", ""cq_token_count"": 6, ""covered_token_count"": 2, ""token_recall"": 0.3333, ""covered"": false}, {""cq_index"": 31, ""cq_text"": ""What is the size of a MQTT payload (as QUDT QuantityValue with unit)?"", ""cq_token_count"": 6, ""covered_token_count"": 1, ""token_recall"": 0.1667, ""covered"": false}]",42,60,0.0833,0.6667,True,15,9,2,11,0.0,0.0,0.0,0.0,0.0,0.0,0.0,0.0,0.0,[],[]
meta-llama_Llama-2-70b-chat-hf,scenario-cq-reasoning,2025-151-01,False,Could not parse ontology.ttl in turtle/xml/n3 formats.,0,False,False,False,0,0,0,0,0.0,0.0,0.0,False,False,5,1.0,0.8333,"[{""cq_index"": 0, ""cq_text"": ""What is the requested action?"", ""cq_token_count"": 2, ""covered_token_count"": 2, ""token_recall"": 1.0, ""covered"": true}, {""cq_index"": 1, ""cq_text"": ""Who is the party issuing the evaluation request?"", ""cq_token_count"": 4, ""covered_token_count"": 4, ""token_recall"": 1.0, ""covered"": true}, {""cq_index"": 2, ""cq_text"": ""What is the target asset of the evaluation request?"", ""cq_token_count"": 4, ""covered_token_count"": 4, ""token_recall"": 1.0, ""covered"": true}, {""cq_index"": 3, ""cq_text"": ""When was the evaluation request issued?"", ""cq_token_count"": 3, ""covered_token_count"": 2, ""token_recall"": 0.6667, ""covered"": true}, {""cq_index"": 4, ""cq_text"": ""What additional contextual information can be included in the evaluation request to further constrain it?"", ""cq_token_count"": 8, ""covered_token_count"": 4, ""token_recall"": 0.5, ""covered"": true}]",23,25,0.36,0.5217,True,0,1,0,5,0.0,0.0,0.0,0.0,0.0,0.0,0.0,0.0,0.0,[],[]
meta-llama_Llama-2-70b-chat-hf,scenario-cq-reasoning,2025-151-02,False,Could not parse ontology.ttl in turtle/xml/n3 formats.,0,False,False,False,0,0,0,0,0.0,0.0,0.0,False,False,10,0.7,0.4636,"[{""cq_index"": 0, ""cq_text"": ""What is the current time?"", ""cq_token_count"": 2, ""covered_token_count"": 0, ""token_recall"": 0.0, ""covered"": false}, {""cq_index"": 1, ""cq_text"": ""What is the location of a party?"", ""cq_token_count"": 2, ""covered_token_count"": 1, ""token_recall"": 0.5, ""covered"": true}, {""cq_index"": 2, ""cq_text"": ""What assets are part of the asset collection of the policy that is being evaluated?"", ""cq_token_count"": 7, ""covered_token_count"": 4, ""token_recall"": 0.5714, ""covered"": true}, {""cq_index"": 3, ""cq_text"": ""Which parties are part of the party collection of the policy that is being evaluated?"", ""cq_token_count"": 7, ""covered_token_count"": 5, ""token_recall"": 0.7143, ""covered"": true}, {""cq_index"": 4, ""cq_text"": ""What actions were already performed or attempted?"", ""cq_token_count"": 4, ""covered_token_count"": 0, ""token_recall"": 0.0, ""covered"": false}, {""cq_index"": 5, ""cq_text"": ""How many times has a rule been exercised?"", ""cq_token_count"": 4, ""covered_token_count"": 2, ""token_recall"": 0.5, ""covered"": true}, {""cq_index"": 6, ""cq_text"": ""What information is available about an event that has occurred?"", ""cq_token_count"": 4, ""covered_token_count"": 3, ""token_recall"": 0.75, ""covered"": true}, {""cq_index"": 7, ""cq_text"": ""How long has a rule been exercised?"", ""cq_token_count"": 3, ""covered_token_count"": 2, ""token_recall"": 0.6667, ""covered"": true}, {""cq_index"": 8, ""cq_text"": ""Which recipients or categories of recipients can receive the result of the rule that has been exercised?"", ""cq_token_count"": 6, ""covered_token_count"": 2, ""token_recall"": 0.3333, ""covered"": false}, {""cq_index"": 9, ""cq_text"": ""Has a financial payment been made? What was the amount paid?"", ""cq_token_count"": 5, ""covered_token_count"": 3, ""token_recall"": 0.6, ""covered"": true}]",44,23,0.3478,0.5227,True,0,1,0,0,0.0,0.0,0.0,0.0,0.0,0.0,0.0,1.0,0.0,[],[]
meta-llama_Llama-2-70b-chat-hf,scenario-cq-reasoning,2025-153-01,False,Could not parse ontology.ttl in turtle/xml/n3 formats.,0,False,False,False,0,0,0,0,0.0,0.0,0.0,True,False,8,0.0,0.0,"[{""cq_index"": 0, ""cq_text"": ""Which entity does a persistent identifier currently reference?"", ""cq_token_count"": 5, ""covered_token_count"": 0, ""token_recall"": 0.0, ""covered"": false}, {""cq_index"": 1, ""cq_text"": ""Which entity was referenced at a past timestamp?"", ""cq_token_count"": 4, ""covered_token_count"": 0, ""token_recall"": 0.0, ""covered"": false}, {""cq_index"": 2, ""cq_text"": ""When did referent transitions occur?"", ""cq_token_count"": 3, ""covered_token_count"": 0, ""token_recall"": 0.0, ""covered"": false}, {""cq_index"": 3, ""cq_text"": ""What observations are associated with specific referents?"", ""cq_token_count"": 4, ""covered_token_count"": 0, ""token_recall"": 0.0, ""covered"": false}, {""cq_index"": 4, ""cq_text"": ""What is the full sequence of referents over time?"", ""cq_token_count"": 5, ""covered_token_count"": 0, ""token_recall"": 0.0, ""covered"": false}, {""cq_index"": 5, ""cq_text"": ""Which rules triggered specific transitions?"", ""cq_token_count"": 4, ""covered_token_count"": 0, ""token_recall"": 0.0, ""covered"": false}, {""cq_index"": 6, ""cq_text"": ""Are there gaps or overlaps in temporal bindings?"", ""cq_token_count"": 5, ""covered_token_count"": 0, ""token_recall"": 0.0, ""covered"": false}, {""cq_index"": 7, ""cq_text"": ""Can complete context be rebuilt for any time point?"", ""cq_token_count"": 5, ""covered_token_count"": 0, ""token_recall"": 0.0, ""covered"": false}]",0,119,0.0,0.0,True,0,11,0,22,0.0,0.0,0.0,0.0,0.0,0.0,0.0,0.0,0.0,[],[]
meta-llama_Llama-2-70b-chat-hf,scenario-cq-reasoning,2026-155-01,False,Could not parse ontology.ttl in turtle/xml/n3 formats.,0,False,False,False,0,0,0,0,0.0,0.0,0.0,False,False,8,0.75,0.6235,"[{""cq_index"": 0, ""cq_text"": ""Which survey or investigation activities were performed on a given cultural property or on a specific feature of interest?"", ""cq_token_count"": 9, ""covered_token_count"": 6, ""token_recall"": 0.6667, ""covered"": true}, {""cq_index"": 1, ""cq_text"": ""Which method or investigation technique was adopted in a specific survey or investigation activity?"", ""cq_token_count"": 7, ""covered_token_count"": 7, ""token_recall"": 1.0, ""covered"": true}, {""cq_index"": 2, ""cq_text"": ""Which observations were produced during a given survey or investigation activity?"", ""cq_token_count"": 6, ""covered_token_count"": 6, ""token_recall"": 1.0, ""covered"": true}, {""cq_index"": 3, ""cq_text"": ""Which experts participated in the survey or investigation activity, and with which roles?"", ""cq_token_count"": 6, ""covered_token_count"": 3, ""token_recall"": 0.5, ""covered"": true}, {""cq_index"": 4, ""cq_text"": ""Which hardware, software, and technical configurations were used to conduct a specific survey or investigation activity?"", ""cq_token_count"": 9, ""covered_token_count"": 9, ""token_recall"": 1.0, ""covered"": true}, {""cq_index"": 5, ""cq_text"": ""What interpretations or claims are supported by the observations produced during a survey?"", ""cq_token_count"": 7, ""covered_token_count"": 4, ""token_recall"": 0.5714, ""covered"": true}, {""cq_index"": 6, ""cq_text"": ""How are post-processed outputs (e.g., interactive images, spectra, datasets) related to the underlying acquisition or observation activities?"", ""cq_token_count"": 12, ""covered_token_count"": 1, ""token_recall"": 0.0833, ""covered"": false}, {""cq_index"": 7, ""cq_text"": ""Which acquisition parameters (e.g., exposure time, ISO, aperture) characterised a specific photographic acquisition cycle within a survey?"", ""cq_token_count"": 12, ""covered_token_count"": 2, ""token_recall"": 0.1667, ""covered"": false}]",42,20,0.5,0.4286,True,0,22,0,32,0.0,0.0,0.0,0.0,0.0,0.0,0.0,0.0,0.0,[],[]
meta-llama_Llama-2-70b-chat-hf,scenario-only,2023-133-01,True,,33,True,True,True,5,0,0,0,1.0,1.0,0.0,True,True,4,0.75,0.6875,"[{""cq_index"": 0, ""cq_text"": ""What events are responsible for the pavement being slippery?"", ""cq_token_count"": 5, ""covered_token_count"": 4, ""token_recall"": 0.8, ""covered"": true}, {""cq_index"": 1, ""cq_text"": ""What would be the outcome of turning the sprinkler system on(off)?"", ""cq_token_count"": 5, ""covered_token_count"": 1, ""token_recall"": 0.2, ""covered"": false}, {""cq_index"": 2, ""cq_text"": ""How strong is the causal link between the sprinkler being on and the pavement being wet?"", ""cq_token_count"": 8, ""covered_token_count"": 6, ""token_recall"": 0.75, ""covered"": true}, {""cq_index"": 3, ""cq_text"": ""What if the pavement is not wet, how would it effect the pavement being slippery?"", ""cq_token_count"": 5, ""covered_token_count"": 5, ""token_recall"": 1.0, ""covered"": true}]",19,41,0.4146,0.1053,True,5,5,0,5,0.0,0.0,0.0,0.0,0.0,0.0,0.0,0.0,0.0,[],[]
meta-llama_Llama-2-70b-chat-hf,scenario-only,2023-133-02,False,Could not parse ontology.ttl in turtle/xml/n3 formats.,0,False,False,False,0,0,0,0,0.0,0.0,0.0,True,False,6,1.0,0.5139,"[{""cq_index"": 0, ""cq_text"": ""Is the medication intake by the patient caused by the presence of outdoor environmental allergen such as pollen or AQI?"", ""cq_token_count"": 11, ""covered_token_count"": 6, ""token_recall"": 0.5455, ""covered"": true}, {""cq_index"": 1, ""cq_text"": ""How much does the presence of an asthma symptom effect the intake of medication?"", ""cq_token_count"": 7, ""covered_token_count"": 4, ""token_recall"": 0.5714, ""covered"": true}, {""cq_index"": 2, ""cq_text"": ""How does an outdoor environmental allergen affect the patient?"", ""cq_token_count"": 5, ""covered_token_count"": 2, ""token_recall"": 0.4, ""covered"": true}, {""cq_index"": 3, ""cq_text"": ""What is the probable cause of the cough experienced by the patient?"", ""cq_token_count"": 5, ""covered_token_count"": 2, ""token_recall"": 0.4, ""covered"": true}, {""cq_index"": 4, ""cq_text"": ""What if pollen (or AQI) allergen was not present in the outdoor environment, how would it effect the intake of medication?"", ""cq_token_count"": 9, ""covered_token_count"": 6, ""token_recall"": 0.6667, ""covered"": true}, {""cq_index"": 5, ""cq_text"": ""What if the patient did not experience a cough, how would it effect the intake of medication?"", ""cq_token_count"": 6, ""covered_token_count"": 3, ""token_recall"": 0.5, ""covered"": true}]",51,60,0.3,0.6078,True,0,5,0,5,0.0,0.0,0.0,0.0,0.0,0.0,0.0,0.0,0.0,[],[]
meta-llama_Llama-2-70b-chat-hf,scenario-only,2023-134-01,False,Could not parse ontology.ttl in turtle/xml/n3 formats.,0,False,False,False,0,0,0,0,0.0,0.0,0.0,True,False,8,0.75,0.4813,"[{""cq_index"": 0, ""cq_text"": ""What is the unique identifier of the policy?"", ""cq_token_count"": 3, ""covered_token_count"": 1, ""token_recall"": 0.3333, ""covered"": false}, {""cq_index"": 1, ""cq_text"": ""Who is the creator of the policy?"", ""cq_token_count"": 2, ""covered_token_count"": 1, ""token_recall"": 0.5, ""covered"": true}, {""cq_index"": 2, ""cq_text"": ""When was the policy issued?"", ""cq_token_count"": 2, ""covered_token_count"": 1, ""token_recall"": 0.5, ""covered"": true}, {""cq_index"": 3, ""cq_text"": ""Who is the assignee of the policy?"", ""cq_token_count"": 2, ""covered_token_count"": 1, ""token_recall"": 0.5, ""covered"": true}, {""cq_index"": 4, ""cq_text"": ""What application/service is being used to access the data?"", ""cq_token_count"": 5, ""covered_token_count"": 3, ""token_recall"": 0.6, ""covered"": true}, {""cq_index"": 5, ""cq_text"": ""What access mode is being requested?"", ""cq_token_count"": 4, ""covered_token_count"": 1, ""token_recall"": 0.25, ""covered"": false}, {""cq_index"": 6, ""cq_text"": ""What personal data is being accessed?"", ""cq_token_count"": 4, ""covered_token_count"": 2, ""token_recall"": 0.5, ""covered"": true}, {""cq_index"": 7, ""cq_text"": ""What is the purpose for accessing the data?"", ""cq_token_count"": 3, ""covered_token_count"": 2, ""token_recall"": 0.6667, ""covered"": true}]",49,88,0.1705,0.6122,True,0,0,0,0,0.0,0.0,0.0,0.0,0.0,0.0,1.0,1.0,0.0,[],[]
meta-llama_Llama-2-70b-chat-hf,scenario-only,2023-134-02,False,Could not parse ontology.ttl in turtle/xml/n3 formats.,0,False,False,False,0,0,0,0,0.0,0.0,0.0,True,False,6,0.3333,0.3127,"[{""cq_index"": 0, ""cq_text"": ""What type of action, e.g., create, update, erase, is being performed on the data?"", ""cq_token_count"": 7, ""covered_token_count"": 1, ""token_recall"": 0.1429, ""covered"": false}, {""cq_index"": 1, ""cq_text"": ""Who is the entity interacting with the data?"", ""cq_token_count"": 3, ""covered_token_count"": 2, ""token_recall"": 0.6667, ""covered"": true}, {""cq_index"": 2, ""cq_text"": ""Who is the entity publishing the log?"", ""cq_token_count"": 3, ""covered_token_count"": 1, ""token_recall"": 0.3333, ""covered"": false}, {""cq_index"": 3, ""cq_text"": ""When was the log issued?"", ""cq_token_count"": 2, ""covered_token_count"": 0, ""token_recall"": 0.0, ""covered"": false}, {""cq_index"": 4, ""cq_text"": ""Where is the data being stored?"", ""cq_token_count"": 3, ""covered_token_count"": 1, ""token_recall"": 0.3333, ""covered"": false}, {""cq_index"": 5, ""cq_text"": ""What application/service is being used to generate the data, if any?"", ""cq_token_count"": 5, ""covered_token_count"": 2, ""token_recall"": 0.4, ""covered"": true}]",49,88,0.1705,0.6531,True,0,0,0,0,0.0,0.0,0.0,0.0,0.0,0.0,1.0,1.0,0.0,[],[]
meta-llama_Llama-2-70b-chat-hf,scenario-only,2023-134-03,False,Could not parse ontology.ttl in turtle/xml/n3 formats.,0,False,False,False,0,0,0,0,0.0,0.0,0.0,True,False,5,0.4,0.2833,"[{""cq_index"": 0, ""cq_text"": ""Who is maintaining the registry?"", ""cq_token_count"": 2, ""covered_token_count"": 0, ""token_recall"": 0.0, ""covered"": false}, {""cq_index"": 1, ""cq_text"": ""When was the registry created/updated?"", ""cq_token_count"": 3, ""covered_token_count"": 0, ""token_recall"": 0.0, ""covered"": false}, {""cq_index"": 2, ""cq_text"": ""What types of data are available?"", ""cq_token_count"": 2, ""covered_token_count"": 1, ""token_recall"": 0.5, ""covered"": true}, {""cq_index"": 3, ""cq_text"": ""Where is a specific type of data being stored?"", ""cq_token_count"": 4, ""covered_token_count"": 1, ""token_recall"": 0.25, ""covered"": false}, {""cq_index"": 4, ""cq_text"": ""What policy is associated with the data?"", ""cq_token_count"": 3, ""covered_token_count"": 2, ""token_recall"": 0.6667, ""covered"": true}]",49,88,0.1705,0.6735,True,0,0,0,0,0.0,0.0,0.0,0.0,0.0,0.0,1.0,1.0,0.0,[],[]
meta-llama_Llama-2-70b-chat-hf,scenario-only,2023-135-01,False,Could not parse ontology.ttl in turtle/xml/n3 formats.,0,False,False,False,0,0,0,0,0.0,0.0,0.0,True,False,3,0.0,0.0926,"[{""cq_index"": 0, ""cq_text"": ""Under what pseudonym did the author C. S. Lewis published a collection of poems, Spirit in Bondage?"", ""cq_token_count"": 9, ""covered_token_count"": 1, ""token_recall"": 0.1111, ""covered"": false}, {""cq_index"": 1, ""cq_text"": ""What alternative did C. S. Lewis used to assume the role of a book writer?"", ""cq_token_count"": 6, ""covered_token_count"": 1, ""token_recall"": 0.1667, ""covered"": false}, {""cq_index"": 2, ""cq_text"": ""Show the trajectories of rivers which cross national parks?"", ""cq_token_count"": 5, ""covered_token_count"": 0, ""token_recall"": 0.0, ""covered"": false}]",31,10,0.7,0.7419,True,0,5,0,13,0.0,0.0,0.0,0.0,0.0,0.0,0.0,0.0,0.0,[],[]
meta-llama_Llama-2-70b-chat-hf,scenario-only,2024-145-01,False,Could not parse ontology.ttl in turtle/xml/n3 formats.,0,False,False,False,0,0,0,0,0.0,0.0,0.0,True,False,7,0.2857,0.3024,"[{""cq_index"": 0, ""cq_text"": ""List all district courts in a given state."", ""cq_token_count"": 3, ""covered_token_count"": 0, ""token_recall"": 0.0, ""covered"": false}, {""cq_index"": 1, ""cq_text"": ""In which state is a given district court instance located?"", ""cq_token_count"": 5, ""covered_token_count"": 1, ""token_recall"": 0.2, ""covered"": false}, {""cq_index"": 2, ""cq_text"": ""How many districts are in a given state of India?"", ""cq_token_count"": 4, ""covered_token_count"": 0, ""token_recall"": 0.0, ""covered"": false}, {""cq_index"": 3, ""cq_text"": ""Which court has authority over a given court?"", ""cq_token_count"": 3, ""covered_token_count"": 1, ""token_recall"": 0.3333, ""covered"": false}, {""cq_index"": 4, ""cq_text"": ""What is the check transaction type for a bad check?"", ""cq_token_count"": 3, ""covered_token_count"": 2, ""token_recall"": 0.6667, ""covered"": true}, {""cq_index"": 5, ""cq_text"": ""When is a check payment of a bad check?"", ""cq_token_count"": 3, ""covered_token_count"": 2, ""token_recall"": 0.6667, ""covered"": true}, {""cq_index"": 6, ""cq_text"": ""What is the transaction status of a given check payment?"", ""cq_token_count"": 4, ""covered_token_count"": 1, ""token_recall"": 0.25, ""covered"": false}]",28,17,0.5294,0.6786,False,0,0,0,0,0.0,0.0,0.0,0.0,0.0,0.0,0.0,0.0,0.0,[],[]
meta-llama_Llama-2-70b-chat-hf,scenario-only,2025-147-01,True,,54,True,True,True,9,8,0,0,1.0,1.0,0.0,True,True,48,0.2292,0.2697,"[{""cq_index"": 0, ""cq_text"": ""How are ships clearly identified?"", ""cq_token_count"": 3, ""covered_token_count"": 1, ""token_recall"": 0.3333, ""covered"": false}, {""cq_index"": 1, ""cq_text"": ""How are a ship's dimensions described?"", ""cq_token_count"": 3, ""covered_token_count"": 1, ""token_recall"": 0.3333, ""covered"": false}, {""cq_index"": 2, ""cq_text"": ""What information can be provided about the typical location of a ship?"", ""cq_token_count"": 5, ""covered_token_count"": 2, ""token_recall"": 0.4, ""covered"": true}, {""cq_index"": 3, ""cq_text"": ""Who can be the owner of a ship?"", ""cq_token_count"": 2, ""covered_token_count"": 1, ""token_recall"": 0.5, ""covered"": true}, {""cq_index"": 4, ""cq_text"": ""How is a ship's average speed over ground specified?"", ""cq_token_count"": 6, ""covered_token_count"": 1, ""token_recall"": 0.1667, ""covered"": false}, {""cq_index"": 5, ""cq_text"": ""How many container ships are registered under the German flag?"", ""cq_token_count"": 7, ""covered_token_count"": 1, ""token_recall"": 0.1429, ""covered"": false}, {""cq_index"": 6, ""cq_text"": ""How is the GPS antenna placed relatively to the ship's structure (bow, stern, port, starboard)?"", ""cq_token_count"": 10, ""covered_token_count"": 1, ""token_recall"": 0.1, ""covered"": false}, {""cq_index"": 7, ""cq_text"": ""Which organization owns the most ships?"", ""cq_token_count"": 4, ""covered_token_count"": 1, ""token_recall"": 0.25, ""covered"": false}, {""cq_index"": 8, ""cq_text"": ""What information can be provided about a ship route?"", ""cq_token_count"": 4, ""covered_token_count"": 1, ""token_recall"": 0.25, ""covered"": false}, {""cq_index"": 9, ""cq_text"": ""What information is known about a single trajectory part?"", ""cq_token_count"": 5, ""covered_token_count"": 2, ""token_recall"": 0.4, ""covered"": true}, {""cq_index"": 10, ""cq_text"": ""What types of trajectories are distinguished?"", ""cq_token_count"": 2, ""covered_token_count"": 0, ""token_recall"": 0.0, ""covered"": false}, {""cq_index"": 11, ""cq_text"": ""What unit does the draught of a ship have?"", ""cq_token_count"": 3, ""covered_token_count"": 1, ""token_recall"": 0.3333, ""covered"": false}, {""cq_index"": 12, ""cq_text"": ""What was the average speed over ground of the ship on route on day X?"", ""cq_token_count"": 7, ""covered_token_count"": 1, ""token_recall"": 0.1429, ""covered"": false}, {""cq_index"": 13, ""cq_text"": ""What route is predicted for ship X?"", ""cq_token_count"": 3, ""covered_token_count"": 1, ""token_recall"": 0.3333, ""covered"": false}, {""cq_index"": 14, ""cq_text"": ""What types of engines are used in ships?"", ""cq_token_count"": 2, ""covered_token_count"": 1, ""token_recall"": 0.5, ""covered"": true}, {""cq_index"": 15, ""cq_text"": ""What combinations of engines can exist?"", ""cq_token_count"": 3, ""covered_token_count"": 0, ""token_recall"": 0.0, ""covered"": false}, {""cq_index"": 16, ""cq_text"": ""What powers these ship engines?"", ""cq_token_count"": 4, ""covered_token_count"": 1, ""token_recall"": 0.25, ""covered"": false}, {""cq_index"": 17, ""cq_text"": ""What is driven by ship engines?"", ""cq_token_count"": 3, ""covered_token_count"": 1, ""token_recall"": 0.3333, ""covered"": false}, {""cq_index"": 18, ""cq_text"": ""What types of propulsion systems can ships have?"", ""cq_token_count"": 3, ""covered_token_count"": 3, ""token_recall"": 1.0, ""covered"": true}, {""cq_index"": 19, ""cq_text"": ""What propulsion systems don't rely on an engine?"", ""cq_token_count"": 5, ""covered_token_count"": 2, ""token_recall"": 0.4, ""covered"": true}, {""cq_index"": 20, ""cq_text"": ""Which propulsion technologies are used by each individual propulsion system?"", ""cq_token_count"": 4, ""covered_token_count"": 2, ""token_recall"": 0.5, ""covered"": true}, {""cq_index"": 21, ""cq_text"": ""What falls under the category of propulsion technologies powered by engines?"", ""cq_token_count"": 7, ""covered_token_count"": 2, ""token_recall"": 0.2857, ""covered"": false}, {""cq_index"": 22, ""cq_text"": ""What types of jet propulsors exist?"", ""cq_token_count"": 3, ""covered_token_count"": 0, ""token_recall"": 0.0, ""covered"": false}, {""cq_index"": 23, ""cq_text"": ""What types of bladed propulsors exist?"", ""cq_token_count"": 3, ""covered_token_count"": 0, ""token_recall"": 0.0, ""covered"": false}, {""cq_index"": 24, ""cq_text"": ""What types of blade propulsors follow a special design?"", ""cq_token_count"": 5, ""covered_token_count"": 0, ""token_recall"": 0.0, ""covered"": false}, {""cq_index"": 25, ""cq_text"": ""What properties describe a bladed propulsor?"", ""cq_token_count"": 4, ""covered_token_count"": 1, ""token_recall"": 0.25, ""covered"": false}, {""cq_index"": 26, ""cq_text"": ""What types of screw propellers can be used?"", ""cq_token_count"": 2, ""covered_token_count"": 0, ""token_recall"": 0.0, ""covered"": false}, {""cq_index"": 27, ""cq_text"": ""What is used to prevent cavitation on technologies for motorized propulsion?"", ""cq_token_count"": 5, ""covered_token_count"": 1, ""token_recall"": 0.2, ""covered"": false}, {""cq_index"": 28, ""cq_text"": ""What type of sails exist?"", ""cq_token_count"": 2, ""covered_token_count"": 0, ""token_recall"": 0.0, ""covered"": false}, {""cq_index"": 29, ""cq_text"": ""Which type of propulsion technologies can assist a motorized ship?"", ""cq_token_count"": 5, ""covered_token_count"": 2, ""token_recall"": 0.4, ""covered"": true}, {""cq_index"": 30, ""cq_text"": ""What fuel does ship X use to drive?"", ""cq_token_count"": 3, ""covered_token_count"": 1, ""token_recall"": 0.3333, ""covered"": false}, {""cq_index"": 31, ""cq_text"": ""How many engines power ship X?"", ""cq_token_count"": 4, ""covered_token_count"": 1, ""token_recall"": 0.25, ""covered"": false}, {""cq_index"": 32, ""cq_text"": ""What types of propellers are installed on ship X?"", ""cq_token_count"": 3, ""covered_token_count"": 1, ""token_recall"": 0.3333, ""covered"": false}, {""cq_index"": 33, ""cq_text"": ""What is the most common type of propeller?"", ""cq_token_count"": 3, ""covered_token_count"": 0, ""token_recall"": 0.0, ""covered"": false}, {""cq_index"": 34, ""cq_text"": ""How many ships have sails?"", ""cq_token_count"": 3, ""covered_token_count"": 1, ""token_recall"": 0.3333, ""covered"": false}, {""cq_index"": 35, ""cq_text"": ""Which ships use electric engines exclusively?"", ""cq_token_count"": 4, ""covered_token_count"": 1, ""token_recall"": 0.25, ""covered"": false}, {""cq_index"": 36, ""cq_text"": ""What motorized propulsion does a ship use that is assisted by wind propulsion?"", ""cq_token_count"": 5, ""covered_token_count"": 2, ""token_recall"": 0.4, ""covered"": true}, {""cq_index"": 37, ""cq_text"": ""How many supercavitating propellers does ship X use?"", ""cq_token_count"": 4, ""covered_token_count"": 1, ""token_recall"": 0.25, ""covered"": false}, {""cq_index"": 38, ""cq_text"": ""What diameter and how many blades does the fixed pitch propeller Y of ship X have?"", ""cq_token_count"": 7, ""covered_token_count"": 1, ""token_recall"": 0.1429, ""covered"": false}, {""cq_index"": 39, ""cq_text"": ""What is the least utilized wind assisted propulsion system?"", ""cq_token_count"": 6, ""covered_token_count"": 2, ""token_recall"": 0.3333, ""covered"": false}, {""cq_index"": 40, ""cq_text"": ""What different kinds of data can be used to represent a ship?"", ""cq_token_count"": 5, ""covered_token_count"": 2, ""token_recall"": 0.4, ""covered"": true}, {""cq_index"": 41, ""cq_text"": ""How is sonar data of ships stored?"", ""cq_token_count"": 4, ""covered_token_count"": 2, ""token_recall"": 0.5, ""covered"": true}, {""cq_index"": 42, ""cq_text"": ""What image resources are available for a ship?"", ""cq_token_count"": 4, ""covered_token_count"": 1, ""token_recall"": 0.25, ""covered"": false}, {""cq_index"": 43, ""cq_text"": ""What textual information about a ship is available?"", ""cq_token_count"": 4, ""covered_token_count"": 1, ""token_recall"": 0.25, ""covered"": false}, {""cq_index"": 44, ""cq_text"": ""What does ship X look like?"", ""cq_token_count"": 3, ""covered_token_count"": 1, ""token_recall"": 0.3333, ""covered"": false}, {""cq_index"": 45, ""cq_text"": ""How does ship X sound like on a sonar?"", ""cq_token_count"": 4, ""covered_token_count"": 1, ""token_recall"": 0.25, ""covered"": false}, {""cq_index"": 46, ""cq_text"": ""What is the textual description of ship X?"", ""cq_token_count"": 3, ""covered_token_count"": 1, ""token_recall"": 0.3333, ""covered"": false}, {""cq_index"": 47, ""cq_text"": ""Are there ships without sonar signatures?"", ""cq_token_count"": 5, ""covered_token_count"": 1, ""token_recall"": 0.2, ""covered"": false}]",67,109,0.2202,0.5821,True,9,1,8,8,0.0,0.0,0.0,0.0,0.0,0.0,0.0,0.0,0.0,[],[]
meta-llama_Llama-2-70b-chat-hf,scenario-only,2025-149-01,False,Could not parse ontology.ttl in turtle/xml/n3 formats.,0,False,False,False,0,0,0,0,0.0,0.0,0.0,True,False,25,0.0,0.0723,"[{""cq_index"": 0, ""cq_text"": ""Can the ontology represent a relational database as a first-class schema entity?"", ""cq_token_count"": 8, ""covered_token_count"": 3, ""token_recall"": 0.375, ""covered"": false}, {""cq_index"": 1, ""cq_text"": ""Can the ontology represent tables belonging to a database?"", ""cq_token_count"": 5, ""covered_token_count"": 1, ""token_recall"": 0.2, ""covered"": false}, {""cq_index"": 2, ""cq_text"": ""Can the ontology represent columns belonging to a table?"", ""cq_token_count"": 5, ""covered_token_count"": 0, ""token_recall"": 0.0, ""covered"": false}, {""cq_index"": 3, ""cq_text"": ""Can the ontology represent primary-key relationships in the schema?"", ""cq_token_count"": 6, ""covered_token_count"": 0, ""token_recall"": 0.0, ""covered"": false}, {""cq_index"": 4, ""cq_text"": ""Can the ontology represent foreign-key relationships and distinguish same-named columns across different tables when they are not semantically linked?"", ""cq_token_count"": 15, ""covered_token_count"": 0, ""token_recall"": 0.0, ""covered"": false}, {""cq_index"": 5, ""cq_text"": ""Can the ontology define a policy for a specific agent?"", ""cq_token_count"": 5, ""covered_token_count"": 1, ""token_recall"": 0.2, ""covered"": false}, {""cq_index"": 6, ""cq_text"": ""Can a policy specify a high-level ReadAction?"", ""cq_token_count"": 5, ""covered_token_count"": 0, ""token_recall"": 0.0, ""covered"": false}, {""cq_index"": 7, ""cq_text"": ""Can a policy specify a high-level ModifyAction?"", ""cq_token_count"": 5, ""covered_token_count"": 0, ""token_recall"": 0.0, ""covered"": false}, {""cq_index"": 8, ""cq_text"": ""Can a policy specify a ViewActionScope for read operations?"", ""cq_token_count"": 5, ""covered_token_count"": 0, ""token_recall"": 0.0, ""covered"": false}, {""cq_index"": 9, ""cq_text"": ""Can a policy specify a ProcessActionScope for read operations?"", ""cq_token_count"": 5, ""covered_token_count"": 0, ""token_recall"": 0.0, ""covered"": false}, {""cq_index"": 10, ""cq_text"": ""Can a policy be defined at table level?"", ""cq_token_count"": 4, ""covered_token_count"": 0, ""token_recall"": 0.0, ""covered"": false}, {""cq_index"": 11, ""cq_text"": ""Can a policy be defined at column level?"", ""cq_token_count"": 4, ""covered_token_count"": 0, ""token_recall"": 0.0, ""covered"": false}, {""cq_index"": 12, ""cq_text"": ""Can a policy be defined at row level using conditions?"", ""cq_token_count"": 5, ""covered_token_count"": 0, ""token_recall"": 0.0, ""covered"": false}, {""cq_index"": 13, ""cq_text"": ""Can the ontology express a prohibited modify action on a table?"", ""cq_token_count"": 6, ""covered_token_count"": 0, ""token_recall"": 0.0, ""covered"": false}, {""cq_index"": 14, ""cq_text"": ""Can the ontology express a table-level read prohibition for processing?"", ""cq_token_count"": 7, ""covered_token_count"": 0, ""token_recall"": 0.0, ""covered"": false}, {""cq_index"": 15, ""cq_text"": ""Can the ontology express a table-level read prohibition for viewing?"", ""cq_token_count"": 7, ""covered_token_count"": 0, ""token_recall"": 0.0, ""covered"": false}, {""cq_index"": 16, ""cq_text"": ""Can the ontology express a conditional row-level read restriction for later enforcement?"", ""cq_token_count"": 9, ""covered_token_count"": 0, ""token_recall"": 0.0, ""covered"": false}, {""cq_index"": 17, ""cq_text"": ""Can the ontology represent a SQL query as an AST-based semantic graph?"", ""cq_token_count"": 8, ""covered_token_count"": 2, ""token_recall"": 0.25, ""covered"": false}, {""cq_index"": 18, ""cq_text"": ""Can a SQL statement such as SelectStatement or UpdateStatement be mapped to its semantic action type?"", ""cq_token_count"": 8, ""covered_token_count"": 1, ""token_recall"": 0.125, ""covered"": false}, {""cq_index"": 19, ""cq_text"": ""Can a query statement be linked to the executing agent?"", ""cq_token_count"": 5, ""covered_token_count"": 1, ""token_recall"": 0.2, ""covered"": false}, {""cq_index"": 20, ""cq_text"": ""Can SQL clauses be assigned operational scopes such as view or process?"", ""cq_token_count"": 8, ""covered_token_count"": 1, ""token_recall"": 0.125, ""covered"": false}, {""cq_index"": 21, ""cq_text"": ""Can scope be propagated to reference nodes as an effectiveActionScope?"", ""cq_token_count"": 5, ""covered_token_count"": 0, ""token_recall"": 0.0, ""covered"": false}, {""cq_index"": 22, ""cq_text"": ""Can a TableRef in the query be linked to its corresponding schema Table?"", ""cq_token_count"": 6, ""covered_token_count"": 1, ""token_recall"": 0.1667, ""covered"": false}, {""cq_index"": 23, ""cq_text"": ""Can a ColumnRef in the query be linked to its corresponding schema Column?"", ""cq_token_count"": 6, ""covered_token_count"": 1, ""token_recall"": 0.1667, ""covered"": false}, {""cq_index"": 24, ""cq_text"": ""Can the reasoner infer whether a referenced table or column is Violated or RowTag based on the matching policy, action, and scope?"", ""cq_token_count"": 13, ""covered_token_count"": 0, ""token_recall"": 0.0, ""covered"": false}]",43,10,0.9,0.7442,True,0,48,0,41,0.0,0.0,0.0,0.0,0.0,0.0,0.0,0.0,0.0,[],[]
meta-llama_Llama-2-70b-chat-hf,scenario-only,2025-150-01,False,Could not parse ontology.ttl in turtle/xml/n3 formats.,0,False,False,False,0,0,0,0,0.0,0.0,0.0,True,False,32,0.125,0.2336,"[{""cq_index"": 0, ""cq_text"": ""Which MQTT Clients are connected to which Broker?"", ""cq_token_count"": 4, ""covered_token_count"": 1, ""token_recall"": 0.25, ""covered"": false}, {""cq_index"": 1, ""cq_text"": ""Which MQTT NetworkConnections exist, are they TLS-secured, and who initiated/accepted them?"", ""cq_token_count"": 9, ""covered_token_count"": 1, ""token_recall"": 0.1111, ""covered"": false}, {""cq_index"": 2, ""cq_text"": ""Which MQTT participants (Clients/Brokers) use which MQTT NetworkConnections?"", ""cq_token_count"": 5, ""covered_token_count"": 1, ""token_recall"": 0.2, ""covered"": false}, {""cq_index"": 3, ""cq_text"": ""Which MQTT Clients with which ClientIDs run on which SOSA platforms?"", ""cq_token_count"": 6, ""covered_token_count"": 1, ""token_recall"": 0.1667, ""covered"": false}, {""cq_index"": 4, ""cq_text"": ""Which MQTT Clients are hosting which SOSA systems (sensors/actuators)?"", ""cq_token_count"": 7, ""covered_token_count"": 1, ""token_recall"": 0.1429, ""covered"": false}, {""cq_index"": 5, ""cq_text"": ""What host/port is a MQTT Broker configured with?"", ""cq_token_count"": 5, ""covered_token_count"": 1, ""token_recall"": 0.2, ""covered"": false}, {""cq_index"": 6, ""cq_text"": ""Which SOSA sensors publish to which MQTT Topics (observations)?"", ""cq_token_count"": 6, ""covered_token_count"": 1, ""token_recall"": 0.1667, ""covered"": false}, {""cq_index"": 7, ""cq_text"": ""Which SOSA actuators listen to which MQTT Topics (commands)?"", ""cq_token_count"": 6, ""covered_token_count"": 1, ""token_recall"": 0.1667, ""covered"": false}, {""cq_index"": 8, ""cq_text"": ""Which SOSA FeaturesOfInterest, Properties etc. appear as MQTT TopicSubjects and on which MQTT Topics?"", ""cq_token_count"": 8, ""covered_token_count"": 1, ""token_recall"": 0.125, ""covered"": false}, {""cq_index"": 9, ""cq_text"": ""Which MQTT Topic Filters match a given MQTT Topic?"", ""cq_token_count"": 4, ""covered_token_count"": 1, ""token_recall"": 0.25, ""covered"": false}, {""cq_index"": 10, ""cq_text"": ""Which MQTT Topics are matched by a given MQTT Topic Filter?"", ""cq_token_count"": 5, ""covered_token_count"": 1, ""token_recall"": 0.2, ""covered"": false}, {""cq_index"": 11, ""cq_text"": ""Which MQTT filter patterns (with wildcards) are stored?"", ""cq_token_count"": 5, ""covered_token_count"": 1, ""token_recall"": 0.2, ""covered"": false}, {""cq_index"": 12, ""cq_text"": ""Which MQTT Clients send which MQTT Control Packets?"", ""cq_token_count"": 5, ""covered_token_count"": 2, ""token_recall"": 0.4, ""covered"": true}, {""cq_index"": 13, ""cq_text"": ""Which MQTT PUBLISH/SUBSCRIBE/UNSUBSCRIBE packets were sent (specializations)?"", ""cq_token_count"": 7, ""covered_token_count"": 2, ""token_recall"": 0.2857, ""covered"": false}, {""cq_index"": 14, ""cq_text"": ""Which MQTT Brokers receive/forward which MQTT Control Packets?"", ""cq_token_count"": 6, ""covered_token_count"": 2, ""token_recall"": 0.3333, ""covered"": false}, {""cq_index"": 15, ""cq_text"": ""Which MQTT Control Packets were sent by which Client (inverse)?"", ""cq_token_count"": 6, ""covered_token_count"": 2, ""token_recall"": 0.3333, ""covered"": false}, {""cq_index"": 16, ""cq_text"": ""Which MQTT Publish packets carry Observations for a specific SOSA FeatureOfInterest or Property?"", ""cq_token_count"": 9, ""covered_token_count"": 3, ""token_recall"": 0.3333, ""covered"": false}, {""cq_index"": 17, ""cq_text"": ""Which MQTT SUBSCRIBE packets request QoS=2 and for which filters?"", ""cq_token_count"": 6, ""covered_token_count"": 2, ""token_recall"": 0.3333, ""covered"": false}, {""cq_index"": 18, ""cq_text"": ""Which MQTT UNSUBSCRIBE packets remove all filters under a certain path (e.g. 'factory/centering/#')?"", ""cq_token_count"": 10, ""covered_token_count"": 2, ""token_recall"": 0.2, ""covered"": false}, {""cq_index"": 19, ""cq_text"": ""Which MQTT Control Packet has which Fixed Header / Variable Header / Payload?"", ""cq_token_count"": 7, ""covered_token_count"": 2, ""token_recall"": 0.2857, ""covered"": false}, {""cq_index"": 20, ""cq_text"": ""Which MQTT PUBLISH packet has which MQTT Topic (name) in the Variable Header?"", ""cq_token_count"": 7, ""covered_token_count"": 1, ""token_recall"": 0.1429, ""covered"": false}, {""cq_index"": 21, ""cq_text"": ""Which QoS levels are set (in PUBLISH Fixed Header or SubscriptionEntry)?"", ""cq_token_count"": 7, ""covered_token_count"": 0, ""token_recall"": 0.0, ""covered"": false}, {""cq_index"": 22, ""cq_text"": ""Are RETAIN/DUP flags set in PUBLISH?"", ""cq_token_count"": 5, ""covered_token_count"": 0, ""token_recall"": 0.0, ""covered"": false}, {""cq_index"": 23, ""cq_text"": ""Which MQTT Control Packets have which PacketIdentifier?"", ""cq_token_count"": 4, ""covered_token_count"": 2, ""token_recall"": 0.5, ""covered"": true}, {""cq_index"": 24, ""cq_text"": ""Which MQTT SUBSCRIBE payloads contain which SubscriptionEntries?"", ""cq_token_count"": 5, ""covered_token_count"": 1, ""token_recall"": 0.2, ""covered"": false}, {""cq_index"": 25, ""cq_text"": ""Which MQTT Topic Filters (with QoS) are requested by a SubscriptionEntry?"", ""cq_token_count"": 6, ""covered_token_count"": 1, ""token_recall"": 0.1667, ""covered"": false}, {""cq_index"": 26, ""cq_text"": ""Which MQTT UNSUBSCRIBE payloads remove which MQTT TopicFilters?"", ""cq_token_count"": 5, ""covered_token_count"": 1, ""token_recall"": 0.2, ""covered"": false}, {""cq_index"": 27, ""cq_text"": ""Which MQTT PUBLISH payloads encode SOSA Observations (or Observation Collections)?"", ""cq_token_count"": 8, ""covered_token_count"": 1, ""token_recall"": 0.125, ""covered"": false}, {""cq_index"": 28, ""cq_text"": ""Which MQTT PUBLISH payloads encode SOSA Actuations (or Actuation Collections)?"", ""cq_token_count"": 8, ""covered_token_count"": 1, ""token_recall"": 0.125, ""covered"": false}, {""cq_index"": 29, ""cq_text"": ""Which fields are encoded in a MQTT payload?"", ""cq_token_count"": 4, ""covered_token_count"": 2, ""token_recall"": 0.5, ""covered"": true}, {""cq_index"": 30, ""cq_text"": ""What content, content type, encoding and delimiter does a MQTT PUBLISH payload have?"", ""cq_token_count"": 6, ""covered_token_count"": 3, ""token_recall"": 0.5, ""covered"": true}, {""cq_index"": 31, ""cq_text"": ""What is the size of a MQTT payload (as QUDT QuantityValue with unit)?"", ""cq_token_count"": 6, ""covered_token_count"": 2, ""token_recall"": 0.3333, ""covered"": false}]",51,60,0.2833,0.6275,True,0,9,0,11,0.0,0.0,0.0,0.0,0.0,0.0,0.0,0.0,0.0,[],[]
meta-llama_Llama-2-70b-chat-hf,scenario-only,2025-151-01,False,Could not parse ontology.ttl in turtle/xml/n3 formats.,0,False,False,False,0,0,0,0,0.0,0.0,0.0,True,False,5,0.6,0.5667,"[{""cq_index"": 0, ""cq_text"": ""What is the requested action?"", ""cq_token_count"": 2, ""covered_token_count"": 2, ""token_recall"": 1.0, ""covered"": true}, {""cq_index"": 1, ""cq_text"": ""Who is the party issuing the evaluation request?"", ""cq_token_count"": 4, ""covered_token_count"": 1, ""token_recall"": 0.25, ""covered"": false}, {""cq_index"": 2, ""cq_text"": ""What is the target asset of the evaluation request?"", ""cq_token_count"": 4, ""covered_token_count"": 3, ""token_recall"": 0.75, ""covered"": true}, {""cq_index"": 3, ""cq_text"": ""When was the evaluation request issued?"", ""cq_token_count"": 3, ""covered_token_count"": 1, ""token_recall"": 0.3333, ""covered"": false}, {""cq_index"": 4, ""cq_text"": ""What additional contextual information can be included in the evaluation request to further constrain it?"", ""cq_token_count"": 8, ""covered_token_count"": 4, ""token_recall"": 0.5, ""covered"": true}]",48,25,0.64,0.6458,True,0,1,0,5,0.0,0.0,0.0,0.0,0.0,0.0,0.0,0.0,0.0,[],[]
meta-llama_Llama-2-70b-chat-hf,scenario-only,2025-151-02,False,Could not parse ontology.ttl in turtle/xml/n3 formats.,0,False,False,False,0,0,0,0,0.0,0.0,0.0,True,False,10,0.0,0.0536,"[{""cq_index"": 0, ""cq_text"": ""What is the current time?"", ""cq_token_count"": 2, ""covered_token_count"": 0, ""token_recall"": 0.0, ""covered"": false}, {""cq_index"": 1, ""cq_text"": ""What is the location of a party?"", ""cq_token_count"": 2, ""covered_token_count"": 0, ""token_recall"": 0.0, ""covered"": false}, {""cq_index"": 2, ""cq_text"": ""What assets are part of the asset collection of the policy that is being evaluated?"", ""cq_token_count"": 7, ""covered_token_count"": 1, ""token_recall"": 0.1429, ""covered"": false}, {""cq_index"": 3, ""cq_text"": ""Which parties are part of the party collection of the policy that is being evaluated?"", ""cq_token_count"": 7, ""covered_token_count"": 1, ""token_recall"": 0.1429, ""covered"": false}, {""cq_index"": 4, ""cq_text"": ""What actions were already performed or attempted?"", ""cq_token_count"": 4, ""covered_token_count"": 0, ""token_recall"": 0.0, ""covered"": false}, {""cq_index"": 5, ""cq_text"": ""How many times has a rule been exercised?"", ""cq_token_count"": 4, ""covered_token_count"": 0, ""token_recall"": 0.0, ""covered"": false}, {""cq_index"": 6, ""cq_text"": ""What information is available about an event that has occurred?"", ""cq_token_count"": 4, ""covered_token_count"": 1, ""token_recall"": 0.25, ""covered"": false}, {""cq_index"": 7, ""cq_text"": ""How long has a rule been exercised?"", ""cq_token_count"": 3, ""covered_token_count"": 0, ""token_recall"": 0.0, ""covered"": false}, {""cq_index"": 8, ""cq_text"": ""Which recipients or categories of recipients can receive the result of the rule that has been exercised?"", ""cq_token_count"": 6, ""covered_token_count"": 0, ""token_recall"": 0.0, ""covered"": false}, {""cq_index"": 9, ""cq_text"": ""Has a financial payment been made? What was the amount paid?"", ""cq_token_count"": 5, ""covered_token_count"": 0, ""token_recall"": 0.0, ""covered"": false}]",38,23,0.6522,0.5789,True,0,1,0,0,0.0,0.0,0.0,0.0,0.0,0.0,0.0,1.0,0.0,[],[]
meta-llama_Llama-2-70b-chat-hf,scenario-only,2025-153-01,False,Could not parse ontology.ttl in turtle/xml/n3 formats.,0,False,False,False,0,0,0,0,0.0,0.0,0.0,True,False,8,0.125,0.125,"[{""cq_index"": 0, ""cq_text"": ""Which entity does a persistent identifier currently reference?"", ""cq_token_count"": 5, ""covered_token_count"": 2, ""token_recall"": 0.4, ""covered"": true}, {""cq_index"": 1, ""cq_text"": ""Which entity was referenced at a past timestamp?"", ""cq_token_count"": 4, ""covered_token_count"": 0, ""token_recall"": 0.0, ""covered"": false}, {""cq_index"": 2, ""cq_text"": ""When did referent transitions occur?"", ""cq_token_count"": 3, ""covered_token_count"": 0, ""token_recall"": 0.0, ""covered"": false}, {""cq_index"": 3, ""cq_text"": ""What observations are associated with specific referents?"", ""cq_token_count"": 4, ""covered_token_count"": 0, ""token_recall"": 0.0, ""covered"": false}, {""cq_index"": 4, ""cq_text"": ""What is the full sequence of referents over time?"", ""cq_token_count"": 5, ""covered_token_count"": 1, ""token_recall"": 0.2, ""covered"": false}, {""cq_index"": 5, ""cq_text"": ""Which rules triggered specific transitions?"", ""cq_token_count"": 4, ""covered_token_count"": 0, ""token_recall"": 0.0, ""covered"": false}, {""cq_index"": 6, ""cq_text"": ""Are there gaps or overlaps in temporal bindings?"", ""cq_token_count"": 5, ""covered_token_count"": 1, ""token_recall"": 0.2, ""covered"": false}, {""cq_index"": 7, ""cq_text"": ""Can complete context be rebuilt for any time point?"", ""cq_token_count"": 5, ""covered_token_count"": 1, ""token_recall"": 0.2, ""covered"": false}]",44,119,0.2017,0.4545,True,0,11,0,22,0.0,0.0,0.0,0.0,0.0,0.0,0.0,0.0,0.0,[],[]
meta-llama_Llama-2-70b-chat-hf,scenario-only,2026-155-01,True,,47,True,True,True,5,4,0,0,1.0,1.0,1.0,True,True,8,0.5,0.4028,"[{""cq_index"": 0, ""cq_text"": ""Which survey or investigation activities were performed on a given cultural property or on a specific feature of interest?"", ""cq_token_count"": 9, ""covered_token_count"": 5, ""token_recall"": 0.5556, ""covered"": true}, {""cq_index"": 1, ""cq_text"": ""Which method or investigation technique was adopted in a specific survey or investigation activity?"", ""cq_token_count"": 7, ""covered_token_count"": 4, ""token_recall"": 0.5714, ""covered"": true}, {""cq_index"": 2, ""cq_text"": ""Which observations were produced during a given survey or investigation activity?"", ""cq_token_count"": 6, ""covered_token_count"": 4, ""token_recall"": 0.6667, ""covered"": true}, {""cq_index"": 3, ""cq_text"": ""Which experts participated in the survey or investigation activity, and with which roles?"", ""cq_token_count"": 6, ""covered_token_count"": 2, ""token_recall"": 0.3333, ""covered"": false}, {""cq_index"": 4, ""cq_text"": ""Which hardware, software, and technical configurations were used to conduct a specific survey or investigation activity?"", ""cq_token_count"": 9, ""covered_token_count"": 3, ""token_recall"": 0.3333, ""covered"": false}, {""cq_index"": 5, ""cq_text"": ""What interpretations or claims are supported by the observations produced during a survey?"", ""cq_token_count"": 7, ""covered_token_count"": 3, ""token_recall"": 0.4286, ""covered"": true}, {""cq_index"": 6, ""cq_text"": ""How are post-processed outputs (e.g., interactive images, spectra, datasets) related to the underlying acquisition or observation activities?"", ""cq_token_count"": 12, ""covered_token_count"": 2, ""token_recall"": 0.1667, ""covered"": false}, {""cq_index"": 7, ""cq_text"": ""Which acquisition parameters (e.g., exposure time, ISO, aperture) characterised a specific photographic acquisition cycle within a survey?"", ""cq_token_count"": 12, ""covered_token_count"": 2, ""token_recall"": 0.1667, ""covered"": false}]",30,20,0.6,0.4333,True,5,22,4,32,0.8,0.1818,0.2963,0.5,0.0625,0.1111,0.2222,0.1852,0.2037,"[""observation"", ""method"", ""equipment configuration"", ""interpretation process""]","[""used equipment configuration"", ""generated interpretation""]"
meta-llama_Llama-3.1-8B-Instruct,cq-only,2023-133-01,False,Could not parse ontology.ttl in turtle/xml/n3 formats.,0,False,False,False,0,0,0,0,0.0,0.0,0.0,True,False,4,1.0,0.7188,"[{""cq_index"": 0, ""cq_text"": ""What events are responsible for the pavement being slippery?"", ""cq_token_count"": 5, ""covered_token_count"": 3, ""token_recall"": 0.6, ""covered"": true}, {""cq_index"": 1, ""cq_text"": ""What would be the outcome of turning the sprinkler system on(off)?"", ""cq_token_count"": 5, ""covered_token_count"": 4, ""token_recall"": 0.8, ""covered"": true}, {""cq_index"": 2, ""cq_text"": ""How strong is the causal link between the sprinkler being on and the pavement being wet?"", ""cq_token_count"": 8, ""covered_token_count"": 7, ""token_recall"": 0.875, ""covered"": true}, {""cq_index"": 3, ""cq_text"": ""What if the pavement is not wet, how would it effect the pavement being slippery?"", ""cq_token_count"": 5, ""covered_token_count"": 3, ""token_recall"": 0.6, ""covered"": true}]",34,41,0.2195,0.5882,True,0,5,0,5,0.0,0.0,0.0,0.0,0.0,0.0,0.0,0.0,0.0,[],[]
meta-llama_Llama-3.1-8B-Instruct,cq-only,2023-133-02,True,,55,True,True,True,4,8,0,0,1.0,1.0,1.0,True,True,6,1.0,0.6992,"[{""cq_index"": 0, ""cq_text"": ""Is the medication intake by the patient caused by the presence of outdoor environmental allergen such as pollen or AQI?"", ""cq_token_count"": 11, ""covered_token_count"": 7, ""token_recall"": 0.6364, ""covered"": true}, {""cq_index"": 1, ""cq_text"": ""How much does the presence of an asthma symptom effect the intake of medication?"", ""cq_token_count"": 7, ""covered_token_count"": 5, ""token_recall"": 0.7143, ""covered"": true}, {""cq_index"": 2, ""cq_text"": ""How does an outdoor environmental allergen affect the patient?"", ""cq_token_count"": 5, ""covered_token_count"": 3, ""token_recall"": 0.6, ""covered"": true}, {""cq_index"": 3, ""cq_text"": ""What is the probable cause of the cough experienced by the patient?"", ""cq_token_count"": 5, ""covered_token_count"": 4, ""token_recall"": 0.8, ""covered"": true}, {""cq_index"": 4, ""cq_text"": ""What if pollen (or AQI) allergen was not present in the outdoor environment, how would it effect the intake of medication?"", ""cq_token_count"": 9, ""covered_token_count"": 7, ""token_recall"": 0.7778, ""covered"": true}, {""cq_index"": 5, ""cq_text"": ""What if the patient did not experience a cough, how would it effect the intake of medication?"", ""cq_token_count"": 6, ""covered_token_count"": 4, ""token_recall"": 0.6667, ""covered"": true}]",28,60,0.2167,0.3929,True,4,5,8,5,0.0,0.0,0.0,0.0,0.0,0.0,0.0,0.1333,0.0,[],[]
meta-llama_Llama-3.1-8B-Instruct,cq-only,2023-134-01,True,,71,True,True,True,8,6,2,0,1.0,1.0,0.0,True,True,8,1.0,1.0,"[{""cq_index"": 0, ""cq_text"": ""What is the unique identifier of the policy?"", ""cq_token_count"": 3, ""covered_token_count"": 3, ""token_recall"": 1.0, ""covered"": true}, {""cq_index"": 1, ""cq_text"": ""Who is the creator of the policy?"", ""cq_token_count"": 2, ""covered_token_count"": 2, ""token_recall"": 1.0, ""covered"": true}, {""cq_index"": 2, ""cq_text"": ""When was the policy issued?"", ""cq_token_count"": 2, ""covered_token_count"": 2, ""token_recall"": 1.0, ""covered"": true}, {""cq_index"": 3, ""cq_text"": ""Who is the assignee of the policy?"", ""cq_token_count"": 2, ""covered_token_count"": 2, ""token_recall"": 1.0, ""covered"": true}, {""cq_index"": 4, ""cq_text"": ""What application/service is being used to access the data?"", ""cq_token_count"": 5, ""covered_token_count"": 5, ""token_recall"": 1.0, ""covered"": true}, {""cq_index"": 5, ""cq_text"": ""What access mode is being requested?"", ""cq_token_count"": 4, ""covered_token_count"": 4, ""token_recall"": 1.0, ""covered"": true}, {""cq_index"": 6, ""cq_text"": ""What personal data is being accessed?"", ""cq_token_count"": 4, ""covered_token_count"": 4, ""token_recall"": 1.0, ""covered"": true}, {""cq_index"": 7, ""cq_text"": ""What is the purpose for accessing the data?"", ""cq_token_count"": 3, ""covered_token_count"": 3, ""token_recall"": 1.0, ""covered"": true}]",33,88,0.0568,0.4242,True,8,0,8,0,0.0,0.0,0.0,0.0,0.0,0.0,0.0,0.0,0.0,[],[]
meta-llama_Llama-3.1-8B-Instruct,cq-only,2023-134-02,False,Could not parse ontology.ttl in turtle/xml/n3 formats.,0,False,False,False,0,0,0,0,0.0,0.0,0.0,True,False,6,1.0,1.0,"[{""cq_index"": 0, ""cq_text"": ""What type of action, e.g., create, update, erase, is being performed on the data?"", ""cq_token_count"": 7, ""covered_token_count"": 7, ""token_recall"": 1.0, ""covered"": true}, {""cq_index"": 1, ""cq_text"": ""Who is the entity interacting with the data?"", ""cq_token_count"": 3, ""covered_token_count"": 3, ""token_recall"": 1.0, ""covered"": true}, {""cq_index"": 2, ""cq_text"": ""Who is the entity publishing the log?"", ""cq_token_count"": 3, ""covered_token_count"": 3, ""token_recall"": 1.0, ""covered"": true}, {""cq_index"": 3, ""cq_text"": ""When was the log issued?"", ""cq_token_count"": 2, ""covered_token_count"": 2, ""token_recall"": 1.0, ""covered"": true}, {""cq_index"": 4, ""cq_text"": ""Where is the data being stored?"", ""cq_token_count"": 3, ""covered_token_count"": 3, ""token_recall"": 1.0, ""covered"": true}, {""cq_index"": 5, ""cq_text"": ""What application/service is being used to generate the data, if any?"", ""cq_token_count"": 5, ""covered_token_count"": 5, ""token_recall"": 1.0, ""covered"": true}]",43,88,0.0227,0.6279,True,0,0,0,0,0.0,0.0,0.0,0.0,0.0,0.0,1.0,1.0,0.0,[],[]
meta-llama_Llama-3.1-8B-Instruct,cq-only,2023-134-03,True,,40,True,True,True,4,2,3,0,1.0,1.0,1.0,True,True,5,1.0,0.8,"[{""cq_index"": 0, ""cq_text"": ""Who is maintaining the registry?"", ""cq_token_count"": 2, ""covered_token_count"": 2, ""token_recall"": 1.0, ""covered"": true}, {""cq_index"": 1, ""cq_text"": ""When was the registry created/updated?"", ""cq_token_count"": 3, ""covered_token_count"": 3, ""token_recall"": 1.0, ""covered"": true}, {""cq_index"": 2, ""cq_text"": ""What types of data are available?"", ""cq_token_count"": 2, ""covered_token_count"": 1, ""token_recall"": 0.5, ""covered"": true}, {""cq_index"": 3, ""cq_text"": ""Where is a specific type of data being stored?"", ""cq_token_count"": 4, ""covered_token_count"": 2, ""token_recall"": 0.5, ""covered"": true}, {""cq_index"": 4, ""cq_text"": ""What policy is associated with the data?"", ""cq_token_count"": 3, ""covered_token_count"": 3, ""token_recall"": 1.0, ""covered"": true}]",27,88,0.0455,0.6296,True,4,0,5,0,0.0,0.0,0.0,0.0,0.0,0.0,0.0,0.0,0.0,[],[]
meta-llama_Llama-3.1-8B-Instruct,cq-only,2023-135-01,False,Could not parse ontology.ttl in turtle/xml/n3 formats.,0,False,False,False,0,0,0,0,0.0,0.0,0.0,True,False,3,0.6667,0.5111,"[{""cq_index"": 0, ""cq_text"": ""Under what pseudonym did the author C. S. Lewis published a collection of poems, Spirit in Bondage?"", ""cq_token_count"": 9, ""covered_token_count"": 6, ""token_recall"": 0.6667, ""covered"": true}, {""cq_index"": 1, ""cq_text"": ""What alternative did C. S. Lewis used to assume the role of a book writer?"", ""cq_token_count"": 6, ""covered_token_count"": 4, ""token_recall"": 0.6667, ""covered"": true}, {""cq_index"": 2, ""cq_text"": ""Show the trajectories of rivers which cross national parks?"", ""cq_token_count"": 5, ""covered_token_count"": 1, ""token_recall"": 0.2, ""covered"": false}]",55,10,0.3,0.7818,True,0,5,0,13,0.0,0.0,0.0,0.0,0.0,0.0,0.0,0.0,0.0,[],[]
meta-llama_Llama-3.1-8B-Instruct,cq-only,2024-145-01,True,,66,True,True,True,0,4,5,0,1.0,1.0,1.0,True,True,7,1.0,0.9357,"[{""cq_index"": 0, ""cq_text"": ""List all district courts in a given state."", ""cq_token_count"": 3, ""covered_token_count"": 3, ""token_recall"": 1.0, ""covered"": true}, {""cq_index"": 1, ""cq_text"": ""In which state is a given district court instance located?"", ""cq_token_count"": 5, ""covered_token_count"": 4, ""token_recall"": 0.8, ""covered"": true}, {""cq_index"": 2, ""cq_text"": ""How many districts are in a given state of India?"", ""cq_token_count"": 4, ""covered_token_count"": 3, ""token_recall"": 0.75, ""covered"": true}, {""cq_index"": 3, ""cq_text"": ""Which court has authority over a given court?"", ""cq_token_count"": 3, ""covered_token_count"": 3, ""token_recall"": 1.0, ""covered"": true}, {""cq_index"": 4, ""cq_text"": ""What is the check transaction type for a bad check?"", ""cq_token_count"": 3, ""covered_token_count"": 3, ""token_recall"": 1.0, ""covered"": true}, {""cq_index"": 5, ""cq_text"": ""When is a check payment of a bad check?"", ""cq_token_count"": 3, ""covered_token_count"": 3, ""token_recall"": 1.0, ""covered"": true}, {""cq_index"": 6, ""cq_text"": ""What is the transaction status of a given check payment?"", ""cq_token_count"": 4, ""covered_token_count"": 4, ""token_recall"": 1.0, ""covered"": true}]",35,17,0.1765,0.6,False,0,0,9,0,0.0,0.0,0.0,0.0,0.0,0.0,0.0,0.0,0.0,[],[]
meta-llama_Llama-3.1-8B-Instruct,cq-only,2025-147-01,True,,88,True,True,True,15,1,7,0,1.0,1.0,1.0,True,True,48,0.2292,0.2972,"[{""cq_index"": 0, ""cq_text"": ""How are ships clearly identified?"", ""cq_token_count"": 3, ""covered_token_count"": 1, ""token_recall"": 0.3333, ""covered"": false}, {""cq_index"": 1, ""cq_text"": ""How are a ship's dimensions described?"", ""cq_token_count"": 3, ""covered_token_count"": 2, ""token_recall"": 0.6667, ""covered"": true}, {""cq_index"": 2, ""cq_text"": ""What information can be provided about the typical location of a ship?"", ""cq_token_count"": 5, ""covered_token_count"": 3, ""token_recall"": 0.6, ""covered"": true}, {""cq_index"": 3, ""cq_text"": ""Who can be the owner of a ship?"", ""cq_token_count"": 2, ""covered_token_count"": 2, ""token_recall"": 1.0, ""covered"": true}, {""cq_index"": 4, ""cq_text"": ""How is a ship's average speed over ground specified?"", ""cq_token_count"": 6, ""covered_token_count"": 5, ""token_recall"": 0.8333, ""covered"": true}, {""cq_index"": 5, ""cq_text"": ""How many container ships are registered under the German flag?"", ""cq_token_count"": 7, ""covered_token_count"": 6, ""token_recall"": 0.8571, ""covered"": true}, {""cq_index"": 6, ""cq_text"": ""How is the GPS antenna placed relatively to the ship's structure (bow, stern, port, starboard)?"", ""cq_token_count"": 10, ""covered_token_count"": 7, ""token_recall"": 0.7, ""covered"": true}, {""cq_index"": 7, ""cq_text"": ""Which organization owns the most ships?"", ""cq_token_count"": 4, ""covered_token_count"": 2, ""token_recall"": 0.5, ""covered"": true}, {""cq_index"": 8, ""cq_text"": ""What information can be provided about a ship route?"", ""cq_token_count"": 4, ""covered_token_count"": 2, ""token_recall"": 0.5, ""covered"": true}, {""cq_index"": 9, ""cq_text"": ""What information is known about a single trajectory part?"", ""cq_token_count"": 5, ""covered_token_count"": 0, ""token_recall"": 0.0, ""covered"": false}, {""cq_index"": 10, ""cq_text"": ""What types of trajectories are distinguished?"", ""cq_token_count"": 2, ""covered_token_count"": 0, ""token_recall"": 0.0, ""covered"": false}, {""cq_index"": 11, ""cq_text"": ""What unit does the draught of a ship have?"", ""cq_token_count"": 3, ""covered_token_count"": 1, ""token_recall"": 0.3333, ""covered"": false}, {""cq_index"": 12, ""cq_text"": ""What was the average speed over ground of the ship on route on day X?"", ""cq_token_count"": 7, ""covered_token_count"": 6, ""token_recall"": 0.8571, ""covered"": true}, {""cq_index"": 13, ""cq_text"": ""What route is predicted for ship X?"", ""cq_token_count"": 3, ""covered_token_count"": 2, ""token_recall"": 0.6667, ""covered"": true}, {""cq_index"": 14, ""cq_text"": ""What types of engines are used in ships?"", ""cq_token_count"": 2, ""covered_token_count"": 1, ""token_recall"": 0.5, ""covered"": true}, {""cq_index"": 15, ""cq_text"": ""What combinations of engines can exist?"", ""cq_token_count"": 3, ""covered_token_count"": 0, ""token_recall"": 0.0, ""covered"": false}, {""cq_index"": 16, ""cq_text"": ""What powers these ship engines?"", ""cq_token_count"": 4, ""covered_token_count"": 1, ""token_recall"": 0.25, ""covered"": false}, {""cq_index"": 17, ""cq_text"": ""What is driven by ship engines?"", ""cq_token_count"": 3, ""covered_token_count"": 1, ""token_recall"": 0.3333, ""covered"": false}, {""cq_index"": 18, ""cq_text"": ""What types of propulsion systems can ships have?"", ""cq_token_count"": 3, ""covered_token_count"": 1, ""token_recall"": 0.3333, ""covered"": false}, {""cq_index"": 19, ""cq_text"": ""What propulsion systems don't rely on an engine?"", ""cq_token_count"": 5, ""covered_token_count"": 0, ""token_recall"": 0.0, ""covered"": false}, {""cq_index"": 20, ""cq_text"": ""Which propulsion technologies are used by each individual propulsion system?"", ""cq_token_count"": 4, ""covered_token_count"": 1, ""token_recall"": 0.25, ""covered"": false}, {""cq_index"": 21, ""cq_text"": ""What falls under the category of propulsion technologies powered by engines?"", ""cq_token_count"": 7, ""covered_token_count"": 1, ""token_recall"": 0.1429, ""covered"": false}, {""cq_index"": 22, ""cq_text"": ""What types of jet propulsors exist?"", ""cq_token_count"": 3, ""covered_token_count"": 0, ""token_recall"": 0.0, ""covered"": false}, {""cq_index"": 23, ""cq_text"": ""What types of bladed propulsors exist?"", ""cq_token_count"": 3, ""covered_token_count"": 0, ""token_recall"": 0.0, ""covered"": false}, {""cq_index"": 24, ""cq_text"": ""What types of blade propulsors follow a special design?"", ""cq_token_count"": 5, ""covered_token_count"": 0, ""token_recall"": 0.0, ""covered"": false}, {""cq_index"": 25, ""cq_text"": ""What properties describe a bladed propulsor?"", ""cq_token_count"": 4, ""covered_token_count"": 1, ""token_recall"": 0.25, ""covered"": false}, {""cq_index"": 26, ""cq_text"": ""What types of screw propellers can be used?"", ""cq_token_count"": 2, ""covered_token_count"": 0, ""token_recall"": 0.0, ""covered"": false}, {""cq_index"": 27, ""cq_text"": ""What is used to prevent cavitation on technologies for motorized propulsion?"", ""cq_token_count"": 5, ""covered_token_count"": 0, ""token_recall"": 0.0, ""covered"": false}, {""cq_index"": 28, ""cq_text"": ""What type of sails exist?"", ""cq_token_count"": 2, ""covered_token_count"": 0, ""token_recall"": 0.0, ""covered"": false}, {""cq_index"": 29, ""cq_text"": ""Which type of propulsion technologies can assist a motorized ship?"", ""cq_token_count"": 5, ""covered_token_count"": 1, ""token_recall"": 0.2, ""covered"": false}, {""cq_index"": 30, ""cq_text"": ""What fuel does ship X use to drive?"", ""cq_token_count"": 3, ""covered_token_count"": 1, ""token_recall"": 0.3333, ""covered"": false}, {""cq_index"": 31, ""cq_text"": ""How many engines power ship X?"", ""cq_token_count"": 4, ""covered_token_count"": 1, ""token_recall"": 0.25, ""covered"": false}, {""cq_index"": 32, ""cq_text"": ""What types of propellers are installed on ship X?"", ""cq_token_count"": 3, ""covered_token_count"": 1, ""token_recall"": 0.3333, ""covered"": false}, {""cq_index"": 33, ""cq_text"": ""What is the most common type of propeller?"", ""cq_token_count"": 3, ""covered_token_count"": 0, ""token_recall"": 0.0, ""covered"": false}, {""cq_index"": 34, ""cq_text"": ""How many ships have sails?"", ""cq_token_count"": 3, ""covered_token_count"": 1, ""token_recall"": 0.3333, ""covered"": false}, {""cq_index"": 35, ""cq_text"": ""Which ships use electric engines exclusively?"", ""cq_token_count"": 4, ""covered_token_count"": 1, ""token_recall"": 0.25, ""covered"": false}, {""cq_index"": 36, ""cq_text"": ""What motorized propulsion does a ship use that is assisted by wind propulsion?"", ""cq_token_count"": 5, ""covered_token_count"": 1, ""token_recall"": 0.2, ""covered"": false}, {""cq_index"": 37, ""cq_text"": ""How many supercavitating propellers does ship X use?"", ""cq_token_count"": 4, ""covered_token_count"": 1, ""token_recall"": 0.25, ""covered"": false}, {""cq_index"": 38, ""cq_text"": ""What diameter and how many blades does the fixed pitch propeller Y of ship X have?"", ""cq_token_count"": 7, ""covered_token_count"": 1, ""token_recall"": 0.1429, ""covered"": false}, {""cq_index"": 39, ""cq_text"": ""What is the least utilized wind assisted propulsion system?"", ""cq_token_count"": 6, ""covered_token_count"": 0, ""token_recall"": 0.0, ""covered"": false}, {""cq_index"": 40, ""cq_text"": ""What different kinds of data can be used to represent a ship?"", ""cq_token_count"": 5, ""covered_token_count"": 1, ""token_recall"": 0.2, ""covered"": false}, {""cq_index"": 41, ""cq_text"": ""How is sonar data of ships stored?"", ""cq_token_count"": 4, ""covered_token_count"": 1, ""token_recall"": 0.25, ""covered"": false}, {""cq_index"": 42, ""cq_text"": ""What image resources are available for a ship?"", ""cq_token_count"": 4, ""covered_token_count"": 1, ""token_recall"": 0.25, ""covered"": false}, {""cq_index"": 43, ""cq_text"": ""What textual information about a ship is available?"", ""cq_token_count"": 4, ""covered_token_count"": 1, ""token_recall"": 0.25, ""covered"": false}, {""cq_index"": 44, ""cq_text"": ""What does ship X look like?"", ""cq_token_count"": 3, ""covered_token_count"": 1, ""token_recall"": 0.3333, ""covered"": false}, {""cq_index"": 45, ""cq_text"": ""How does ship X sound like on a sonar?"", ""cq_token_count"": 4, ""covered_token_count"": 1, ""token_recall"": 0.25, ""covered"": false}, {""cq_index"": 46, ""cq_text"": ""What is the textual description of ship X?"", ""cq_token_count"": 3, ""covered_token_count"": 1, ""token_recall"": 0.3333, ""covered"": false}, {""cq_index"": 47, ""cq_text"": ""Are there ships without sonar signatures?"", ""cq_token_count"": 5, ""covered_token_count"": 1, ""token_recall"": 0.2, ""covered"": false}]",54,109,0.0459,0.5,True,15,1,8,8,0.0,0.0,0.0,0.0,0.0,0.0,0.0,0.0,0.0,[],[]
meta-llama_Llama-3.1-8B-Instruct,cq-only,2025-149-01,True,,85,True,True,True,22,0,0,0,1.0,1.0,0.0,True,True,25,0.56,0.4633,"[{""cq_index"": 0, ""cq_text"": ""Can the ontology represent a relational database as a first-class schema entity?"", ""cq_token_count"": 8, ""covered_token_count"": 2, ""token_recall"": 0.25, ""covered"": false}, {""cq_index"": 1, ""cq_text"": ""Can the ontology represent tables belonging to a database?"", ""cq_token_count"": 5, ""covered_token_count"": 1, ""token_recall"": 0.2, ""covered"": false}, {""cq_index"": 2, ""cq_text"": ""Can the ontology represent columns belonging to a table?"", ""cq_token_count"": 5, ""covered_token_count"": 1, ""token_recall"": 0.2, ""covered"": false}, {""cq_index"": 3, ""cq_text"": ""Can the ontology represent primary-key relationships in the schema?"", ""cq_token_count"": 6, ""covered_token_count"": 2, ""token_recall"": 0.3333, ""covered"": false}, {""cq_index"": 4, ""cq_text"": ""Can the ontology represent foreign-key relationships and distinguish same-named columns across different tables when they are not semantically linked?"", ""cq_token_count"": 15, ""covered_token_count"": 2, ""token_recall"": 0.1333, ""covered"": false}, {""cq_index"": 5, ""cq_text"": ""Can the ontology define a policy for a specific agent?"", ""cq_token_count"": 5, ""covered_token_count"": 2, ""token_recall"": 0.4, ""covered"": true}, {""cq_index"": 6, ""cq_text"": ""Can a policy specify a high-level ReadAction?"", ""cq_token_count"": 5, ""covered_token_count"": 2, ""token_recall"": 0.4, ""covered"": true}, {""cq_index"": 7, ""cq_text"": ""Can a policy specify a high-level ModifyAction?"", ""cq_token_count"": 5, ""covered_token_count"": 2, ""token_recall"": 0.4, ""covered"": true}, {""cq_index"": 8, ""cq_text"": ""Can a policy specify a ViewActionScope for read operations?"", ""cq_token_count"": 5, ""covered_token_count"": 2, ""token_recall"": 0.4, ""covered"": true}, {""cq_index"": 9, ""cq_text"": ""Can a policy specify a ProcessActionScope for read operations?"", ""cq_token_count"": 5, ""covered_token_count"": 2, ""token_recall"": 0.4, ""covered"": true}, {""cq_index"": 10, ""cq_text"": ""Can a policy be defined at table level?"", ""cq_token_count"": 4, ""covered_token_count"": 4, ""token_recall"": 1.0, ""covered"": true}, {""cq_index"": 11, ""cq_text"": ""Can a policy be defined at column level?"", ""cq_token_count"": 4, ""covered_token_count"": 4, ""token_recall"": 1.0, ""covered"": true}, {""cq_index"": 12, ""cq_text"": ""Can a policy be defined at row level using conditions?"", ""cq_token_count"": 5, ""covered_token_count"": 4, ""token_recall"": 0.8, ""covered"": true}, {""cq_index"": 13, ""cq_text"": ""Can the ontology express a prohibited modify action on a table?"", ""cq_token_count"": 6, ""covered_token_count"": 4, ""token_recall"": 0.6667, ""covered"": true}, {""cq_index"": 14, ""cq_text"": ""Can the ontology express a table-level read prohibition for processing?"", ""cq_token_count"": 7, ""covered_token_count"": 4, ""token_recall"": 0.5714, ""covered"": true}, {""cq_index"": 15, ""cq_text"": ""Can the ontology express a table-level read prohibition for viewing?"", ""cq_token_count"": 7, ""covered_token_count"": 4, ""token_recall"": 0.5714, ""covered"": true}, {""cq_index"": 16, ""cq_text"": ""Can the ontology express a conditional row-level read restriction for later enforcement?"", ""cq_token_count"": 9, ""covered_token_count"": 5, ""token_recall"": 0.5556, ""covered"": true}, {""cq_index"": 17, ""cq_text"": ""Can the ontology represent a SQL query as an AST-based semantic graph?"", ""cq_token_count"": 8, ""covered_token_count"": 3, ""token_recall"": 0.375, ""covered"": false}, {""cq_index"": 18, ""cq_text"": ""Can a SQL statement such as SelectStatement or UpdateStatement be mapped to its semantic action type?"", ""cq_token_count"": 8, ""covered_token_count"": 4, ""token_recall"": 0.5, ""covered"": true}, {""cq_index"": 19, ""cq_text"": ""Can a query statement be linked to the executing agent?"", ""cq_token_count"": 5, ""covered_token_count"": 4, ""token_recall"": 0.8, ""covered"": true}, {""cq_index"": 20, ""cq_text"": ""Can SQL clauses be assigned operational scopes such as view or process?"", ""cq_token_count"": 8, ""covered_token_count"": 3, ""token_recall"": 0.375, ""covered"": false}, {""cq_index"": 21, ""cq_text"": ""Can scope be propagated to reference nodes as an effectiveActionScope?"", ""cq_token_count"": 5, ""covered_token_count"": 1, ""token_recall"": 0.2, ""covered"": false}, {""cq_index"": 22, ""cq_text"": ""Can a TableRef in the query be linked to its corresponding schema Table?"", ""cq_token_count"": 6, ""covered_token_count"": 2, ""token_recall"": 0.3333, ""covered"": false}, {""cq_index"": 23, ""cq_text"": ""Can a ColumnRef in the query be linked to its corresponding schema Column?"", ""cq_token_count"": 6, ""covered_token_count"": 2, ""token_recall"": 0.3333, ""covered"": false}, {""cq_index"": 24, ""cq_text"": ""Can the reasoner infer whether a referenced table or column is Violated or RowTag based on the matching policy, action, and scope?"", ""cq_token_count"": 13, ""covered_token_count"": 5, ""token_recall"": 0.3846, ""covered"": false}]",31,10,0.4,0.129,True,22,48,0,41,0.4091,0.1875,0.2571,0.0,0.0,0.0,0.2105,0.0,0.1285,"[""database"", ""table"", ""column"", ""policy"", ""read action"", ""view action scope"", ""query statement"", ""executing agent"", ""sql clause""]",[]
meta-llama_Llama-3.1-8B-Instruct,cq-only,2025-150-01,False,Could not parse ontology.ttl in turtle/xml/n3 formats.,0,False,False,False,0,0,0,0,0.0,0.0,0.0,True,False,32,0.1562,0.2697,"[{""cq_index"": 0, ""cq_text"": ""Which MQTT Clients are connected to which Broker?"", ""cq_token_count"": 4, ""covered_token_count"": 2, ""token_recall"": 0.5, ""covered"": true}, {""cq_index"": 1, ""cq_text"": ""Which MQTT NetworkConnections exist, are they TLS-secured, and who initiated/accepted them?"", ""cq_token_count"": 9, ""covered_token_count"": 5, ""token_recall"": 0.5556, ""covered"": true}, {""cq_index"": 2, ""cq_text"": ""Which MQTT participants (Clients/Brokers) use which MQTT NetworkConnections?"", ""cq_token_count"": 5, ""covered_token_count"": 1, ""token_recall"": 0.2, ""covered"": false}, {""cq_index"": 3, ""cq_text"": ""Which MQTT Clients with which ClientIDs run on which SOSA platforms?"", ""cq_token_count"": 6, ""covered_token_count"": 2, ""token_recall"": 0.3333, ""covered"": false}, {""cq_index"": 4, ""cq_text"": ""Which MQTT Clients are hosting which SOSA systems (sensors/actuators)?"", ""cq_token_count"": 7, ""covered_token_count"": 2, ""token_recall"": 0.2857, ""covered"": false}, {""cq_index"": 5, ""cq_text"": ""What host/port is a MQTT Broker configured with?"", ""cq_token_count"": 5, ""covered_token_count"": 4, ""token_recall"": 0.8, ""covered"": true}, {""cq_index"": 6, ""cq_text"": ""Which SOSA sensors publish to which MQTT Topics (observations)?"", ""cq_token_count"": 6, ""covered_token_count"": 2, ""token_recall"": 0.3333, ""covered"": false}, {""cq_index"": 7, ""cq_text"": ""Which SOSA actuators listen to which MQTT Topics (commands)?"", ""cq_token_count"": 6, ""covered_token_count"": 2, ""token_recall"": 0.3333, ""covered"": false}, {""cq_index"": 8, ""cq_text"": ""Which SOSA FeaturesOfInterest, Properties etc. appear as MQTT TopicSubjects and on which MQTT Topics?"", ""cq_token_count"": 8, ""covered_token_count"": 2, ""token_recall"": 0.25, ""covered"": false}, {""cq_index"": 9, ""cq_text"": ""Which MQTT Topic Filters match a given MQTT Topic?"", ""cq_token_count"": 4, ""covered_token_count"": 2, ""token_recall"": 0.5, ""covered"": true}, {""cq_index"": 10, ""cq_text"": ""Which MQTT Topics are matched by a given MQTT Topic Filter?"", ""cq_token_count"": 5, ""covered_token_count"": 2, ""token_recall"": 0.4, ""covered"": true}, {""cq_index"": 11, ""cq_text"": ""Which MQTT filter patterns (with wildcards) are stored?"", ""cq_token_count"": 5, ""covered_token_count"": 1, ""token_recall"": 0.2, ""covered"": false}, {""cq_index"": 12, ""cq_text"": ""Which MQTT Clients send which MQTT Control Packets?"", ""cq_token_count"": 5, ""covered_token_count"": 1, ""token_recall"": 0.2, ""covered"": false}, {""cq_index"": 13, ""cq_text"": ""Which MQTT PUBLISH/SUBSCRIBE/UNSUBSCRIBE packets were sent (specializations)?"", ""cq_token_count"": 7, ""covered_token_count"": 1, ""token_recall"": 0.1429, ""covered"": false}, {""cq_index"": 14, ""cq_text"": ""Which MQTT Brokers receive/forward which MQTT Control Packets?"", ""cq_token_count"": 6, ""covered_token_count"": 1, ""token_recall"": 0.1667, ""covered"": false}, {""cq_index"": 15, ""cq_text"": ""Which MQTT Control Packets were sent by which Client (inverse)?"", ""cq_token_count"": 6, ""covered_token_count"": 2, ""token_recall"": 0.3333, ""covered"": false}, {""cq_index"": 16, ""cq_text"": ""Which MQTT Publish packets carry Observations for a specific SOSA FeatureOfInterest or Property?"", ""cq_token_count"": 9, ""covered_token_count"": 3, ""token_recall"": 0.3333, ""covered"": false}, {""cq_index"": 17, ""cq_text"": ""Which MQTT SUBSCRIBE packets request QoS=2 and for which filters?"", ""cq_token_count"": 6, ""covered_token_count"": 1, ""token_recall"": 0.1667, ""covered"": false}, {""cq_index"": 18, ""cq_text"": ""Which MQTT UNSUBSCRIBE packets remove all filters under a certain path (e.g. 'factory/centering/#')?"", ""cq_token_count"": 10, ""covered_token_count"": 1, ""token_recall"": 0.1, ""covered"": false}, {""cq_index"": 19, ""cq_text"": ""Which MQTT Control Packet has which Fixed Header / Variable Header / Payload?"", ""cq_token_count"": 7, ""covered_token_count"": 1, ""token_recall"": 0.1429, ""covered"": false}, {""cq_index"": 20, ""cq_text"": ""Which MQTT PUBLISH packet has which MQTT Topic (name) in the Variable Header?"", ""cq_token_count"": 7, ""covered_token_count"": 2, ""token_recall"": 0.2857, ""covered"": false}, {""cq_index"": 21, ""cq_text"": ""Which QoS levels are set (in PUBLISH Fixed Header or SubscriptionEntry)?"", ""cq_token_count"": 7, ""covered_token_count"": 0, ""token_recall"": 0.0, ""covered"": false}, {""cq_index"": 22, ""cq_text"": ""Are RETAIN/DUP flags set in PUBLISH?"", ""cq_token_count"": 5, ""covered_token_count"": 0, ""token_recall"": 0.0, ""covered"": false}, {""cq_index"": 23, ""cq_text"": ""Which MQTT Control Packets have which PacketIdentifier?"", ""cq_token_count"": 4, ""covered_token_count"": 1, ""token_recall"": 0.25, ""covered"": false}, {""cq_index"": 24, ""cq_text"": ""Which MQTT SUBSCRIBE payloads contain which SubscriptionEntries?"", ""cq_token_count"": 5, ""covered_token_count"": 1, ""token_recall"": 0.2, ""covered"": false}, {""cq_index"": 25, ""cq_text"": ""Which MQTT Topic Filters (with QoS) are requested by a SubscriptionEntry?"", ""cq_token_count"": 6, ""covered_token_count"": 2, ""token_recall"": 0.3333, ""covered"": false}, {""cq_index"": 26, ""cq_text"": ""Which MQTT UNSUBSCRIBE payloads remove which MQTT TopicFilters?"", ""cq_token_count"": 5, ""covered_token_count"": 1, ""token_recall"": 0.2, ""covered"": false}, {""cq_index"": 27, ""cq_text"": ""Which MQTT PUBLISH payloads encode SOSA Observations (or Observation Collections)?"", ""cq_token_count"": 8, ""covered_token_count"": 2, ""token_recall"": 0.25, ""covered"": false}, {""cq_index"": 28, ""cq_text"": ""Which MQTT PUBLISH payloads encode SOSA Actuations (or Actuation Collections)?"", ""cq_token_count"": 8, ""covered_token_count"": 2, ""token_recall"": 0.25, ""covered"": false}, {""cq_index"": 29, ""cq_text"": ""Which fields are encoded in a MQTT payload?"", ""cq_token_count"": 4, ""covered_token_count"": 1, ""token_recall"": 0.25, ""covered"": false}, {""cq_index"": 30, ""cq_text"": ""What content, content type, encoding and delimiter does a MQTT PUBLISH payload have?"", ""cq_token_count"": 6, ""covered_token_count"": 1, ""token_recall"": 0.1667, ""covered"": false}, {""cq_index"": 31, ""cq_text"": ""What is the size of a MQTT payload (as QUDT QuantityValue with unit)?"", ""cq_token_count"": 6, ""covered_token_count"": 1, ""token_recall"": 0.1667, ""covered"": false}]",46,60,0.05,0.6957,True,0,9,0,11,0.0,0.0,0.0,0.0,0.0,0.0,0.0,0.0,0.0,[],[]
meta-llama_Llama-3.1-8B-Instruct,cq-only,2025-151-01,True,,47,True,True,True,0,4,1,0,1.0,1.0,0.8,True,True,5,1.0,0.975,"[{""cq_index"": 0, ""cq_text"": ""What is the requested action?"", ""cq_token_count"": 2, ""covered_token_count"": 2, ""token_recall"": 1.0, ""covered"": true}, {""cq_index"": 1, ""cq_text"": ""Who is the party issuing the evaluation request?"", ""cq_token_count"": 4, ""covered_token_count"": 4, ""token_recall"": 1.0, ""covered"": true}, {""cq_index"": 2, ""cq_text"": ""What is the target asset of the evaluation request?"", ""cq_token_count"": 4, ""covered_token_count"": 4, ""token_recall"": 1.0, ""covered"": true}, {""cq_index"": 3, ""cq_text"": ""When was the evaluation request issued?"", ""cq_token_count"": 3, ""covered_token_count"": 3, ""token_recall"": 1.0, ""covered"": true}, {""cq_index"": 4, ""cq_text"": ""What additional contextual information can be included in the evaluation request to further constrain it?"", ""cq_token_count"": 8, ""covered_token_count"": 7, ""token_recall"": 0.875, ""covered"": true}]",23,25,0.4,0.3478,True,0,1,5,5,0.0,0.0,0.0,0.6,0.6,0.6,0.0,0.4444,0.3,[],"[""requested action"", ""issued by"", ""additional context""]"
meta-llama_Llama-3.1-8B-Instruct,cq-only,2025-151-02,True,,90,True,True,True,14,9,0,0,1.0,1.0,1.0,True,True,10,1.0,0.7231,"[{""cq_index"": 0, ""cq_text"": ""What is the current time?"", ""cq_token_count"": 2, ""covered_token_count"": 2, ""token_recall"": 1.0, ""covered"": true}, {""cq_index"": 1, ""cq_text"": ""What is the location of a party?"", ""cq_token_count"": 2, ""covered_token_count"": 2, ""token_recall"": 1.0, ""covered"": true}, {""cq_index"": 2, ""cq_text"": ""What assets are part of the asset collection of the policy that is being evaluated?"", ""cq_token_count"": 7, ""covered_token_count"": 6, ""token_recall"": 0.8571, ""covered"": true}, {""cq_index"": 3, ""cq_text"": ""Which parties are part of the party collection of the policy that is being evaluated?"", ""cq_token_count"": 7, ""covered_token_count"": 6, ""token_recall"": 0.8571, ""covered"": true}, {""cq_index"": 4, ""cq_text"": ""What actions were already performed or attempted?"", ""cq_token_count"": 4, ""covered_token_count"": 2, ""token_recall"": 0.5, ""covered"": true}, {""cq_index"": 5, ""cq_text"": ""How many times has a rule been exercised?"", ""cq_token_count"": 4, ""covered_token_count"": 3, ""token_recall"": 0.75, ""covered"": true}, {""cq_index"": 6, ""cq_text"": ""What information is available about an event that has occurred?"", ""cq_token_count"": 4, ""covered_token_count"": 2, ""token_recall"": 0.5, ""covered"": true}, {""cq_index"": 7, ""cq_text"": ""How long has a rule been exercised?"", ""cq_token_count"": 3, ""covered_token_count"": 2, ""token_recall"": 0.6667, ""covered"": true}, {""cq_index"": 8, ""cq_text"": ""Which recipients or categories of recipients can receive the result of the rule that has been exercised?"", ""cq_token_count"": 6, ""covered_token_count"": 3, ""token_recall"": 0.5, ""covered"": true}, {""cq_index"": 9, ""cq_text"": ""Has a financial payment been made? What was the amount paid?"", ""cq_token_count"": 5, ""covered_token_count"": 3, ""token_recall"": 0.6, ""covered"": true}]",52,23,0.0435,0.5769,True,14,1,9,0,0.0,0.0,0.0,0.0,0.0,0.0,0.0,0.0,0.0,[],[]
meta-llama_Llama-3.1-8B-Instruct,cq-only,2025-153-01,True,,40,True,True,True,9,1,1,0,1.0,1.0,1.0,True,True,8,0.875,0.5521,"[{""cq_index"": 0, ""cq_text"": ""Which entity does a persistent identifier currently reference?"", ""cq_token_count"": 5, ""covered_token_count"": 1, ""token_recall"": 0.2, ""covered"": false}, {""cq_index"": 1, ""cq_text"": ""Which entity was referenced at a past timestamp?"", ""cq_token_count"": 4, ""covered_token_count"": 3, ""token_recall"": 0.75, ""covered"": true}, {""cq_index"": 2, ""cq_text"": ""When did referent transitions occur?"", ""cq_token_count"": 3, ""covered_token_count"": 2, ""token_recall"": 0.6667, ""covered"": true}, {""cq_index"": 3, ""cq_text"": ""What observations are associated with specific referents?"", ""cq_token_count"": 4, ""covered_token_count"": 2, ""token_recall"": 0.5, ""covered"": true}, {""cq_index"": 4, ""cq_text"": ""What is the full sequence of referents over time?"", ""cq_token_count"": 5, ""covered_token_count"": 3, ""token_recall"": 0.6, ""covered"": true}, {""cq_index"": 5, ""cq_text"": ""Which rules triggered specific transitions?"", ""cq_token_count"": 4, ""covered_token_count"": 2, ""token_recall"": 0.5, ""covered"": true}, {""cq_index"": 6, ""cq_text"": ""Are there gaps or overlaps in temporal bindings?"", ""cq_token_count"": 5, ""covered_token_count"": 2, ""token_recall"": 0.4, ""covered"": true}, {""cq_index"": 7, ""cq_text"": ""Can complete context be rebuilt for any time point?"", ""cq_token_count"": 5, ""covered_token_count"": 4, ""token_recall"": 0.8, ""covered"": true}]",29,119,0.0336,0.4483,True,9,11,2,22,0.3333,0.2727,0.3,0.0,0.0,0.0,0.2727,0.16,0.15,"[""referent"", ""observation"", ""temporal binding""]",[]
meta-llama_Llama-3.1-8B-Instruct,cq-only,2026-155-01,False,Could not parse ontology.ttl in turtle/xml/n3 formats.,0,False,False,False,0,0,0,0,0.0,0.0,0.0,True,False,8,0.875,0.6964,"[{""cq_index"": 0, ""cq_text"": ""Which survey or investigation activities were performed on a given cultural property or on a specific feature of interest?"", ""cq_token_count"": 9, ""covered_token_count"": 8, ""token_recall"": 0.8889, ""covered"": true}, {""cq_index"": 1, ""cq_text"": ""Which method or investigation technique was adopted in a specific survey or investigation activity?"", ""cq_token_count"": 7, ""covered_token_count"": 6, ""token_recall"": 0.8571, ""covered"": true}, {""cq_index"": 2, ""cq_text"": ""Which observations were produced during a given survey or investigation activity?"", ""cq_token_count"": 6, ""covered_token_count"": 6, ""token_recall"": 1.0, ""covered"": true}, {""cq_index"": 3, ""cq_text"": ""Which experts participated in the survey or investigation activity, and with which roles?"", ""cq_token_count"": 6, ""covered_token_count"": 3, ""token_recall"": 0.5, ""covered"": true}, {""cq_index"": 4, ""cq_text"": ""Which hardware, software, and technical configurations were used to conduct a specific survey or investigation activity?"", ""cq_token_count"": 9, ""covered_token_count"": 7, ""token_recall"": 0.7778, ""covered"": true}, {""cq_index"": 5, ""cq_text"": ""What interpretations or claims are supported by the observations produced during a survey?"", ""cq_token_count"": 7, ""covered_token_count"": 5, ""token_recall"": 0.7143, ""covered"": true}, {""cq_index"": 6, ""cq_text"": ""How are post-processed outputs (e.g., interactive images, spectra, datasets) related to the underlying acquisition or observation activities?"", ""cq_token_count"": 12, ""covered_token_count"": 6, ""token_recall"": 0.5, ""covered"": true}, {""cq_index"": 7, ""cq_text"": ""Which acquisition parameters (e.g., exposure time, ISO, aperture) characterised a specific photographic acquisition cycle within a survey?"", ""cq_token_count"": 12, ""covered_token_count"": 4, ""token_recall"": 0.3333, ""covered"": false}]",52,20,0.35,0.4423,True,0,22,0,32,0.0,0.0,0.0,0.0,0.0,0.0,0.0,0.0,0.0,[],[]
meta-llama_Llama-3.1-8B-Instruct,scenario-cq,2023-133-01,True,,81,True,True,True,9,8,1,0,1.0,1.0,1.0,True,True,4,1.0,0.7875,"[{""cq_index"": 0, ""cq_text"": ""What events are responsible for the pavement being slippery?"", ""cq_token_count"": 5, ""covered_token_count"": 3, ""token_recall"": 0.6, ""covered"": true}, {""cq_index"": 1, ""cq_text"": ""What would be the outcome of turning the sprinkler system on(off)?"", ""cq_token_count"": 5, ""covered_token_count"": 5, ""token_recall"": 1.0, ""covered"": true}, {""cq_index"": 2, ""cq_text"": ""How strong is the causal link between the sprinkler being on and the pavement being wet?"", ""cq_token_count"": 8, ""covered_token_count"": 6, ""token_recall"": 0.75, ""covered"": true}, {""cq_index"": 3, ""cq_text"": ""What if the pavement is not wet, how would it effect the pavement being slippery?"", ""cq_token_count"": 5, ""covered_token_count"": 4, ""token_recall"": 0.8, ""covered"": true}]",33,41,0.439,0.303,True,9,5,9,5,0.1111,0.2,0.1429,0.2222,0.4,0.2857,0.0667,0.3333,0.2143,"[""event""]","[""has effect"", ""outcome""]"
meta-llama_Llama-3.1-8B-Instruct,scenario-cq,2023-133-02,True,,50,True,True,True,4,6,1,0,1.0,1.0,1.0,True,True,6,0.8333,0.5989,"[{""cq_index"": 0, ""cq_text"": ""Is the medication intake by the patient caused by the presence of outdoor environmental allergen such as pollen or AQI?"", ""cq_token_count"": 11, ""covered_token_count"": 6, ""token_recall"": 0.5455, ""covered"": true}, {""cq_index"": 1, ""cq_text"": ""How much does the presence of an asthma symptom effect the intake of medication?"", ""cq_token_count"": 7, ""covered_token_count"": 5, ""token_recall"": 0.7143, ""covered"": true}, {""cq_index"": 2, ""cq_text"": ""How does an outdoor environmental allergen affect the patient?"", ""cq_token_count"": 5, ""covered_token_count"": 4, ""token_recall"": 0.8, ""covered"": true}, {""cq_index"": 3, ""cq_text"": ""What is the probable cause of the cough experienced by the patient?"", ""cq_token_count"": 5, ""covered_token_count"": 1, ""token_recall"": 0.2, ""covered"": false}, {""cq_index"": 4, ""cq_text"": ""What if pollen (or AQI) allergen was not present in the outdoor environment, how would it effect the intake of medication?"", ""cq_token_count"": 9, ""covered_token_count"": 6, ""token_recall"": 0.6667, ""covered"": true}, {""cq_index"": 5, ""cq_text"": ""What if the patient did not experience a cough, how would it effect the intake of medication?"", ""cq_token_count"": 6, ""covered_token_count"": 4, ""token_recall"": 0.6667, ""covered"": true}]",19,60,0.2167,0.2632,True,4,5,7,5,0.0,0.0,0.0,0.1429,0.2,0.1667,0.0,0.25,0.0833,[],"[""has symptom effect""]"
meta-llama_Llama-3.1-8B-Instruct,scenario-cq,2023-134-01,True,,66,True,True,True,6,0,4,0,1.0,1.0,0.0,True,True,8,1.0,1.0,"[{""cq_index"": 0, ""cq_text"": ""What is the unique identifier of the policy?"", ""cq_token_count"": 3, ""covered_token_count"": 3, ""token_recall"": 1.0, ""covered"": true}, {""cq_index"": 1, ""cq_text"": ""Who is the creator of the policy?"", ""cq_token_count"": 2, ""covered_token_count"": 2, ""token_recall"": 1.0, ""covered"": true}, {""cq_index"": 2, ""cq_text"": ""When was the policy issued?"", ""cq_token_count"": 2, ""covered_token_count"": 2, ""token_recall"": 1.0, ""covered"": true}, {""cq_index"": 3, ""cq_text"": ""Who is the assignee of the policy?"", ""cq_token_count"": 2, ""covered_token_count"": 2, ""token_recall"": 1.0, ""covered"": true}, {""cq_index"": 4, ""cq_text"": ""What application/service is being used to access the data?"", ""cq_token_count"": 5, ""covered_token_count"": 5, ""token_recall"": 1.0, ""covered"": true}, {""cq_index"": 5, ""cq_text"": ""What access mode is being requested?"", ""cq_token_count"": 4, ""covered_token_count"": 4, ""token_recall"": 1.0, ""covered"": true}, {""cq_index"": 6, ""cq_text"": ""What personal data is being accessed?"", ""cq_token_count"": 4, ""covered_token_count"": 4, ""token_recall"": 1.0, ""covered"": true}, {""cq_index"": 7, ""cq_text"": ""What is the purpose for accessing the data?"", ""cq_token_count"": 3, ""covered_token_count"": 3, ""token_recall"": 1.0, ""covered"": true}]",49,88,0.3295,0.1224,True,6,0,4,0,0.0,0.0,0.0,0.0,0.0,0.0,0.0,0.0,0.0,[],[]
meta-llama_Llama-3.1-8B-Instruct,scenario-cq,2023-134-02,True,,92,True,True,True,8,10,0,0,1.0,1.0,1.0,True,True,6,1.0,0.9445,"[{""cq_index"": 0, ""cq_text"": ""What type of action, e.g., create, update, erase, is being performed on the data?"", ""cq_token_count"": 7, ""covered_token_count"": 7, ""token_recall"": 1.0, ""covered"": true}, {""cq_index"": 1, ""cq_text"": ""Who is the entity interacting with the data?"", ""cq_token_count"": 3, ""covered_token_count"": 3, ""token_recall"": 1.0, ""covered"": true}, {""cq_index"": 2, ""cq_text"": ""Who is the entity publishing the log?"", ""cq_token_count"": 3, ""covered_token_count"": 2, ""token_recall"": 0.6667, ""covered"": true}, {""cq_index"": 3, ""cq_text"": ""When was the log issued?"", ""cq_token_count"": 2, ""covered_token_count"": 2, ""token_recall"": 1.0, ""covered"": true}, {""cq_index"": 4, ""cq_text"": ""Where is the data being stored?"", ""cq_token_count"": 3, ""covered_token_count"": 3, ""token_recall"": 1.0, ""covered"": true}, {""cq_index"": 5, ""cq_text"": ""What application/service is being used to generate the data, if any?"", ""cq_token_count"": 5, ""covered_token_count"": 5, ""token_recall"": 1.0, ""covered"": true}]",41,88,0.1364,0.3902,True,8,0,10,0,0.0,0.0,0.0,0.0,0.0,0.0,0.0,0.0,0.0,[],[]
meta-llama_Llama-3.1-8B-Instruct,scenario-cq,2023-134-03,True,,58,True,True,True,5,6,2,0,1.0,1.0,1.0,True,True,5,1.0,0.8,"[{""cq_index"": 0, ""cq_text"": ""Who is maintaining the registry?"", ""cq_token_count"": 2, ""covered_token_count"": 2, ""token_recall"": 1.0, ""covered"": true}, {""cq_index"": 1, ""cq_text"": ""When was the registry created/updated?"", ""cq_token_count"": 3, ""covered_token_count"": 3, ""token_recall"": 1.0, ""covered"": true}, {""cq_index"": 2, ""cq_text"": ""What types of data are available?"", ""cq_token_count"": 2, ""covered_token_count"": 1, ""token_recall"": 0.5, ""covered"": true}, {""cq_index"": 3, ""cq_text"": ""Where is a specific type of data being stored?"", ""cq_token_count"": 4, ""covered_token_count"": 2, ""token_recall"": 0.5, ""covered"": true}, {""cq_index"": 4, ""cq_text"": ""What policy is associated with the data?"", ""cq_token_count"": 3, ""covered_token_count"": 3, ""token_recall"": 1.0, ""covered"": true}]",24,88,0.0795,0.4583,True,5,0,8,0,0.0,0.0,0.0,0.0,0.0,0.0,0.0,0.0,0.0,[],[]
meta-llama_Llama-3.1-8B-Instruct,scenario-cq,2023-135-01,False,Could not parse ontology.ttl in turtle/xml/n3 formats.,0,False,False,False,0,0,0,0,0.0,0.0,0.0,True,False,3,0.3333,0.4074,"[{""cq_index"": 0, ""cq_text"": ""Under what pseudonym did the author C. S. Lewis published a collection of poems, Spirit in Bondage?"", ""cq_token_count"": 9, ""covered_token_count"": 8, ""token_recall"": 0.8889, ""covered"": true}, {""cq_index"": 1, ""cq_text"": ""What alternative did C. S. Lewis used to assume the role of a book writer?"", ""cq_token_count"": 6, ""covered_token_count"": 2, ""token_recall"": 0.3333, ""covered"": false}, {""cq_index"": 2, ""cq_text"": ""Show the trajectories of rivers which cross national parks?"", ""cq_token_count"": 5, ""covered_token_count"": 0, ""token_recall"": 0.0, ""covered"": false}]",54,10,0.3,0.7963,True,0,5,0,13,0.0,0.0,0.0,0.0,0.0,0.0,0.0,0.0,0.0,[],[]
meta-llama_Llama-3.1-8B-Instruct,scenario-cq,2024-145-01,True,,59,True,True,True,0,0,0,0,0.0,0.0,0.0,True,True,7,1.0,0.9,"[{""cq_index"": 0, ""cq_text"": ""List all district courts in a given state."", ""cq_token_count"": 3, ""covered_token_count"": 3, ""token_recall"": 1.0, ""covered"": true}, {""cq_index"": 1, ""cq_text"": ""In which state is a given district court instance located?"", ""cq_token_count"": 5, ""covered_token_count"": 4, ""token_recall"": 0.8, ""covered"": true}, {""cq_index"": 2, ""cq_text"": ""How many districts are in a given state of India?"", ""cq_token_count"": 4, ""covered_token_count"": 2, ""token_recall"": 0.5, ""covered"": true}, {""cq_index"": 3, ""cq_text"": ""Which court has authority over a given court?"", ""cq_token_count"": 3, ""covered_token_count"": 3, ""token_recall"": 1.0, ""covered"": true}, {""cq_index"": 4, ""cq_text"": ""What is the check transaction type for a bad check?"", ""cq_token_count"": 3, ""covered_token_count"": 3, ""token_recall"": 1.0, ""covered"": true}, {""cq_index"": 5, ""cq_text"": ""When is a check payment of a bad check?"", ""cq_token_count"": 3, ""covered_token_count"": 3, ""token_recall"": 1.0, ""covered"": true}, {""cq_index"": 6, ""cq_text"": ""What is the transaction status of a given check payment?"", ""cq_token_count"": 4, ""covered_token_count"": 4, ""token_recall"": 1.0, ""covered"": true}]",21,17,0.2941,0.2857,False,0,0,0,0,0.0,0.0,0.0,0.0,0.0,0.0,0.0,0.0,0.0,[],[]
meta-llama_Llama-3.1-8B-Instruct,scenario-cq,2025-147-01,True,,83,True,True,True,16,0,8,0,1.0,1.0,0.0,True,True,48,0.4375,0.3877,"[{""cq_index"": 0, ""cq_text"": ""How are ships clearly identified?"", ""cq_token_count"": 3, ""covered_token_count"": 1, ""token_recall"": 0.3333, ""covered"": false}, {""cq_index"": 1, ""cq_text"": ""How are a ship's dimensions described?"", ""cq_token_count"": 3, ""covered_token_count"": 2, ""token_recall"": 0.6667, ""covered"": true}, {""cq_index"": 2, ""cq_text"": ""What information can be provided about the typical location of a ship?"", ""cq_token_count"": 5, ""covered_token_count"": 2, ""token_recall"": 0.4, ""covered"": true}, {""cq_index"": 3, ""cq_text"": ""Who can be the owner of a ship?"", ""cq_token_count"": 2, ""covered_token_count"": 2, ""token_recall"": 1.0, ""covered"": true}, {""cq_index"": 4, ""cq_text"": ""How is a ship's average speed over ground specified?"", ""cq_token_count"": 6, ""covered_token_count"": 4, ""token_recall"": 0.6667, ""covered"": true}, {""cq_index"": 5, ""cq_text"": ""How many container ships are registered under the German flag?"", ""cq_token_count"": 7, ""covered_token_count"": 1, ""token_recall"": 0.1429, ""covered"": false}, {""cq_index"": 6, ""cq_text"": ""How is the GPS antenna placed relatively to the ship's structure (bow, stern, port, starboard)?"", ""cq_token_count"": 10, ""covered_token_count"": 1, ""token_recall"": 0.1, ""covered"": false}, {""cq_index"": 7, ""cq_text"": ""Which organization owns the most ships?"", ""cq_token_count"": 4, ""covered_token_count"": 2, ""token_recall"": 0.5, ""covered"": true}, {""cq_index"": 8, ""cq_text"": ""What information can be provided about a ship route?"", ""cq_token_count"": 4, ""covered_token_count"": 2, ""token_recall"": 0.5, ""covered"": true}, {""cq_index"": 9, ""cq_text"": ""What information is known about a single trajectory part?"", ""cq_token_count"": 5, ""covered_token_count"": 1, ""token_recall"": 0.2, ""covered"": false}, {""cq_index"": 10, ""cq_text"": ""What types of trajectories are distinguished?"", ""cq_token_count"": 2, ""covered_token_count"": 0, ""token_recall"": 0.0, ""covered"": false}, {""cq_index"": 11, ""cq_text"": ""What unit does the draught of a ship have?"", ""cq_token_count"": 3, ""covered_token_count"": 1, ""token_recall"": 0.3333, ""covered"": false}, {""cq_index"": 12, ""cq_text"": ""What was the average speed over ground of the ship on route on day X?"", ""cq_token_count"": 7, ""covered_token_count"": 5, ""token_recall"": 0.7143, ""covered"": true}, {""cq_index"": 13, ""cq_text"": ""What route is predicted for ship X?"", ""cq_token_count"": 3, ""covered_token_count"": 2, ""token_recall"": 0.6667, ""covered"": true}, {""cq_index"": 14, ""cq_text"": ""What types of engines are used in ships?"", ""cq_token_count"": 2, ""covered_token_count"": 1, ""token_recall"": 0.5, ""covered"": true}, {""cq_index"": 15, ""cq_text"": ""What combinations of engines can exist?"", ""cq_token_count"": 3, ""covered_token_count"": 0, ""token_recall"": 0.0, ""covered"": false}, {""cq_index"": 16, ""cq_text"": ""What powers these ship engines?"", ""cq_token_count"": 4, ""covered_token_count"": 1, ""token_recall"": 0.25, ""covered"": false}, {""cq_index"": 17, ""cq_text"": ""What is driven by ship engines?"", ""cq_token_count"": 3, ""covered_token_count"": 1, ""token_recall"": 0.3333, ""covered"": false}, {""cq_index"": 18, ""cq_text"": ""What types of propulsion systems can ships have?"", ""cq_token_count"": 3, ""covered_token_count"": 2, ""token_recall"": 0.6667, ""covered"": true}, {""cq_index"": 19, ""cq_text"": ""What propulsion systems don't rely on an engine?"", ""cq_token_count"": 5, ""covered_token_count"": 2, ""token_recall"": 0.4, ""covered"": true}, {""cq_index"": 20, ""cq_text"": ""Which propulsion technologies are used by each individual propulsion system?"", ""cq_token_count"": 4, ""covered_token_count"": 2, ""token_recall"": 0.5, ""covered"": true}, {""cq_index"": 21, ""cq_text"": ""What falls under the category of propulsion technologies powered by engines?"", ""cq_token_count"": 7, ""covered_token_count"": 1, ""token_recall"": 0.1429, ""covered"": false}, {""cq_index"": 22, ""cq_text"": ""What types of jet propulsors exist?"", ""cq_token_count"": 3, ""covered_token_count"": 1, ""token_recall"": 0.3333, ""covered"": false}, {""cq_index"": 23, ""cq_text"": ""What types of bladed propulsors exist?"", ""cq_token_count"": 3, ""covered_token_count"": 1, ""token_recall"": 0.3333, ""covered"": false}, {""cq_index"": 24, ""cq_text"": ""What types of blade propulsors follow a special design?"", ""cq_token_count"": 5, ""covered_token_count"": 1, ""token_recall"": 0.2, ""covered"": false}, {""cq_index"": 25, ""cq_text"": ""What properties describe a bladed propulsor?"", ""cq_token_count"": 4, ""covered_token_count"": 3, ""token_recall"": 0.75, ""covered"": true}, {""cq_index"": 26, ""cq_text"": ""What types of screw propellers can be used?"", ""cq_token_count"": 2, ""covered_token_count"": 1, ""token_recall"": 0.5, ""covered"": true}, {""cq_index"": 27, ""cq_text"": ""What is used to prevent cavitation on technologies for motorized propulsion?"", ""cq_token_count"": 5, ""covered_token_count"": 1, ""token_recall"": 0.2, ""covered"": false}, {""cq_index"": 28, ""cq_text"": ""What type of sails exist?"", ""cq_token_count"": 2, ""covered_token_count"": 0, ""token_recall"": 0.0, ""covered"": false}, {""cq_index"": 29, ""cq_text"": ""Which type of propulsion technologies can assist a motorized ship?"", ""cq_token_count"": 5, ""covered_token_count"": 2, ""token_recall"": 0.4, ""covered"": true}, {""cq_index"": 30, ""cq_text"": ""What fuel does ship X use to drive?"", ""cq_token_count"": 3, ""covered_token_count"": 1, ""token_recall"": 0.3333, ""covered"": false}, {""cq_index"": 31, ""cq_text"": ""How many engines power ship X?"", ""cq_token_count"": 4, ""covered_token_count"": 2, ""token_recall"": 0.5, ""covered"": true}, {""cq_index"": 32, ""cq_text"": ""What types of propellers are installed on ship X?"", ""cq_token_count"": 3, ""covered_token_count"": 1, ""token_recall"": 0.3333, ""covered"": false}, {""cq_index"": 33, ""cq_text"": ""What is the most common type of propeller?"", ""cq_token_count"": 3, ""covered_token_count"": 1, ""token_recall"": 0.3333, ""covered"": false}, {""cq_index"": 34, ""cq_text"": ""How many ships have sails?"", ""cq_token_count"": 3, ""covered_token_count"": 1, ""token_recall"": 0.3333, ""covered"": false}, {""cq_index"": 35, ""cq_text"": ""Which ships use electric engines exclusively?"", ""cq_token_count"": 4, ""covered_token_count"": 1, ""token_recall"": 0.25, ""covered"": false}, {""cq_index"": 36, ""cq_text"": ""What motorized propulsion does a ship use that is assisted by wind propulsion?"", ""cq_token_count"": 5, ""covered_token_count"": 4, ""token_recall"": 0.8, ""covered"": true}, {""cq_index"": 37, ""cq_text"": ""How many supercavitating propellers does ship X use?"", ""cq_token_count"": 4, ""covered_token_count"": 1, ""token_recall"": 0.25, ""covered"": false}, {""cq_index"": 38, ""cq_text"": ""What diameter and how many blades does the fixed pitch propeller Y of ship X have?"", ""cq_token_count"": 7, ""covered_token_count"": 3, ""token_recall"": 0.4286, ""covered"": true}, {""cq_index"": 39, ""cq_text"": ""What is the least utilized wind assisted propulsion system?"", ""cq_token_count"": 6, ""covered_token_count"": 4, ""token_recall"": 0.6667, ""covered"": true}, {""cq_index"": 40, ""cq_text"": ""What different kinds of data can be used to represent a ship?"", ""cq_token_count"": 5, ""covered_token_count"": 1, ""token_recall"": 0.2, ""covered"": false}, {""cq_index"": 41, ""cq_text"": ""How is sonar data of ships stored?"", ""cq_token_count"": 4, ""covered_token_count"": 1, ""token_recall"": 0.25, ""covered"": false}, {""cq_index"": 42, ""cq_text"": ""What image resources are available for a ship?"", ""cq_token_count"": 4, ""covered_token_count"": 1, ""token_recall"": 0.25, ""covered"": false}, {""cq_index"": 43, ""cq_text"": ""What textual information about a ship is available?"", ""cq_token_count"": 4, ""covered_token_count"": 1, ""token_recall"": 0.25, ""covered"": false}, {""cq_index"": 44, ""cq_text"": ""What does ship X look like?"", ""cq_token_count"": 3, ""covered_token_count"": 2, ""token_recall"": 0.6667, ""covered"": true}, {""cq_index"": 45, ""cq_text"": ""How does ship X sound like on a sonar?"", ""cq_token_count"": 4, ""covered_token_count"": 2, ""token_recall"": 0.5, ""covered"": true}, {""cq_index"": 46, ""cq_text"": ""What is the textual description of ship X?"", ""cq_token_count"": 3, ""covered_token_count"": 1, ""token_recall"": 0.3333, ""covered"": false}, {""cq_index"": 47, ""cq_text"": ""Are there ships without sonar signatures?"", ""cq_token_count"": 5, ""covered_token_count"": 1, ""token_recall"": 0.2, ""covered"": false}]",71,109,0.1468,0.493,True,16,1,8,8,0.0,0.0,0.0,0.0,0.0,0.0,0.0,0.0,0.0,[],[]
meta-llama_Llama-3.1-8B-Instruct,scenario-cq,2025-149-01,True,,83,True,True,True,19,3,0,0,1.0,1.0,1.0,True,True,25,0.64,0.4856,"[{""cq_index"": 0, ""cq_text"": ""Can the ontology represent a relational database as a first-class schema entity?"", ""cq_token_count"": 8, ""covered_token_count"": 3, ""token_recall"": 0.375, ""covered"": false}, {""cq_index"": 1, ""cq_text"": ""Can the ontology represent tables belonging to a database?"", ""cq_token_count"": 5, ""covered_token_count"": 1, ""token_recall"": 0.2, ""covered"": false}, {""cq_index"": 2, ""cq_text"": ""Can the ontology represent columns belonging to a table?"", ""cq_token_count"": 5, ""covered_token_count"": 1, ""token_recall"": 0.2, ""covered"": false}, {""cq_index"": 3, ""cq_text"": ""Can the ontology represent primary-key relationships in the schema?"", ""cq_token_count"": 6, ""covered_token_count"": 2, ""token_recall"": 0.3333, ""covered"": false}, {""cq_index"": 4, ""cq_text"": ""Can the ontology represent foreign-key relationships and distinguish same-named columns across different tables when they are not semantically linked?"", ""cq_token_count"": 15, ""covered_token_count"": 2, ""token_recall"": 0.1333, ""covered"": false}, {""cq_index"": 5, ""cq_text"": ""Can the ontology define a policy for a specific agent?"", ""cq_token_count"": 5, ""covered_token_count"": 3, ""token_recall"": 0.6, ""covered"": true}, {""cq_index"": 6, ""cq_text"": ""Can a policy specify a high-level ReadAction?"", ""cq_token_count"": 5, ""covered_token_count"": 3, ""token_recall"": 0.6, ""covered"": true}, {""cq_index"": 7, ""cq_text"": ""Can a policy specify a high-level ModifyAction?"", ""cq_token_count"": 5, ""covered_token_count"": 3, ""token_recall"": 0.6, ""covered"": true}, {""cq_index"": 8, ""cq_text"": ""Can a policy specify a ViewActionScope for read operations?"", ""cq_token_count"": 5, ""covered_token_count"": 3, ""token_recall"": 0.6, ""covered"": true}, {""cq_index"": 9, ""cq_text"": ""Can a policy specify a ProcessActionScope for read operations?"", ""cq_token_count"": 5, ""covered_token_count"": 3, ""token_recall"": 0.6, ""covered"": true}, {""cq_index"": 10, ""cq_text"": ""Can a policy be defined at table level?"", ""cq_token_count"": 4, ""covered_token_count"": 3, ""token_recall"": 0.75, ""covered"": true}, {""cq_index"": 11, ""cq_text"": ""Can a policy be defined at column level?"", ""cq_token_count"": 4, ""covered_token_count"": 3, ""token_recall"": 0.75, ""covered"": true}, {""cq_index"": 12, ""cq_text"": ""Can a policy be defined at row level using conditions?"", ""cq_token_count"": 5, ""covered_token_count"": 3, ""token_recall"": 0.6, ""covered"": true}, {""cq_index"": 13, ""cq_text"": ""Can the ontology express a prohibited modify action on a table?"", ""cq_token_count"": 6, ""covered_token_count"": 3, ""token_recall"": 0.5, ""covered"": true}, {""cq_index"": 14, ""cq_text"": ""Can the ontology express a table-level read prohibition for processing?"", ""cq_token_count"": 7, ""covered_token_count"": 3, ""token_recall"": 0.4286, ""covered"": true}, {""cq_index"": 15, ""cq_text"": ""Can the ontology express a table-level read prohibition for viewing?"", ""cq_token_count"": 7, ""covered_token_count"": 3, ""token_recall"": 0.4286, ""covered"": true}, {""cq_index"": 16, ""cq_text"": ""Can the ontology express a conditional row-level read restriction for later enforcement?"", ""cq_token_count"": 9, ""covered_token_count"": 3, ""token_recall"": 0.3333, ""covered"": false}, {""cq_index"": 17, ""cq_text"": ""Can the ontology represent a SQL query as an AST-based semantic graph?"", ""cq_token_count"": 8, ""covered_token_count"": 6, ""token_recall"": 0.75, ""covered"": true}, {""cq_index"": 18, ""cq_text"": ""Can a SQL statement such as SelectStatement or UpdateStatement be mapped to its semantic action type?"", ""cq_token_count"": 8, ""covered_token_count"": 4, ""token_recall"": 0.5, ""covered"": true}, {""cq_index"": 19, ""cq_text"": ""Can a query statement be linked to the executing agent?"", ""cq_token_count"": 5, ""covered_token_count"": 4, ""token_recall"": 0.8, ""covered"": true}, {""cq_index"": 20, ""cq_text"": ""Can SQL clauses be assigned operational scopes such as view or process?"", ""cq_token_count"": 8, ""covered_token_count"": 3, ""token_recall"": 0.375, ""covered"": false}, {""cq_index"": 21, ""cq_text"": ""Can scope be propagated to reference nodes as an effectiveActionScope?"", ""cq_token_count"": 5, ""covered_token_count"": 2, ""token_recall"": 0.4, ""covered"": true}, {""cq_index"": 22, ""cq_text"": ""Can a TableRef in the query be linked to its corresponding schema Table?"", ""cq_token_count"": 6, ""covered_token_count"": 2, ""token_recall"": 0.3333, ""covered"": false}, {""cq_index"": 23, ""cq_text"": ""Can a ColumnRef in the query be linked to its corresponding schema Column?"", ""cq_token_count"": 6, ""covered_token_count"": 2, ""token_recall"": 0.3333, ""covered"": false}, {""cq_index"": 24, ""cq_text"": ""Can the reasoner infer whether a referenced table or column is Violated or RowTag based on the matching policy, action, and scope?"", ""cq_token_count"": 13, ""covered_token_count"": 8, ""token_recall"": 0.6154, ""covered"": true}]",48,10,0.9,0.2292,True,19,48,3,41,0.5789,0.2292,0.3284,1.0,0.0732,0.1364,0.2264,0.122,0.2324,"[""database"", ""table"", ""column"", ""policy"", ""read action"", ""view action scope"", ""agent"", ""select statement"", ""update statement"", ""table ref"", ""column ref""]","[""policy has agent"", ""policy has action"", ""policy has scope""]"
meta-llama_Llama-3.1-8B-Instruct,scenario-cq,2025-150-01,True,,72,True,True,True,16,1,4,0,1.0,1.0,0.2,True,True,32,0.5625,0.3984,"[{""cq_index"": 0, ""cq_text"": ""Which MQTT Clients are connected to which Broker?"", ""cq_token_count"": 4, ""covered_token_count"": 2, ""token_recall"": 0.5, ""covered"": true}, {""cq_index"": 1, ""cq_text"": ""Which MQTT NetworkConnections exist, are they TLS-secured, and who initiated/accepted them?"", ""cq_token_count"": 9, ""covered_token_count"": 4, ""token_recall"": 0.4444, ""covered"": true}, {""cq_index"": 2, ""cq_text"": ""Which MQTT participants (Clients/Brokers) use which MQTT NetworkConnections?"", ""cq_token_count"": 5, ""covered_token_count"": 2, ""token_recall"": 0.4, ""covered"": true}, {""cq_index"": 3, ""cq_text"": ""Which MQTT Clients with which ClientIDs run on which SOSA platforms?"", ""cq_token_count"": 6, ""covered_token_count"": 2, ""token_recall"": 0.3333, ""covered"": false}, {""cq_index"": 4, ""cq_text"": ""Which MQTT Clients are hosting which SOSA systems (sensors/actuators)?"", ""cq_token_count"": 7, ""covered_token_count"": 3, ""token_recall"": 0.4286, ""covered"": true}, {""cq_index"": 5, ""cq_text"": ""What host/port is a MQTT Broker configured with?"", ""cq_token_count"": 5, ""covered_token_count"": 4, ""token_recall"": 0.8, ""covered"": true}, {""cq_index"": 6, ""cq_text"": ""Which SOSA sensors publish to which MQTT Topics (observations)?"", ""cq_token_count"": 6, ""covered_token_count"": 3, ""token_recall"": 0.5, ""covered"": true}, {""cq_index"": 7, ""cq_text"": ""Which SOSA actuators listen to which MQTT Topics (commands)?"", ""cq_token_count"": 6, ""covered_token_count"": 2, ""token_recall"": 0.3333, ""covered"": false}, {""cq_index"": 8, ""cq_text"": ""Which SOSA FeaturesOfInterest, Properties etc. appear as MQTT TopicSubjects and on which MQTT Topics?"", ""cq_token_count"": 8, ""covered_token_count"": 2, ""token_recall"": 0.25, ""covered"": false}, {""cq_index"": 9, ""cq_text"": ""Which MQTT Topic Filters match a given MQTT Topic?"", ""cq_token_count"": 4, ""covered_token_count"": 2, ""token_recall"": 0.5, ""covered"": true}, {""cq_index"": 10, ""cq_text"": ""Which MQTT Topics are matched by a given MQTT Topic Filter?"", ""cq_token_count"": 5, ""covered_token_count"": 3, ""token_recall"": 0.6, ""covered"": true}, {""cq_index"": 11, ""cq_text"": ""Which MQTT filter patterns (with wildcards) are stored?"", ""cq_token_count"": 5, ""covered_token_count"": 2, ""token_recall"": 0.4, ""covered"": true}, {""cq_index"": 12, ""cq_text"": ""Which MQTT Clients send which MQTT Control Packets?"", ""cq_token_count"": 5, ""covered_token_count"": 2, ""token_recall"": 0.4, ""covered"": true}, {""cq_index"": 13, ""cq_text"": ""Which MQTT PUBLISH/SUBSCRIBE/UNSUBSCRIBE packets were sent (specializations)?"", ""cq_token_count"": 7, ""covered_token_count"": 4, ""token_recall"": 0.5714, ""covered"": true}, {""cq_index"": 14, ""cq_text"": ""Which MQTT Brokers receive/forward which MQTT Control Packets?"", ""cq_token_count"": 6, ""covered_token_count"": 2, ""token_recall"": 0.3333, ""covered"": false}, {""cq_index"": 15, ""cq_text"": ""Which MQTT Control Packets were sent by which Client (inverse)?"", ""cq_token_count"": 6, ""covered_token_count"": 3, ""token_recall"": 0.5, ""covered"": true}, {""cq_index"": 16, ""cq_text"": ""Which MQTT Publish packets carry Observations for a specific SOSA FeatureOfInterest or Property?"", ""cq_token_count"": 9, ""covered_token_count"": 4, ""token_recall"": 0.4444, ""covered"": true}, {""cq_index"": 17, ""cq_text"": ""Which MQTT SUBSCRIBE packets request QoS=2 and for which filters?"", ""cq_token_count"": 6, ""covered_token_count"": 2, ""token_recall"": 0.3333, ""covered"": false}, {""cq_index"": 18, ""cq_text"": ""Which MQTT UNSUBSCRIBE packets remove all filters under a certain path (e.g. 'factory/centering/#')?"", ""cq_token_count"": 10, ""covered_token_count"": 2, ""token_recall"": 0.2, ""covered"": false}, {""cq_index"": 19, ""cq_text"": ""Which MQTT Control Packet has which Fixed Header / Variable Header / Payload?"", ""cq_token_count"": 7, ""covered_token_count"": 3, ""token_recall"": 0.4286, ""covered"": true}, {""cq_index"": 20, ""cq_text"": ""Which MQTT PUBLISH packet has which MQTT Topic (name) in the Variable Header?"", ""cq_token_count"": 7, ""covered_token_count"": 4, ""token_recall"": 0.5714, ""covered"": true}, {""cq_index"": 21, ""cq_text"": ""Which QoS levels are set (in PUBLISH Fixed Header or SubscriptionEntry)?"", ""cq_token_count"": 7, ""covered_token_count"": 1, ""token_recall"": 0.1429, ""covered"": false}, {""cq_index"": 22, ""cq_text"": ""Are RETAIN/DUP flags set in PUBLISH?"", ""cq_token_count"": 5, ""covered_token_count"": 1, ""token_recall"": 0.2, ""covered"": false}, {""cq_index"": 23, ""cq_text"": ""Which MQTT Control Packets have which PacketIdentifier?"", ""cq_token_count"": 4, ""covered_token_count"": 2, ""token_recall"": 0.5, ""covered"": true}, {""cq_index"": 24, ""cq_text"": ""Which MQTT SUBSCRIBE payloads contain which SubscriptionEntries?"", ""cq_token_count"": 5, ""covered_token_count"": 2, ""token_recall"": 0.4, ""covered"": true}, {""cq_index"": 25, ""cq_text"": ""Which MQTT Topic Filters (with QoS) are requested by a SubscriptionEntry?"", ""cq_token_count"": 6, ""covered_token_count"": 2, ""token_recall"": 0.3333, ""covered"": false}, {""cq_index"": 26, ""cq_text"": ""Which MQTT UNSUBSCRIBE payloads remove which MQTT TopicFilters?"", ""cq_token_count"": 5, ""covered_token_count"": 2, ""token_recall"": 0.4, ""covered"": true}, {""cq_index"": 27, ""cq_text"": ""Which MQTT PUBLISH payloads encode SOSA Observations (or Observation Collections)?"", ""cq_token_count"": 8, ""covered_token_count"": 3, ""token_recall"": 0.375, ""covered"": false}, {""cq_index"": 28, ""cq_text"": ""Which MQTT PUBLISH payloads encode SOSA Actuations (or Actuation Collections)?"", ""cq_token_count"": 8, ""covered_token_count"": 3, ""token_recall"": 0.375, ""covered"": false}, {""cq_index"": 29, ""cq_text"": ""Which fields are encoded in a MQTT payload?"", ""cq_token_count"": 4, ""covered_token_count"": 1, ""token_recall"": 0.25, ""covered"": false}, {""cq_index"": 30, ""cq_text"": ""What content, content type, encoding and delimiter does a MQTT PUBLISH payload have?"", ""cq_token_count"": 6, ""covered_token_count"": 2, ""token_recall"": 0.3333, ""covered"": false}, {""cq_index"": 31, ""cq_text"": ""What is the size of a MQTT payload (as QUDT QuantityValue with unit)?"", ""cq_token_count"": 6, ""covered_token_count"": 1, ""token_recall"": 0.1667, ""covered"": false}]",46,60,0.15,0.4783,True,16,9,5,11,0.0,0.0,0.0,0.0,0.0,0.0,0.0,0.0,0.0,[],[]
meta-llama_Llama-3.1-8B-Instruct,scenario-cq,2025-151-01,False,Could not parse ontology.ttl in turtle/xml/n3 formats.,0,False,False,False,0,0,0,0,0.0,0.0,0.0,True,False,5,0.8,0.7833,"[{""cq_index"": 0, ""cq_text"": ""What is the requested action?"", ""cq_token_count"": 2, ""covered_token_count"": 2, ""token_recall"": 1.0, ""covered"": true}, {""cq_index"": 1, ""cq_text"": ""Who is the party issuing the evaluation request?"", ""cq_token_count"": 4, ""covered_token_count"": 4, ""token_recall"": 1.0, ""covered"": true}, {""cq_index"": 2, ""cq_text"": ""What is the target asset of the evaluation request?"", ""cq_token_count"": 4, ""covered_token_count"": 4, ""token_recall"": 1.0, ""covered"": true}, {""cq_index"": 3, ""cq_text"": ""When was the evaluation request issued?"", ""cq_token_count"": 3, ""covered_token_count"": 2, ""token_recall"": 0.6667, ""covered"": true}, {""cq_index"": 4, ""cq_text"": ""What additional contextual information can be included in the evaluation request to further constrain it?"", ""cq_token_count"": 8, ""covered_token_count"": 2, ""token_recall"": 0.25, ""covered"": false}]",39,25,0.56,0.5897,True,0,1,0,5,0.0,0.0,0.0,0.0,0.0,0.0,0.0,0.0,0.0,[],[]
meta-llama_Llama-3.1-8B-Instruct,scenario-cq,2025-151-02,True,,81,True,True,True,10,5,4,0,1.0,1.0,1.0,True,True,10,0.9,0.571,"[{""cq_index"": 0, ""cq_text"": ""What is the current time?"", ""cq_token_count"": 2, ""covered_token_count"": 1, ""token_recall"": 0.5, ""covered"": true}, {""cq_index"": 1, ""cq_text"": ""What is the location of a party?"", ""cq_token_count"": 2, ""covered_token_count"": 2, ""token_recall"": 1.0, ""covered"": true}, {""cq_index"": 2, ""cq_text"": ""What assets are part of the asset collection of the policy that is being evaluated?"", ""cq_token_count"": 7, ""covered_token_count"": 4, ""token_recall"": 0.5714, ""covered"": true}, {""cq_index"": 3, ""cq_text"": ""Which parties are part of the party collection of the policy that is being evaluated?"", ""cq_token_count"": 7, ""covered_token_count"": 4, ""token_recall"": 0.5714, ""covered"": true}, {""cq_index"": 4, ""cq_text"": ""What actions were already performed or attempted?"", ""cq_token_count"": 4, ""covered_token_count"": 2, ""token_recall"": 0.5, ""covered"": true}, {""cq_index"": 5, ""cq_text"": ""How many times has a rule been exercised?"", ""cq_token_count"": 4, ""covered_token_count"": 3, ""token_recall"": 0.75, ""covered"": true}, {""cq_index"": 6, ""cq_text"": ""What information is available about an event that has occurred?"", ""cq_token_count"": 4, ""covered_token_count"": 1, ""token_recall"": 0.25, ""covered"": false}, {""cq_index"": 7, ""cq_text"": ""How long has a rule been exercised?"", ""cq_token_count"": 3, ""covered_token_count"": 2, ""token_recall"": 0.6667, ""covered"": true}, {""cq_index"": 8, ""cq_text"": ""Which recipients or categories of recipients can receive the result of the rule that has been exercised?"", ""cq_token_count"": 6, ""covered_token_count"": 3, ""token_recall"": 0.5, ""covered"": true}, {""cq_index"": 9, ""cq_text"": ""Has a financial payment been made? What was the amount paid?"", ""cq_token_count"": 5, ""covered_token_count"": 2, ""token_recall"": 0.4, ""covered"": true}]",42,23,0.1739,0.5,True,10,1,9,0,0.0,0.0,0.0,0.0,0.0,0.0,0.0,0.0,0.0,[],[]
meta-llama_Llama-3.1-8B-Instruct,scenario-cq,2025-153-01,True,,50,True,True,True,9,0,1,0,1.0,1.0,1.0,True,True,8,0.5,0.4479,"[{""cq_index"": 0, ""cq_text"": ""Which entity does a persistent identifier currently reference?"", ""cq_token_count"": 5, ""covered_token_count"": 3, ""token_recall"": 0.6, ""covered"": true}, {""cq_index"": 1, ""cq_text"": ""Which entity was referenced at a past timestamp?"", ""cq_token_count"": 4, ""covered_token_count"": 3, ""token_recall"": 0.75, ""covered"": true}, {""cq_index"": 2, ""cq_text"": ""When did referent transitions occur?"", ""cq_token_count"": 3, ""covered_token_count"": 1, ""token_recall"": 0.3333, ""covered"": false}, {""cq_index"": 3, ""cq_text"": ""What observations are associated with specific referents?"", ""cq_token_count"": 4, ""covered_token_count"": 1, ""token_recall"": 0.25, ""covered"": false}, {""cq_index"": 4, ""cq_text"": ""What is the full sequence of referents over time?"", ""cq_token_count"": 5, ""covered_token_count"": 1, ""token_recall"": 0.2, ""covered"": false}, {""cq_index"": 5, ""cq_text"": ""Which rules triggered specific transitions?"", ""cq_token_count"": 4, ""covered_token_count"": 1, ""token_recall"": 0.25, ""covered"": false}, {""cq_index"": 6, ""cq_text"": ""Are there gaps or overlaps in temporal bindings?"", ""cq_token_count"": 5, ""covered_token_count"": 2, ""token_recall"": 0.4, ""covered"": true}, {""cq_index"": 7, ""cq_text"": ""Can complete context be rebuilt for any time point?"", ""cq_token_count"": 5, ""covered_token_count"": 4, ""token_recall"": 0.8, ""covered"": true}]",40,119,0.0756,0.55,True,9,11,1,22,0.3333,0.2727,0.3,1.0,0.0455,0.087,0.3182,0.04,0.1935,"[""referent"", ""observation"", ""temporal binding""]","[""timestamp""]"
meta-llama_Llama-3.1-8B-Instruct,scenario-cq,2026-155-01,True,,78,True,True,True,0,9,0,0,1.0,1.0,1.0,True,True,8,0.875,0.6959,"[{""cq_index"": 0, ""cq_text"": ""Which survey or investigation activities were performed on a given cultural property or on a specific feature of interest?"", ""cq_token_count"": 9, ""covered_token_count"": 7, ""token_recall"": 0.7778, ""covered"": true}, {""cq_index"": 1, ""cq_text"": ""Which method or investigation technique was adopted in a specific survey or investigation activity?"", ""cq_token_count"": 7, ""covered_token_count"": 6, ""token_recall"": 0.8571, ""covered"": true}, {""cq_index"": 2, ""cq_text"": ""Which observations were produced during a given survey or investigation activity?"", ""cq_token_count"": 6, ""covered_token_count"": 6, ""token_recall"": 1.0, ""covered"": true}, {""cq_index"": 3, ""cq_text"": ""Which experts participated in the survey or investigation activity, and with which roles?"", ""cq_token_count"": 6, ""covered_token_count"": 5, ""token_recall"": 0.8333, ""covered"": true}, {""cq_index"": 4, ""cq_text"": ""Which hardware, software, and technical configurations were used to conduct a specific survey or investigation activity?"", ""cq_token_count"": 9, ""covered_token_count"": 7, ""token_recall"": 0.7778, ""covered"": true}, {""cq_index"": 5, ""cq_text"": ""What interpretations or claims are supported by the observations produced during a survey?"", ""cq_token_count"": 7, ""covered_token_count"": 4, ""token_recall"": 0.5714, ""covered"": true}, {""cq_index"": 6, ""cq_text"": ""How are post-processed outputs (e.g., interactive images, spectra, datasets) related to the underlying acquisition or observation activities?"", ""cq_token_count"": 12, ""covered_token_count"": 6, ""token_recall"": 0.5, ""covered"": true}, {""cq_index"": 7, ""cq_text"": ""Which acquisition parameters (e.g., exposure time, ISO, aperture) characterised a specific photographic acquisition cycle within a survey?"", ""cq_token_count"": 12, ""covered_token_count"": 3, ""token_recall"": 0.25, ""covered"": false}]",41,20,0.55,0.2195,True,0,22,9,32,0.0,0.0,0.0,0.3333,0.0938,0.1463,0.0,0.1562,0.0732,[],"[""has survey"", ""has observation"", ""has equipment configuration""]"
meta-llama_Llama-3.1-8B-Instruct,scenario-cq-constraints,2023-133-01,True,,51,True,True,True,0,5,1,0,1.0,1.0,1.0,True,True,4,1.0,0.6562,"[{""cq_index"": 0, ""cq_text"": ""What events are responsible for the pavement being slippery?"", ""cq_token_count"": 5, ""covered_token_count"": 3, ""token_recall"": 0.6, ""covered"": true}, {""cq_index"": 1, ""cq_text"": ""What would be the outcome of turning the sprinkler system on(off)?"", ""cq_token_count"": 5, ""covered_token_count"": 3, ""token_recall"": 0.6, ""covered"": true}, {""cq_index"": 2, ""cq_text"": ""How strong is the causal link between the sprinkler being on and the pavement being wet?"", ""cq_token_count"": 8, ""covered_token_count"": 5, ""token_recall"": 0.625, ""covered"": true}, {""cq_index"": 3, ""cq_text"": ""What if the pavement is not wet, how would it effect the pavement being slippery?"", ""cq_token_count"": 5, ""covered_token_count"": 4, ""token_recall"": 0.8, ""covered"": true}]",27,41,0.4146,0.2963,True,0,5,6,5,0.0,0.0,0.0,0.1667,0.2,0.1818,0.0,0.2143,0.0909,[],"[""effect weight""]"
meta-llama_Llama-3.1-8B-Instruct,scenario-cq-constraints,2023-133-02,True,,45,True,True,True,4,6,0,0,1.0,1.0,1.0,True,True,6,1.0,0.7811,"[{""cq_index"": 0, ""cq_text"": ""Is the medication intake by the patient caused by the presence of outdoor environmental allergen such as pollen or AQI?"", ""cq_token_count"": 11, ""covered_token_count"": 9, ""token_recall"": 0.8182, ""covered"": true}, {""cq_index"": 1, ""cq_text"": ""How much does the presence of an asthma symptom effect the intake of medication?"", ""cq_token_count"": 7, ""covered_token_count"": 6, ""token_recall"": 0.8571, ""covered"": true}, {""cq_index"": 2, ""cq_text"": ""How does an outdoor environmental allergen affect the patient?"", ""cq_token_count"": 5, ""covered_token_count"": 3, ""token_recall"": 0.6, ""covered"": true}, {""cq_index"": 3, ""cq_text"": ""What is the probable cause of the cough experienced by the patient?"", ""cq_token_count"": 5, ""covered_token_count"": 4, ""token_recall"": 0.8, ""covered"": true}, {""cq_index"": 4, ""cq_text"": ""What if pollen (or AQI) allergen was not present in the outdoor environment, how would it effect the intake of medication?"", ""cq_token_count"": 9, ""covered_token_count"": 7, ""token_recall"": 0.7778, ""covered"": true}, {""cq_index"": 5, ""cq_text"": ""What if the patient did not experience a cough, how would it effect the intake of medication?"", ""cq_token_count"": 6, ""covered_token_count"": 5, ""token_recall"": 0.8333, ""covered"": true}]",27,60,0.3167,0.1852,True,4,5,6,5,0.0,0.0,0.0,0.1667,0.2,0.1818,0.0,0.2308,0.0909,[],"[""has effect weight""]"
meta-llama_Llama-3.1-8B-Instruct,scenario-cq-constraints,2023-134-01,True,,65,True,True,True,0,0,0,0,0.0,0.0,0.0,True,True,8,1.0,1.0,"[{""cq_index"": 0, ""cq_text"": ""What is the unique identifier of the policy?"", ""cq_token_count"": 3, ""covered_token_count"": 3, ""token_recall"": 1.0, ""covered"": true}, {""cq_index"": 1, ""cq_text"": ""Who is the creator of the policy?"", ""cq_token_count"": 2, ""covered_token_count"": 2, ""token_recall"": 1.0, ""covered"": true}, {""cq_index"": 2, ""cq_text"": ""When was the policy issued?"", ""cq_token_count"": 2, ""covered_token_count"": 2, ""token_recall"": 1.0, ""covered"": true}, {""cq_index"": 3, ""cq_text"": ""Who is the assignee of the policy?"", ""cq_token_count"": 2, ""covered_token_count"": 2, ""token_recall"": 1.0, ""covered"": true}, {""cq_index"": 4, ""cq_text"": ""What application/service is being used to access the data?"", ""cq_token_count"": 5, ""covered_token_count"": 5, ""token_recall"": 1.0, ""covered"": true}, {""cq_index"": 5, ""cq_text"": ""What access mode is being requested?"", ""cq_token_count"": 4, ""covered_token_count"": 4, ""token_recall"": 1.0, ""covered"": true}, {""cq_index"": 6, ""cq_text"": ""What personal data is being accessed?"", ""cq_token_count"": 4, ""covered_token_count"": 4, ""token_recall"": 1.0, ""covered"": true}, {""cq_index"": 7, ""cq_text"": ""What is the purpose for accessing the data?"", ""cq_token_count"": 3, ""covered_token_count"": 3, ""token_recall"": 1.0, ""covered"": true}]",52,88,0.3864,0.0769,True,0,0,0,0,0.0,0.0,0.0,0.0,0.0,0.0,1.0,1.0,0.0,[],[]
meta-llama_Llama-3.1-8B-Instruct,scenario-cq-constraints,2023-134-02,True,,76,True,True,True,0,6,0,0,1.0,1.0,1.0,True,True,6,1.0,0.8452,"[{""cq_index"": 0, ""cq_text"": ""What type of action, e.g., create, update, erase, is being performed on the data?"", ""cq_token_count"": 7, ""covered_token_count"": 4, ""token_recall"": 0.5714, ""covered"": true}, {""cq_index"": 1, ""cq_text"": ""Who is the entity interacting with the data?"", ""cq_token_count"": 3, ""covered_token_count"": 3, ""token_recall"": 1.0, ""covered"": true}, {""cq_index"": 2, ""cq_text"": ""Who is the entity publishing the log?"", ""cq_token_count"": 3, ""covered_token_count"": 3, ""token_recall"": 1.0, ""covered"": true}, {""cq_index"": 3, ""cq_text"": ""When was the log issued?"", ""cq_token_count"": 2, ""covered_token_count"": 1, ""token_recall"": 0.5, ""covered"": true}, {""cq_index"": 4, ""cq_text"": ""Where is the data being stored?"", ""cq_token_count"": 3, ""covered_token_count"": 3, ""token_recall"": 1.0, ""covered"": true}, {""cq_index"": 5, ""cq_text"": ""What application/service is being used to generate the data, if any?"", ""cq_token_count"": 5, ""covered_token_count"": 5, ""token_recall"": 1.0, ""covered"": true}]",53,88,0.3864,0.1698,True,0,0,6,0,0.0,0.0,0.0,0.0,0.0,0.0,1.0,0.0,0.0,[],[]
meta-llama_Llama-3.1-8B-Instruct,scenario-cq-constraints,2023-134-03,True,,61,True,True,True,0,0,0,0,0.0,0.0,0.0,True,True,5,1.0,1.0,"[{""cq_index"": 0, ""cq_text"": ""Who is maintaining the registry?"", ""cq_token_count"": 2, ""covered_token_count"": 2, ""token_recall"": 1.0, ""covered"": true}, {""cq_index"": 1, ""cq_text"": ""When was the registry created/updated?"", ""cq_token_count"": 3, ""covered_token_count"": 3, ""token_recall"": 1.0, ""covered"": true}, {""cq_index"": 2, ""cq_text"": ""What types of data are available?"", ""cq_token_count"": 2, ""covered_token_count"": 2, ""token_recall"": 1.0, ""covered"": true}, {""cq_index"": 3, ""cq_text"": ""Where is a specific type of data being stored?"", ""cq_token_count"": 4, ""covered_token_count"": 4, ""token_recall"": 1.0, ""covered"": true}, {""cq_index"": 4, ""cq_text"": ""What policy is associated with the data?"", ""cq_token_count"": 3, ""covered_token_count"": 3, ""token_recall"": 1.0, ""covered"": true}]",50,88,0.375,0.16,True,0,0,0,0,0.0,0.0,0.0,0.0,0.0,0.0,1.0,1.0,0.0,[],[]
meta-llama_Llama-3.1-8B-Instruct,scenario-cq-constraints,2023-135-01,True,,85,True,True,True,6,11,0,0,1.0,1.0,1.0,True,True,3,0.3333,0.4741,"[{""cq_index"": 0, ""cq_text"": ""Under what pseudonym did the author C. S. Lewis published a collection of poems, Spirit in Bondage?"", ""cq_token_count"": 9, ""covered_token_count"": 8, ""token_recall"": 0.8889, ""covered"": true}, {""cq_index"": 1, ""cq_text"": ""What alternative did C. S. Lewis used to assume the role of a book writer?"", ""cq_token_count"": 6, ""covered_token_count"": 2, ""token_recall"": 0.3333, ""covered"": false}, {""cq_index"": 2, ""cq_text"": ""Show the trajectories of rivers which cross national parks?"", ""cq_token_count"": 5, ""covered_token_count"": 1, ""token_recall"": 0.2, ""covered"": false}]",44,10,0.4,0.7045,True,6,5,11,13,0.0,0.0,0.0,0.1818,0.1538,0.1667,0.0,0.0645,0.0833,[],"[""has name change"", ""has pseudonym name""]"
meta-llama_Llama-3.1-8B-Instruct,scenario-cq-constraints,2024-145-01,True,,63,True,True,True,0,7,0,0,1.0,1.0,1.0,True,True,7,1.0,0.8524,"[{""cq_index"": 0, ""cq_text"": ""List all district courts in a given state."", ""cq_token_count"": 3, ""covered_token_count"": 2, ""token_recall"": 0.6667, ""covered"": true}, {""cq_index"": 1, ""cq_text"": ""In which state is a given district court instance located?"", ""cq_token_count"": 5, ""covered_token_count"": 4, ""token_recall"": 0.8, ""covered"": true}, {""cq_index"": 2, ""cq_text"": ""How many districts are in a given state of India?"", ""cq_token_count"": 4, ""covered_token_count"": 2, ""token_recall"": 0.5, ""covered"": true}, {""cq_index"": 3, ""cq_text"": ""Which court has authority over a given court?"", ""cq_token_count"": 3, ""covered_token_count"": 3, ""token_recall"": 1.0, ""covered"": true}, {""cq_index"": 4, ""cq_text"": ""What is the check transaction type for a bad check?"", ""cq_token_count"": 3, ""covered_token_count"": 3, ""token_recall"": 1.0, ""covered"": true}, {""cq_index"": 5, ""cq_text"": ""When is a check payment of a bad check?"", ""cq_token_count"": 3, ""covered_token_count"": 3, ""token_recall"": 1.0, ""covered"": true}, {""cq_index"": 6, ""cq_text"": ""What is the transaction status of a given check payment?"", ""cq_token_count"": 4, ""covered_token_count"": 4, ""token_recall"": 1.0, ""covered"": true}]",23,17,0.2941,0.3913,False,0,0,7,0,0.0,0.0,0.0,0.0,0.0,0.0,0.0,0.0,0.0,[],[]
meta-llama_Llama-3.1-8B-Instruct,scenario-cq-constraints,2025-147-01,False,Could not parse ontology.ttl in turtle/xml/n3 formats.,0,False,False,False,0,0,0,0,0.0,0.0,0.0,True,False,48,0.5625,0.4579,"[{""cq_index"": 0, ""cq_text"": ""How are ships clearly identified?"", ""cq_token_count"": 3, ""covered_token_count"": 1, ""token_recall"": 0.3333, ""covered"": false}, {""cq_index"": 1, ""cq_text"": ""How are a ship's dimensions described?"", ""cq_token_count"": 3, ""covered_token_count"": 2, ""token_recall"": 0.6667, ""covered"": true}, {""cq_index"": 2, ""cq_text"": ""What information can be provided about the typical location of a ship?"", ""cq_token_count"": 5, ""covered_token_count"": 4, ""token_recall"": 0.8, ""covered"": true}, {""cq_index"": 3, ""cq_text"": ""Who can be the owner of a ship?"", ""cq_token_count"": 2, ""covered_token_count"": 2, ""token_recall"": 1.0, ""covered"": true}, {""cq_index"": 4, ""cq_text"": ""How is a ship's average speed over ground specified?"", ""cq_token_count"": 6, ""covered_token_count"": 5, ""token_recall"": 0.8333, ""covered"": true}, {""cq_index"": 5, ""cq_text"": ""How many container ships are registered under the German flag?"", ""cq_token_count"": 7, ""covered_token_count"": 6, ""token_recall"": 0.8571, ""covered"": true}, {""cq_index"": 6, ""cq_text"": ""How is the GPS antenna placed relatively to the ship's structure (bow, stern, port, starboard)?"", ""cq_token_count"": 10, ""covered_token_count"": 3, ""token_recall"": 0.3, ""covered"": false}, {""cq_index"": 7, ""cq_text"": ""Which organization owns the most ships?"", ""cq_token_count"": 4, ""covered_token_count"": 2, ""token_recall"": 0.5, ""covered"": true}, {""cq_index"": 8, ""cq_text"": ""What information can be provided about a ship route?"", ""cq_token_count"": 4, ""covered_token_count"": 3, ""token_recall"": 0.75, ""covered"": true}, {""cq_index"": 9, ""cq_text"": ""What information is known about a single trajectory part?"", ""cq_token_count"": 5, ""covered_token_count"": 2, ""token_recall"": 0.4, ""covered"": true}, {""cq_index"": 10, ""cq_text"": ""What types of trajectories are distinguished?"", ""cq_token_count"": 2, ""covered_token_count"": 0, ""token_recall"": 0.0, ""covered"": false}, {""cq_index"": 11, ""cq_text"": ""What unit does the draught of a ship have?"", ""cq_token_count"": 3, ""covered_token_count"": 1, ""token_recall"": 0.3333, ""covered"": false}, {""cq_index"": 12, ""cq_text"": ""What was the average speed over ground of the ship on route on day X?"", ""cq_token_count"": 7, ""covered_token_count"": 6, ""token_recall"": 0.8571, ""covered"": true}, {""cq_index"": 13, ""cq_text"": ""What route is predicted for ship X?"", ""cq_token_count"": 3, ""covered_token_count"": 2, ""token_recall"": 0.6667, ""covered"": true}, {""cq_index"": 14, ""cq_text"": ""What types of engines are used in ships?"", ""cq_token_count"": 2, ""covered_token_count"": 1, ""token_recall"": 0.5, ""covered"": true}, {""cq_index"": 15, ""cq_text"": ""What combinations of engines can exist?"", ""cq_token_count"": 3, ""covered_token_count"": 0, ""token_recall"": 0.0, ""covered"": false}, {""cq_index"": 16, ""cq_text"": ""What powers these ship engines?"", ""cq_token_count"": 4, ""covered_token_count"": 1, ""token_recall"": 0.25, ""covered"": false}, {""cq_index"": 17, ""cq_text"": ""What is driven by ship engines?"", ""cq_token_count"": 3, ""covered_token_count"": 1, ""token_recall"": 0.3333, ""covered"": false}, {""cq_index"": 18, ""cq_text"": ""What types of propulsion systems can ships have?"", ""cq_token_count"": 3, ""covered_token_count"": 2, ""token_recall"": 0.6667, ""covered"": true}, {""cq_index"": 19, ""cq_text"": ""What propulsion systems don't rely on an engine?"", ""cq_token_count"": 5, ""covered_token_count"": 2, ""token_recall"": 0.4, ""covered"": true}, {""cq_index"": 20, ""cq_text"": ""Which propulsion technologies are used by each individual propulsion system?"", ""cq_token_count"": 4, ""covered_token_count"": 2, ""token_recall"": 0.5, ""covered"": true}, {""cq_index"": 21, ""cq_text"": ""What falls under the category of propulsion technologies powered by engines?"", ""cq_token_count"": 7, ""covered_token_count"": 2, ""token_recall"": 0.2857, ""covered"": false}, {""cq_index"": 22, ""cq_text"": ""What types of jet propulsors exist?"", ""cq_token_count"": 3, ""covered_token_count"": 1, ""token_recall"": 0.3333, ""covered"": false}, {""cq_index"": 23, ""cq_text"": ""What types of bladed propulsors exist?"", ""cq_token_count"": 3, ""covered_token_count"": 1, ""token_recall"": 0.3333, ""covered"": false}, {""cq_index"": 24, ""cq_text"": ""What types of blade propulsors follow a special design?"", ""cq_token_count"": 5, ""covered_token_count"": 0, ""token_recall"": 0.0, ""covered"": false}, {""cq_index"": 25, ""cq_text"": ""What properties describe a bladed propulsor?"", ""cq_token_count"": 4, ""covered_token_count"": 3, ""token_recall"": 0.75, ""covered"": true}, {""cq_index"": 26, ""cq_text"": ""What types of screw propellers can be used?"", ""cq_token_count"": 2, ""covered_token_count"": 0, ""token_recall"": 0.0, ""covered"": false}, {""cq_index"": 27, ""cq_text"": ""What is used to prevent cavitation on technologies for motorized propulsion?"", ""cq_token_count"": 5, ""covered_token_count"": 1, ""token_recall"": 0.2, ""covered"": false}, {""cq_index"": 28, ""cq_text"": ""What type of sails exist?"", ""cq_token_count"": 2, ""covered_token_count"": 0, ""token_recall"": 0.0, ""covered"": false}, {""cq_index"": 29, ""cq_text"": ""Which type of propulsion technologies can assist a motorized ship?"", ""cq_token_count"": 5, ""covered_token_count"": 2, ""token_recall"": 0.4, ""covered"": true}, {""cq_index"": 30, ""cq_text"": ""What fuel does ship X use to drive?"", ""cq_token_count"": 3, ""covered_token_count"": 1, ""token_recall"": 0.3333, ""covered"": false}, {""cq_index"": 31, ""cq_text"": ""How many engines power ship X?"", ""cq_token_count"": 4, ""covered_token_count"": 2, ""token_recall"": 0.5, ""covered"": true}, {""cq_index"": 32, ""cq_text"": ""What types of propellers are installed on ship X?"", ""cq_token_count"": 3, ""covered_token_count"": 1, ""token_recall"": 0.3333, ""covered"": false}, {""cq_index"": 33, ""cq_text"": ""What is the most common type of propeller?"", ""cq_token_count"": 3, ""covered_token_count"": 1, ""token_recall"": 0.3333, ""covered"": false}, {""cq_index"": 34, ""cq_text"": ""How many ships have sails?"", ""cq_token_count"": 3, ""covered_token_count"": 1, ""token_recall"": 0.3333, ""covered"": false}, {""cq_index"": 35, ""cq_text"": ""Which ships use electric engines exclusively?"", ""cq_token_count"": 4, ""covered_token_count"": 1, ""token_recall"": 0.25, ""covered"": false}, {""cq_index"": 36, ""cq_text"": ""What motorized propulsion does a ship use that is assisted by wind propulsion?"", ""cq_token_count"": 5, ""covered_token_count"": 4, ""token_recall"": 0.8, ""covered"": true}, {""cq_index"": 37, ""cq_text"": ""How many supercavitating propellers does ship X use?"", ""cq_token_count"": 4, ""covered_token_count"": 1, ""token_recall"": 0.25, ""covered"": false}, {""cq_index"": 38, ""cq_text"": ""What diameter and how many blades does the fixed pitch propeller Y of ship X have?"", ""cq_token_count"": 7, ""covered_token_count"": 3, ""token_recall"": 0.4286, ""covered"": true}, {""cq_index"": 39, ""cq_text"": ""What is the least utilized wind assisted propulsion system?"", ""cq_token_count"": 6, ""covered_token_count"": 4, ""token_recall"": 0.6667, ""covered"": true}, {""cq_index"": 40, ""cq_text"": ""What different kinds of data can be used to represent a ship?"", ""cq_token_count"": 5, ""covered_token_count"": 3, ""token_recall"": 0.6, ""covered"": true}, {""cq_index"": 41, ""cq_text"": ""How is sonar data of ships stored?"", ""cq_token_count"": 4, ""covered_token_count"": 3, ""token_recall"": 0.75, ""covered"": true}, {""cq_index"": 42, ""cq_text"": ""What image resources are available for a ship?"", ""cq_token_count"": 4, ""covered_token_count"": 2, ""token_recall"": 0.5, ""covered"": true}, {""cq_index"": 43, ""cq_text"": ""What textual information about a ship is available?"", ""cq_token_count"": 4, ""covered_token_count"": 2, ""token_recall"": 0.5, ""covered"": true}, {""cq_index"": 44, ""cq_text"": ""What does ship X look like?"", ""cq_token_count"": 3, ""covered_token_count"": 1, ""token_recall"": 0.3333, ""covered"": false}, {""cq_index"": 45, ""cq_text"": ""How does ship X sound like on a sonar?"", ""cq_token_count"": 4, ""covered_token_count"": 3, ""token_recall"": 0.75, ""covered"": true}, {""cq_index"": 46, ""cq_text"": ""What is the textual description of ship X?"", ""cq_token_count"": 3, ""covered_token_count"": 2, ""token_recall"": 0.6667, ""covered"": true}, {""cq_index"": 47, ""cq_text"": ""Are there ships without sonar signatures?"", ""cq_token_count"": 5, ""covered_token_count"": 2, ""token_recall"": 0.4, ""covered"": true}]",78,109,0.1193,0.4103,True,0,1,0,8,0.0,0.0,0.0,0.0,0.0,0.0,0.0,0.0,0.0,[],[]
meta-llama_Llama-3.1-8B-Instruct,scenario-cq-constraints,2025-149-01,True,,86,True,True,True,23,0,0,0,1.0,1.0,0.0,True,True,25,0.56,0.4353,"[{""cq_index"": 0, ""cq_text"": ""Can the ontology represent a relational database as a first-class schema entity?"", ""cq_token_count"": 8, ""covered_token_count"": 2, ""token_recall"": 0.25, ""covered"": false}, {""cq_index"": 1, ""cq_text"": ""Can the ontology represent tables belonging to a database?"", ""cq_token_count"": 5, ""covered_token_count"": 1, ""token_recall"": 0.2, ""covered"": false}, {""cq_index"": 2, ""cq_text"": ""Can the ontology represent columns belonging to a table?"", ""cq_token_count"": 5, ""covered_token_count"": 1, ""token_recall"": 0.2, ""covered"": false}, {""cq_index"": 3, ""cq_text"": ""Can the ontology represent primary-key relationships in the schema?"", ""cq_token_count"": 6, ""covered_token_count"": 2, ""token_recall"": 0.3333, ""covered"": false}, {""cq_index"": 4, ""cq_text"": ""Can the ontology represent foreign-key relationships and distinguish same-named columns across different tables when they are not semantically linked?"", ""cq_token_count"": 15, ""covered_token_count"": 2, ""token_recall"": 0.1333, ""covered"": false}, {""cq_index"": 5, ""cq_text"": ""Can the ontology define a policy for a specific agent?"", ""cq_token_count"": 5, ""covered_token_count"": 2, ""token_recall"": 0.4, ""covered"": true}, {""cq_index"": 6, ""cq_text"": ""Can a policy specify a high-level ReadAction?"", ""cq_token_count"": 5, ""covered_token_count"": 2, ""token_recall"": 0.4, ""covered"": true}, {""cq_index"": 7, ""cq_text"": ""Can a policy specify a high-level ModifyAction?"", ""cq_token_count"": 5, ""covered_token_count"": 2, ""token_recall"": 0.4, ""covered"": true}, {""cq_index"": 8, ""cq_text"": ""Can a policy specify a ViewActionScope for read operations?"", ""cq_token_count"": 5, ""covered_token_count"": 2, ""token_recall"": 0.4, ""covered"": true}, {""cq_index"": 9, ""cq_text"": ""Can a policy specify a ProcessActionScope for read operations?"", ""cq_token_count"": 5, ""covered_token_count"": 2, ""token_recall"": 0.4, ""covered"": true}, {""cq_index"": 10, ""cq_text"": ""Can a policy be defined at table level?"", ""cq_token_count"": 4, ""covered_token_count"": 3, ""token_recall"": 0.75, ""covered"": true}, {""cq_index"": 11, ""cq_text"": ""Can a policy be defined at column level?"", ""cq_token_count"": 4, ""covered_token_count"": 3, ""token_recall"": 0.75, ""covered"": true}, {""cq_index"": 12, ""cq_text"": ""Can a policy be defined at row level using conditions?"", ""cq_token_count"": 5, ""covered_token_count"": 3, ""token_recall"": 0.6, ""covered"": true}, {""cq_index"": 13, ""cq_text"": ""Can the ontology express a prohibited modify action on a table?"", ""cq_token_count"": 6, ""covered_token_count"": 4, ""token_recall"": 0.6667, ""covered"": true}, {""cq_index"": 14, ""cq_text"": ""Can the ontology express a table-level read prohibition for processing?"", ""cq_token_count"": 7, ""covered_token_count"": 4, ""token_recall"": 0.5714, ""covered"": true}, {""cq_index"": 15, ""cq_text"": ""Can the ontology express a table-level read prohibition for viewing?"", ""cq_token_count"": 7, ""covered_token_count"": 4, ""token_recall"": 0.5714, ""covered"": true}, {""cq_index"": 16, ""cq_text"": ""Can the ontology express a conditional row-level read restriction for later enforcement?"", ""cq_token_count"": 9, ""covered_token_count"": 5, ""token_recall"": 0.5556, ""covered"": true}, {""cq_index"": 17, ""cq_text"": ""Can the ontology represent a SQL query as an AST-based semantic graph?"", ""cq_token_count"": 8, ""covered_token_count"": 3, ""token_recall"": 0.375, ""covered"": false}, {""cq_index"": 18, ""cq_text"": ""Can a SQL statement such as SelectStatement or UpdateStatement be mapped to its semantic action type?"", ""cq_token_count"": 8, ""covered_token_count"": 4, ""token_recall"": 0.5, ""covered"": true}, {""cq_index"": 19, ""cq_text"": ""Can a query statement be linked to the executing agent?"", ""cq_token_count"": 5, ""covered_token_count"": 4, ""token_recall"": 0.8, ""covered"": true}, {""cq_index"": 20, ""cq_text"": ""Can SQL clauses be assigned operational scopes such as view or process?"", ""cq_token_count"": 8, ""covered_token_count"": 3, ""token_recall"": 0.375, ""covered"": false}, {""cq_index"": 21, ""cq_text"": ""Can scope be propagated to reference nodes as an effectiveActionScope?"", ""cq_token_count"": 5, ""covered_token_count"": 1, ""token_recall"": 0.2, ""covered"": false}, {""cq_index"": 22, ""cq_text"": ""Can a TableRef in the query be linked to its corresponding schema Table?"", ""cq_token_count"": 6, ""covered_token_count"": 2, ""token_recall"": 0.3333, ""covered"": false}, {""cq_index"": 23, ""cq_text"": ""Can a ColumnRef in the query be linked to its corresponding schema Column?"", ""cq_token_count"": 6, ""covered_token_count"": 2, ""token_recall"": 0.3333, ""covered"": false}, {""cq_index"": 24, ""cq_text"": ""Can the reasoner infer whether a referenced table or column is Violated or RowTag based on the matching policy, action, and scope?"", ""cq_token_count"": 13, ""covered_token_count"": 5, ""token_recall"": 0.3846, ""covered"": false}]",33,10,0.5,0.1818,True,23,48,0,41,0.4348,0.2083,0.2817,0.0,0.0,0.0,0.2321,0.0,0.1409,"[""database"", ""table"", ""column"", ""policy"", ""agent"", ""read action"", ""view action scope"", ""select statement"", ""update statement"", ""query statement""]",[]
meta-llama_Llama-3.1-8B-Instruct,scenario-cq-constraints,2025-150-01,False,Could not parse ontology.ttl in turtle/xml/n3 formats.,0,False,False,False,0,0,0,0,0.0,0.0,0.0,True,False,32,0.4688,0.3565,"[{""cq_index"": 0, ""cq_text"": ""Which MQTT Clients are connected to which Broker?"", ""cq_token_count"": 4, ""covered_token_count"": 2, ""token_recall"": 0.5, ""covered"": true}, {""cq_index"": 1, ""cq_text"": ""Which MQTT NetworkConnections exist, are they TLS-secured, and who initiated/accepted them?"", ""cq_token_count"": 9, ""covered_token_count"": 3, ""token_recall"": 0.3333, ""covered"": false}, {""cq_index"": 2, ""cq_text"": ""Which MQTT participants (Clients/Brokers) use which MQTT NetworkConnections?"", ""cq_token_count"": 5, ""covered_token_count"": 1, ""token_recall"": 0.2, ""covered"": false}, {""cq_index"": 3, ""cq_text"": ""Which MQTT Clients with which ClientIDs run on which SOSA platforms?"", ""cq_token_count"": 6, ""covered_token_count"": 1, ""token_recall"": 0.1667, ""covered"": false}, {""cq_index"": 4, ""cq_text"": ""Which MQTT Clients are hosting which SOSA systems (sensors/actuators)?"", ""cq_token_count"": 7, ""covered_token_count"": 1, ""token_recall"": 0.1429, ""covered"": false}, {""cq_index"": 5, ""cq_text"": ""What host/port is a MQTT Broker configured with?"", ""cq_token_count"": 5, ""covered_token_count"": 2, ""token_recall"": 0.4, ""covered"": true}, {""cq_index"": 6, ""cq_text"": ""Which SOSA sensors publish to which MQTT Topics (observations)?"", ""cq_token_count"": 6, ""covered_token_count"": 2, ""token_recall"": 0.3333, ""covered"": false}, {""cq_index"": 7, ""cq_text"": ""Which SOSA actuators listen to which MQTT Topics (commands)?"", ""cq_token_count"": 6, ""covered_token_count"": 1, ""token_recall"": 0.1667, ""covered"": false}, {""cq_index"": 8, ""cq_text"": ""Which SOSA FeaturesOfInterest, Properties etc. appear as MQTT TopicSubjects and on which MQTT Topics?"", ""cq_token_count"": 8, ""covered_token_count"": 1, ""token_recall"": 0.125, ""covered"": false}, {""cq_index"": 9, ""cq_text"": ""Which MQTT Topic Filters match a given MQTT Topic?"", ""cq_token_count"": 4, ""covered_token_count"": 2, ""token_recall"": 0.5, ""covered"": true}, {""cq_index"": 10, ""cq_text"": ""Which MQTT Topics are matched by a given MQTT Topic Filter?"", ""cq_token_count"": 5, ""covered_token_count"": 3, ""token_recall"": 0.6, ""covered"": true}, {""cq_index"": 11, ""cq_text"": ""Which MQTT filter patterns (with wildcards) are stored?"", ""cq_token_count"": 5, ""covered_token_count"": 2, ""token_recall"": 0.4, ""covered"": true}, {""cq_index"": 12, ""cq_text"": ""Which MQTT Clients send which MQTT Control Packets?"", ""cq_token_count"": 5, ""covered_token_count"": 2, ""token_recall"": 0.4, ""covered"": true}, {""cq_index"": 13, ""cq_text"": ""Which MQTT PUBLISH/SUBSCRIBE/UNSUBSCRIBE packets were sent (specializations)?"", ""cq_token_count"": 7, ""covered_token_count"": 4, ""token_recall"": 0.5714, ""covered"": true}, {""cq_index"": 14, ""cq_text"": ""Which MQTT Brokers receive/forward which MQTT Control Packets?"", ""cq_token_count"": 6, ""covered_token_count"": 2, ""token_recall"": 0.3333, ""covered"": false}, {""cq_index"": 15, ""cq_text"": ""Which MQTT Control Packets were sent by which Client (inverse)?"", ""cq_token_count"": 6, ""covered_token_count"": 3, ""token_recall"": 0.5, ""covered"": true}, {""cq_index"": 16, ""cq_text"": ""Which MQTT Publish packets carry Observations for a specific SOSA FeatureOfInterest or Property?"", ""cq_token_count"": 9, ""covered_token_count"": 3, ""token_recall"": 0.3333, ""covered"": false}, {""cq_index"": 17, ""cq_text"": ""Which MQTT SUBSCRIBE packets request QoS=2 and for which filters?"", ""cq_token_count"": 6, ""covered_token_count"": 3, ""token_recall"": 0.5, ""covered"": true}, {""cq_index"": 18, ""cq_text"": ""Which MQTT UNSUBSCRIBE packets remove all filters under a certain path (e.g. 'factory/centering/#')?"", ""cq_token_count"": 10, ""covered_token_count"": 2, ""token_recall"": 0.2, ""covered"": false}, {""cq_index"": 19, ""cq_text"": ""Which MQTT Control Packet has which Fixed Header / Variable Header / Payload?"", ""cq_token_count"": 7, ""covered_token_count"": 3, ""token_recall"": 0.4286, ""covered"": true}, {""cq_index"": 20, ""cq_text"": ""Which MQTT PUBLISH packet has which MQTT Topic (name) in the Variable Header?"", ""cq_token_count"": 7, ""covered_token_count"": 4, ""token_recall"": 0.5714, ""covered"": true}, {""cq_index"": 21, ""cq_text"": ""Which QoS levels are set (in PUBLISH Fixed Header or SubscriptionEntry)?"", ""cq_token_count"": 7, ""covered_token_count"": 2, ""token_recall"": 0.2857, ""covered"": false}, {""cq_index"": 22, ""cq_text"": ""Are RETAIN/DUP flags set in PUBLISH?"", ""cq_token_count"": 5, ""covered_token_count"": 1, ""token_recall"": 0.2, ""covered"": false}, {""cq_index"": 23, ""cq_text"": ""Which MQTT Control Packets have which PacketIdentifier?"", ""cq_token_count"": 4, ""covered_token_count"": 2, ""token_recall"": 0.5, ""covered"": true}, {""cq_index"": 24, ""cq_text"": ""Which MQTT SUBSCRIBE payloads contain which SubscriptionEntries?"", ""cq_token_count"": 5, ""covered_token_count"": 2, ""token_recall"": 0.4, ""covered"": true}, {""cq_index"": 25, ""cq_text"": ""Which MQTT Topic Filters (with QoS) are requested by a SubscriptionEntry?"", ""cq_token_count"": 6, ""covered_token_count"": 3, ""token_recall"": 0.5, ""covered"": true}, {""cq_index"": 26, ""cq_text"": ""Which MQTT UNSUBSCRIBE payloads remove which MQTT TopicFilters?"", ""cq_token_count"": 5, ""covered_token_count"": 2, ""token_recall"": 0.4, ""covered"": true}, {""cq_index"": 27, ""cq_text"": ""Which MQTT PUBLISH payloads encode SOSA Observations (or Observation Collections)?"", ""cq_token_count"": 8, ""covered_token_count"": 2, ""token_recall"": 0.25, ""covered"": false}, {""cq_index"": 28, ""cq_text"": ""Which MQTT PUBLISH payloads encode SOSA Actuations (or Actuation Collections)?"", ""cq_token_count"": 8, ""covered_token_count"": 2, ""token_recall"": 0.25, ""covered"": false}, {""cq_index"": 29, ""cq_text"": ""Which fields are encoded in a MQTT payload?"", ""cq_token_count"": 4, ""covered_token_count"": 1, ""token_recall"": 0.25, ""covered"": false}, {""cq_index"": 30, ""cq_text"": ""What content, content type, encoding and delimiter does a MQTT PUBLISH payload have?"", ""cq_token_count"": 6, ""covered_token_count"": 2, ""token_recall"": 0.3333, ""covered"": false}, {""cq_index"": 31, ""cq_text"": ""What is the size of a MQTT payload (as QUDT QuantityValue with unit)?"", ""cq_token_count"": 6, ""covered_token_count"": 2, ""token_recall"": 0.3333, ""covered"": false}]",42,60,0.15,0.5,True,0,9,0,11,0.0,0.0,0.0,0.0,0.0,0.0,0.0,0.0,0.0,[],[]
meta-llama_Llama-3.1-8B-Instruct,scenario-cq-constraints,2025-151-01,True,,67,True,True,True,0,0,0,0,0.0,0.0,0.0,True,True,5,0.8,0.7833,"[{""cq_index"": 0, ""cq_text"": ""What is the requested action?"", ""cq_token_count"": 2, ""covered_token_count"": 2, ""token_recall"": 1.0, ""covered"": true}, {""cq_index"": 1, ""cq_text"": ""Who is the party issuing the evaluation request?"", ""cq_token_count"": 4, ""covered_token_count"": 4, ""token_recall"": 1.0, ""covered"": true}, {""cq_index"": 2, ""cq_text"": ""What is the target asset of the evaluation request?"", ""cq_token_count"": 4, ""covered_token_count"": 4, ""token_recall"": 1.0, ""covered"": true}, {""cq_index"": 3, ""cq_text"": ""When was the evaluation request issued?"", ""cq_token_count"": 3, ""covered_token_count"": 2, ""token_recall"": 0.6667, ""covered"": true}, {""cq_index"": 4, ""cq_text"": ""What additional contextual information can be included in the evaluation request to further constrain it?"", ""cq_token_count"": 8, ""covered_token_count"": 2, ""token_recall"": 0.25, ""covered"": false}]",21,25,0.56,0.2381,True,0,1,0,5,0.0,0.0,0.0,0.0,0.0,0.0,0.0,0.0,0.0,[],[]
meta-llama_Llama-3.1-8B-Instruct,scenario-cq-constraints,2025-151-02,True,,70,True,True,True,9,0,8,0,1.0,1.0,1.0,True,True,10,0.6,0.4174,"[{""cq_index"": 0, ""cq_text"": ""What is the current time?"", ""cq_token_count"": 2, ""covered_token_count"": 1, ""token_recall"": 0.5, ""covered"": true}, {""cq_index"": 1, ""cq_text"": ""What is the location of a party?"", ""cq_token_count"": 2, ""covered_token_count"": 2, ""token_recall"": 1.0, ""covered"": true}, {""cq_index"": 2, ""cq_text"": ""What assets are part of the asset collection of the policy that is being evaluated?"", ""cq_token_count"": 7, ""covered_token_count"": 3, ""token_recall"": 0.4286, ""covered"": true}, {""cq_index"": 3, ""cq_text"": ""Which parties are part of the party collection of the policy that is being evaluated?"", ""cq_token_count"": 7, ""covered_token_count"": 3, ""token_recall"": 0.4286, ""covered"": true}, {""cq_index"": 4, ""cq_text"": ""What actions were already performed or attempted?"", ""cq_token_count"": 4, ""covered_token_count"": 0, ""token_recall"": 0.0, ""covered"": false}, {""cq_index"": 5, ""cq_text"": ""How many times has a rule been exercised?"", ""cq_token_count"": 4, ""covered_token_count"": 1, ""token_recall"": 0.25, ""covered"": false}, {""cq_index"": 6, ""cq_text"": ""What information is available about an event that has occurred?"", ""cq_token_count"": 4, ""covered_token_count"": 2, ""token_recall"": 0.5, ""covered"": true}, {""cq_index"": 7, ""cq_text"": ""How long has a rule been exercised?"", ""cq_token_count"": 3, ""covered_token_count"": 1, ""token_recall"": 0.3333, ""covered"": false}, {""cq_index"": 8, ""cq_text"": ""Which recipients or categories of recipients can receive the result of the rule that has been exercised?"", ""cq_token_count"": 6, ""covered_token_count"": 2, ""token_recall"": 0.3333, ""covered"": false}, {""cq_index"": 9, ""cq_text"": ""Has a financial payment been made? What was the amount paid?"", ""cq_token_count"": 5, ""covered_token_count"": 2, ""token_recall"": 0.4, ""covered"": true}]",43,23,0.2609,0.6047,True,9,1,8,0,0.0,0.0,0.0,0.0,0.0,0.0,0.0,0.0,0.0,[],[]
meta-llama_Llama-3.1-8B-Instruct,scenario-cq-constraints,2025-153-01,True,,66,True,True,True,6,9,0,0,1.0,1.0,1.0,True,True,8,0.625,0.4208,"[{""cq_index"": 0, ""cq_text"": ""Which entity does a persistent identifier currently reference?"", ""cq_token_count"": 5, ""covered_token_count"": 0, ""token_recall"": 0.0, ""covered"": false}, {""cq_index"": 1, ""cq_text"": ""Which entity was referenced at a past timestamp?"", ""cq_token_count"": 4, ""covered_token_count"": 1, ""token_recall"": 0.25, ""covered"": false}, {""cq_index"": 2, ""cq_text"": ""When did referent transitions occur?"", ""cq_token_count"": 3, ""covered_token_count"": 2, ""token_recall"": 0.6667, ""covered"": true}, {""cq_index"": 3, ""cq_text"": ""What observations are associated with specific referents?"", ""cq_token_count"": 4, ""covered_token_count"": 3, ""token_recall"": 0.75, ""covered"": true}, {""cq_index"": 4, ""cq_text"": ""What is the full sequence of referents over time?"", ""cq_token_count"": 5, ""covered_token_count"": 3, ""token_recall"": 0.6, ""covered"": true}, {""cq_index"": 5, ""cq_text"": ""Which rules triggered specific transitions?"", ""cq_token_count"": 4, ""covered_token_count"": 2, ""token_recall"": 0.5, ""covered"": true}, {""cq_index"": 6, ""cq_text"": ""Are there gaps or overlaps in temporal bindings?"", ""cq_token_count"": 5, ""covered_token_count"": 1, ""token_recall"": 0.2, ""covered"": false}, {""cq_index"": 7, ""cq_text"": ""Can complete context be rebuilt for any time point?"", ""cq_token_count"": 5, ""covered_token_count"": 2, ""token_recall"": 0.4, ""covered"": true}]",30,119,0.042,0.6667,True,6,11,9,22,0.6667,0.3636,0.4706,0.4444,0.1818,0.2581,0.3333,0.2,0.3644,"[""referent"", ""observation"", ""transition rule"", ""temporal binding""]","[""has timestamp"", ""has transition rule"", ""has transition time"", ""has transition gap""]"
meta-llama_Llama-3.1-8B-Instruct,scenario-cq-constraints,2026-155-01,False,Could not parse ontology.ttl in turtle/xml/n3 formats.,0,False,False,False,0,0,0,0,0.0,0.0,0.0,True,False,8,0.875,0.6925,"[{""cq_index"": 0, ""cq_text"": ""Which survey or investigation activities were performed on a given cultural property or on a specific feature of interest?"", ""cq_token_count"": 9, ""covered_token_count"": 8, ""token_recall"": 0.8889, ""covered"": true}, {""cq_index"": 1, ""cq_text"": ""Which method or investigation technique was adopted in a specific survey or investigation activity?"", ""cq_token_count"": 7, ""covered_token_count"": 6, ""token_recall"": 0.8571, ""covered"": true}, {""cq_index"": 2, ""cq_text"": ""Which observations were produced during a given survey or investigation activity?"", ""cq_token_count"": 6, ""covered_token_count"": 6, ""token_recall"": 1.0, ""covered"": true}, {""cq_index"": 3, ""cq_text"": ""Which experts participated in the survey or investigation activity, and with which roles?"", ""cq_token_count"": 6, ""covered_token_count"": 4, ""token_recall"": 0.6667, ""covered"": true}, {""cq_index"": 4, ""cq_text"": ""Which hardware, software, and technical configurations were used to conduct a specific survey or investigation activity?"", ""cq_token_count"": 9, ""covered_token_count"": 8, ""token_recall"": 0.8889, ""covered"": true}, {""cq_index"": 5, ""cq_text"": ""What interpretations or claims are supported by the observations produced during a survey?"", ""cq_token_count"": 7, ""covered_token_count"": 4, ""token_recall"": 0.5714, ""covered"": true}, {""cq_index"": 6, ""cq_text"": ""How are post-processed outputs (e.g., interactive images, spectra, datasets) related to the underlying acquisition or observation activities?"", ""cq_token_count"": 12, ""covered_token_count"": 5, ""token_recall"": 0.4167, ""covered"": true}, {""cq_index"": 7, ""cq_text"": ""Which acquisition parameters (e.g., exposure time, ISO, aperture) characterised a specific photographic acquisition cycle within a survey?"", ""cq_token_count"": 12, ""covered_token_count"": 3, ""token_recall"": 0.25, ""covered"": false}]",57,20,0.7,0.4035,True,0,22,0,32,0.0,0.0,0.0,0.0,0.0,0.0,0.0,0.0,0.0,[],[]
meta-llama_Llama-3.1-8B-Instruct,scenario-cq-reasoning,2023-133-01,False,Could not parse ontology.ttl in turtle/xml/n3 formats.,0,False,False,False,0,0,0,0,0.0,0.0,0.0,False,False,4,0.75,0.5063,"[{""cq_index"": 0, ""cq_text"": ""What events are responsible for the pavement being slippery?"", ""cq_token_count"": 5, ""covered_token_count"": 2, ""token_recall"": 0.4, ""covered"": true}, {""cq_index"": 1, ""cq_text"": ""What would be the outcome of turning the sprinkler system on(off)?"", ""cq_token_count"": 5, ""covered_token_count"": 1, ""token_recall"": 0.2, ""covered"": false}, {""cq_index"": 2, ""cq_text"": ""How strong is the causal link between the sprinkler being on and the pavement being wet?"", ""cq_token_count"": 8, ""covered_token_count"": 5, ""token_recall"": 0.625, ""covered"": true}, {""cq_index"": 3, ""cq_text"": ""What if the pavement is not wet, how would it effect the pavement being slippery?"", ""cq_token_count"": 5, ""covered_token_count"": 4, ""token_recall"": 0.8, ""covered"": true}]",25,41,0.2439,0.56,True,0,5,0,5,0.0,0.0,0.0,0.0,0.0,0.0,0.0,0.0,0.0,[],[]
meta-llama_Llama-3.1-8B-Instruct,scenario-cq-reasoning,2023-133-02,True,,21,True,True,True,3,0,0,0,1.0,1.0,0.0,True,True,6,0.1667,0.2425,"[{""cq_index"": 0, ""cq_text"": ""Is the medication intake by the patient caused by the presence of outdoor environmental allergen such as pollen or AQI?"", ""cq_token_count"": 11, ""covered_token_count"": 2, ""token_recall"": 0.1818, ""covered"": false}, {""cq_index"": 1, ""cq_text"": ""How much does the presence of an asthma symptom effect the intake of medication?"", ""cq_token_count"": 7, ""covered_token_count"": 3, ""token_recall"": 0.4286, ""covered"": true}, {""cq_index"": 2, ""cq_text"": ""How does an outdoor environmental allergen affect the patient?"", ""cq_token_count"": 5, ""covered_token_count"": 1, ""token_recall"": 0.2, ""covered"": false}, {""cq_index"": 3, ""cq_text"": ""What is the probable cause of the cough experienced by the patient?"", ""cq_token_count"": 5, ""covered_token_count"": 1, ""token_recall"": 0.2, ""covered"": false}, {""cq_index"": 4, ""cq_text"": ""What if pollen (or AQI) allergen was not present in the outdoor environment, how would it effect the intake of medication?"", ""cq_token_count"": 9, ""covered_token_count"": 1, ""token_recall"": 0.1111, ""covered"": false}, {""cq_index"": 5, ""cq_text"": ""What if the patient did not experience a cough, how would it effect the intake of medication?"", ""cq_token_count"": 6, ""covered_token_count"": 2, ""token_recall"": 0.3333, ""covered"": false}]",5,60,0.0667,0.0,True,3,5,0,5,0.0,0.0,0.0,0.0,0.0,0.0,0.0,0.0,0.0,[],[]
meta-llama_Llama-3.1-8B-Instruct,scenario-cq-reasoning,2023-134-01,False,Could not parse ontology.ttl in turtle/xml/n3 formats.,0,False,False,False,0,0,0,0,0.0,0.0,0.0,False,False,8,1.0,0.9375,"[{""cq_index"": 0, ""cq_text"": ""What is the unique identifier of the policy?"", ""cq_token_count"": 3, ""covered_token_count"": 3, ""token_recall"": 1.0, ""covered"": true}, {""cq_index"": 1, ""cq_text"": ""Who is the creator of the policy?"", ""cq_token_count"": 2, ""covered_token_count"": 2, ""token_recall"": 1.0, ""covered"": true}, {""cq_index"": 2, ""cq_text"": ""When was the policy issued?"", ""cq_token_count"": 2, ""covered_token_count"": 1, ""token_recall"": 0.5, ""covered"": true}, {""cq_index"": 3, ""cq_text"": ""Who is the assignee of the policy?"", ""cq_token_count"": 2, ""covered_token_count"": 2, ""token_recall"": 1.0, ""covered"": true}, {""cq_index"": 4, ""cq_text"": ""What application/service is being used to access the data?"", ""cq_token_count"": 5, ""covered_token_count"": 5, ""token_recall"": 1.0, ""covered"": true}, {""cq_index"": 5, ""cq_text"": ""What access mode is being requested?"", ""cq_token_count"": 4, ""covered_token_count"": 4, ""token_recall"": 1.0, ""covered"": true}, {""cq_index"": 6, ""cq_text"": ""What personal data is being accessed?"", ""cq_token_count"": 4, ""covered_token_count"": 4, ""token_recall"": 1.0, ""covered"": true}, {""cq_index"": 7, ""cq_text"": ""What is the purpose for accessing the data?"", ""cq_token_count"": 3, ""covered_token_count"": 3, ""token_recall"": 1.0, ""covered"": true}]",68,88,0.2159,0.5294,True,0,0,0,0,0.0,0.0,0.0,0.0,0.0,0.0,1.0,1.0,0.0,[],[]
meta-llama_Llama-3.1-8B-Instruct,scenario-cq-reasoning,2023-134-02,False,Could not parse ontology.ttl in turtle/xml/n3 formats.,0,False,False,False,0,0,0,0,0.0,0.0,0.0,False,False,6,0.6667,0.5087,"[{""cq_index"": 0, ""cq_text"": ""What type of action, e.g., create, update, erase, is being performed on the data?"", ""cq_token_count"": 7, ""covered_token_count"": 2, ""token_recall"": 0.2857, ""covered"": false}, {""cq_index"": 1, ""cq_text"": ""Who is the entity interacting with the data?"", ""cq_token_count"": 3, ""covered_token_count"": 2, ""token_recall"": 0.6667, ""covered"": true}, {""cq_index"": 2, ""cq_text"": ""Who is the entity publishing the log?"", ""cq_token_count"": 3, ""covered_token_count"": 2, ""token_recall"": 0.6667, ""covered"": true}, {""cq_index"": 3, ""cq_text"": ""When was the log issued?"", ""cq_token_count"": 2, ""covered_token_count"": 1, ""token_recall"": 0.5, ""covered"": true}, {""cq_index"": 4, ""cq_text"": ""Where is the data being stored?"", ""cq_token_count"": 3, ""covered_token_count"": 1, ""token_recall"": 0.3333, ""covered"": false}, {""cq_index"": 5, ""cq_text"": ""What application/service is being used to generate the data, if any?"", ""cq_token_count"": 5, ""covered_token_count"": 3, ""token_recall"": 0.6, ""covered"": true}]",46,88,0.2045,0.5,True,0,0,0,0,0.0,0.0,0.0,0.0,0.0,0.0,1.0,1.0,0.0,[],[]
meta-llama_Llama-3.1-8B-Instruct,scenario-cq-reasoning,2023-134-03,False,Could not parse ontology.ttl in turtle/xml/n3 formats.,0,False,False,False,0,0,0,0,0.0,0.0,0.0,False,False,5,0.8,0.5167,"[{""cq_index"": 0, ""cq_text"": ""Who is maintaining the registry?"", ""cq_token_count"": 2, ""covered_token_count"": 1, ""token_recall"": 0.5, ""covered"": true}, {""cq_index"": 1, ""cq_text"": ""When was the registry created/updated?"", ""cq_token_count"": 3, ""covered_token_count"": 2, ""token_recall"": 0.6667, ""covered"": true}, {""cq_index"": 2, ""cq_text"": ""What types of data are available?"", ""cq_token_count"": 2, ""covered_token_count"": 1, ""token_recall"": 0.5, ""covered"": true}, {""cq_index"": 3, ""cq_text"": ""Where is a specific type of data being stored?"", ""cq_token_count"": 4, ""covered_token_count"": 1, ""token_recall"": 0.25, ""covered"": false}, {""cq_index"": 4, ""cq_text"": ""What policy is associated with the data?"", ""cq_token_count"": 3, ""covered_token_count"": 2, ""token_recall"": 0.6667, ""covered"": true}]",50,88,0.2614,0.48,True,0,0,0,0,0.0,0.0,0.0,0.0,0.0,0.0,1.0,1.0,0.0,[],[]
meta-llama_Llama-3.1-8B-Instruct,scenario-cq-reasoning,2023-135-01,True,,24,True,True,True,0,0,0,0,0.0,0.0,0.0,True,True,3,0.0,0.1296,"[{""cq_index"": 0, ""cq_text"": ""Under what pseudonym did the author C. S. Lewis published a collection of poems, Spirit in Bondage?"", ""cq_token_count"": 9, ""covered_token_count"": 2, ""token_recall"": 0.2222, ""covered"": false}, {""cq_index"": 1, ""cq_text"": ""What alternative did C. S. Lewis used to assume the role of a book writer?"", ""cq_token_count"": 6, ""covered_token_count"": 1, ""token_recall"": 0.1667, ""covered"": false}, {""cq_index"": 2, ""cq_text"": ""Show the trajectories of rivers which cross national parks?"", ""cq_token_count"": 5, ""covered_token_count"": 0, ""token_recall"": 0.0, ""covered"": false}]",15,10,0.4,0.6,True,0,5,0,13,0.0,0.0,0.0,0.0,0.0,0.0,0.0,0.0,0.0,[],[]
meta-llama_Llama-3.1-8B-Instruct,scenario-cq-reasoning,2024-145-01,True,,17,True,True,True,0,0,0,0,0.0,0.0,0.0,True,True,7,0.2857,0.3024,"[{""cq_index"": 0, ""cq_text"": ""List all district courts in a given state."", ""cq_token_count"": 3, ""covered_token_count"": 0, ""token_recall"": 0.0, ""covered"": false}, {""cq_index"": 1, ""cq_text"": ""In which state is a given district court instance located?"", ""cq_token_count"": 5, ""covered_token_count"": 1, ""token_recall"": 0.2, ""covered"": false}, {""cq_index"": 2, ""cq_text"": ""How many districts are in a given state of India?"", ""cq_token_count"": 4, ""covered_token_count"": 0, ""token_recall"": 0.0, ""covered"": false}, {""cq_index"": 3, ""cq_text"": ""Which court has authority over a given court?"", ""cq_token_count"": 3, ""covered_token_count"": 1, ""token_recall"": 0.3333, ""covered"": false}, {""cq_index"": 4, ""cq_text"": ""What is the check transaction type for a bad check?"", ""cq_token_count"": 3, ""covered_token_count"": 2, ""token_recall"": 0.6667, ""covered"": true}, {""cq_index"": 5, ""cq_text"": ""When is a check payment of a bad check?"", ""cq_token_count"": 3, ""covered_token_count"": 2, ""token_recall"": 0.6667, ""covered"": true}, {""cq_index"": 6, ""cq_text"": ""What is the transaction status of a given check payment?"", ""cq_token_count"": 4, ""covered_token_count"": 1, ""token_recall"": 0.25, ""covered"": false}]",18,17,0.7059,0.3333,False,0,0,0,0,0.0,0.0,0.0,0.0,0.0,0.0,0.0,0.0,0.0,[],[]
meta-llama_Llama-3.1-8B-Instruct,scenario-cq-reasoning,2025-147-01,False,Could not parse ontology.ttl in turtle/xml/n3 formats.,0,False,False,False,0,0,0,0,0.0,0.0,0.0,False,False,48,0.0,0.0,"[{""cq_index"": 0, ""cq_text"": ""How are ships clearly identified?"", ""cq_token_count"": 3, ""covered_token_count"": 0, ""token_recall"": 0.0, ""covered"": false}, {""cq_index"": 1, ""cq_text"": ""How are a ship's dimensions described?"", ""cq_token_count"": 3, ""covered_token_count"": 0, ""token_recall"": 0.0, ""covered"": false}, {""cq_index"": 2, ""cq_text"": ""What information can be provided about the typical location of a ship?"", ""cq_token_count"": 5, ""covered_token_count"": 0, ""token_recall"": 0.0, ""covered"": false}, {""cq_index"": 3, ""cq_text"": ""Who can be the owner of a ship?"", ""cq_token_count"": 2, ""covered_token_count"": 0, ""token_recall"": 0.0, ""covered"": false}, {""cq_index"": 4, ""cq_text"": ""How is a ship's average speed over ground specified?"", ""cq_token_count"": 6, ""covered_token_count"": 0, ""token_recall"": 0.0, ""covered"": false}, {""cq_index"": 5, ""cq_text"": ""How many container ships are registered under the German flag?"", ""cq_token_count"": 7, ""covered_token_count"": 0, ""token_recall"": 0.0, ""covered"": false}, {""cq_index"": 6, ""cq_text"": ""How is the GPS antenna placed relatively to the ship's structure (bow, stern, port, starboard)?"", ""cq_token_count"": 10, ""covered_token_count"": 0, ""token_recall"": 0.0, ""covered"": false}, {""cq_index"": 7, ""cq_text"": ""Which organization owns the most ships?"", ""cq_token_count"": 4, ""covered_token_count"": 0, ""token_recall"": 0.0, ""covered"": false}, {""cq_index"": 8, ""cq_text"": ""What information can be provided about a ship route?"", ""cq_token_count"": 4, ""covered_token_count"": 0, ""token_recall"": 0.0, ""covered"": false}, {""cq_index"": 9, ""cq_text"": ""What information is known about a single trajectory part?"", ""cq_token_count"": 5, ""covered_token_count"": 0, ""token_recall"": 0.0, ""covered"": false}, {""cq_index"": 10, ""cq_text"": ""What types of trajectories are distinguished?"", ""cq_token_count"": 2, ""covered_token_count"": 0, ""token_recall"": 0.0, ""covered"": false}, {""cq_index"": 11, ""cq_text"": ""What unit does the draught of a ship have?"", ""cq_token_count"": 3, ""covered_token_count"": 0, ""token_recall"": 0.0, ""covered"": false}, {""cq_index"": 12, ""cq_text"": ""What was the average speed over ground of the ship on route on day X?"", ""cq_token_count"": 7, ""covered_token_count"": 0, ""token_recall"": 0.0, ""covered"": false}, {""cq_index"": 13, ""cq_text"": ""What route is predicted for ship X?"", ""cq_token_count"": 3, ""covered_token_count"": 0, ""token_recall"": 0.0, ""covered"": false}, {""cq_index"": 14, ""cq_text"": ""What types of engines are used in ships?"", ""cq_token_count"": 2, ""covered_token_count"": 0, ""token_recall"": 0.0, ""covered"": false}, {""cq_index"": 15, ""cq_text"": ""What combinations of engines can exist?"", ""cq_token_count"": 3, ""covered_token_count"": 0, ""token_recall"": 0.0, ""covered"": false}, {""cq_index"": 16, ""cq_text"": ""What powers these ship engines?"", ""cq_token_count"": 4, ""covered_token_count"": 0, ""token_recall"": 0.0, ""covered"": false}, {""cq_index"": 17, ""cq_text"": ""What is driven by ship engines?"", ""cq_token_count"": 3, ""covered_token_count"": 0, ""token_recall"": 0.0, ""covered"": false}, {""cq_index"": 18, ""cq_text"": ""What types of propulsion systems can ships have?"", ""cq_token_count"": 3, ""covered_token_count"": 0, ""token_recall"": 0.0, ""covered"": false}, {""cq_index"": 19, ""cq_text"": ""What propulsion systems don't rely on an engine?"", ""cq_token_count"": 5, ""covered_token_count"": 0, ""token_recall"": 0.0, ""covered"": false}, {""cq_index"": 20, ""cq_text"": ""Which propulsion technologies are used by each individual propulsion system?"", ""cq_token_count"": 4, ""covered_token_count"": 0, ""token_recall"": 0.0, ""covered"": false}, {""cq_index"": 21, ""cq_text"": ""What falls under the category of propulsion technologies powered by engines?"", ""cq_token_count"": 7, ""covered_token_count"": 0, ""token_recall"": 0.0, ""covered"": false}, {""cq_index"": 22, ""cq_text"": ""What types of jet propulsors exist?"", ""cq_token_count"": 3, ""covered_token_count"": 0, ""token_recall"": 0.0, ""covered"": false}, {""cq_index"": 23, ""cq_text"": ""What types of bladed propulsors exist?"", ""cq_token_count"": 3, ""covered_token_count"": 0, ""token_recall"": 0.0, ""covered"": false}, {""cq_index"": 24, ""cq_text"": ""What types of blade propulsors follow a special design?"", ""cq_token_count"": 5, ""covered_token_count"": 0, ""token_recall"": 0.0, ""covered"": false}, {""cq_index"": 25, ""cq_text"": ""What properties describe a bladed propulsor?"", ""cq_token_count"": 4, ""covered_token_count"": 0, ""token_recall"": 0.0, ""covered"": false}, {""cq_index"": 26, ""cq_text"": ""What types of screw propellers can be used?"", ""cq_token_count"": 2, ""covered_token_count"": 0, ""token_recall"": 0.0, ""covered"": false}, {""cq_index"": 27, ""cq_text"": ""What is used to prevent cavitation on technologies for motorized propulsion?"", ""cq_token_count"": 5, ""covered_token_count"": 0, ""token_recall"": 0.0, ""covered"": false}, {""cq_index"": 28, ""cq_text"": ""What type of sails exist?"", ""cq_token_count"": 2, ""covered_token_count"": 0, ""token_recall"": 0.0, ""covered"": false}, {""cq_index"": 29, ""cq_text"": ""Which type of propulsion technologies can assist a motorized ship?"", ""cq_token_count"": 5, ""covered_token_count"": 0, ""token_recall"": 0.0, ""covered"": false}, {""cq_index"": 30, ""cq_text"": ""What fuel does ship X use to drive?"", ""cq_token_count"": 3, ""covered_token_count"": 0, ""token_recall"": 0.0, ""covered"": false}, {""cq_index"": 31, ""cq_text"": ""How many engines power ship X?"", ""cq_token_count"": 4, ""covered_token_count"": 0, ""token_recall"": 0.0, ""covered"": false}, {""cq_index"": 32, ""cq_text"": ""What types of propellers are installed on ship X?"", ""cq_token_count"": 3, ""covered_token_count"": 0, ""token_recall"": 0.0, ""covered"": false}, {""cq_index"": 33, ""cq_text"": ""What is the most common type of propeller?"", ""cq_token_count"": 3, ""covered_token_count"": 0, ""token_recall"": 0.0, ""covered"": false}, {""cq_index"": 34, ""cq_text"": ""How many ships have sails?"", ""cq_token_count"": 3, ""covered_token_count"": 0, ""token_recall"": 0.0, ""covered"": false}, {""cq_index"": 35, ""cq_text"": ""Which ships use electric engines exclusively?"", ""cq_token_count"": 4, ""covered_token_count"": 0, ""token_recall"": 0.0, ""covered"": false}, {""cq_index"": 36, ""cq_text"": ""What motorized propulsion does a ship use that is assisted by wind propulsion?"", ""cq_token_count"": 5, ""covered_token_count"": 0, ""token_recall"": 0.0, ""covered"": false}, {""cq_index"": 37, ""cq_text"": ""How many supercavitating propellers does ship X use?"", ""cq_token_count"": 4, ""covered_token_count"": 0, ""token_recall"": 0.0, ""covered"": false}, {""cq_index"": 38, ""cq_text"": ""What diameter and how many blades does the fixed pitch propeller Y of ship X have?"", ""cq_token_count"": 7, ""covered_token_count"": 0, ""token_recall"": 0.0, ""covered"": false}, {""cq_index"": 39, ""cq_text"": ""What is the least utilized wind assisted propulsion system?"", ""cq_token_count"": 6, ""covered_token_count"": 0, ""token_recall"": 0.0, ""covered"": false}, {""cq_index"": 40, ""cq_text"": ""What different kinds of data can be used to represent a ship?"", ""cq_token_count"": 5, ""covered_token_count"": 0, ""token_recall"": 0.0, ""covered"": false}, {""cq_index"": 41, ""cq_text"": ""How is sonar data of ships stored?"", ""cq_token_count"": 4, ""covered_token_count"": 0, ""token_recall"": 0.0, ""covered"": false}, {""cq_index"": 42, ""cq_text"": ""What image resources are available for a ship?"", ""cq_token_count"": 4, ""covered_token_count"": 0, ""token_recall"": 0.0, ""covered"": false}, {""cq_index"": 43, ""cq_text"": ""What textual information about a ship is available?"", ""cq_token_count"": 4, ""covered_token_count"": 0, ""token_recall"": 0.0, ""covered"": false}, {""cq_index"": 44, ""cq_text"": ""What does ship X look like?"", ""cq_token_count"": 3, ""covered_token_count"": 0, ""token_recall"": 0.0, ""covered"": false}, {""cq_index"": 45, ""cq_text"": ""How does ship X sound like on a sonar?"", ""cq_token_count"": 4, ""covered_token_count"": 0, ""token_recall"": 0.0, ""covered"": false}, {""cq_index"": 46, ""cq_text"": ""What is the textual description of ship X?"", ""cq_token_count"": 3, ""covered_token_count"": 0, ""token_recall"": 0.0, ""covered"": false}, {""cq_index"": 47, ""cq_text"": ""Are there ships without sonar signatures?"", ""cq_token_count"": 5, ""covered_token_count"": 0, ""token_recall"": 0.0, ""covered"": false}]",0,109,0.0,0.0,True,0,1,0,8,0.0,0.0,0.0,0.0,0.0,0.0,0.0,0.0,0.0,[],[]
meta-llama_Llama-3.1-8B-Instruct,scenario-cq-reasoning,2025-149-01,False,Could not parse ontology.ttl in turtle/xml/n3 formats.,0,False,False,False,0,0,0,0,0.0,0.0,0.0,False,False,25,0.0,0.0,"[{""cq_index"": 0, ""cq_text"": ""Can the ontology represent a relational database as a first-class schema entity?"", ""cq_token_count"": 8, ""covered_token_count"": 0, ""token_recall"": 0.0, ""covered"": false}, {""cq_index"": 1, ""cq_text"": ""Can the ontology represent tables belonging to a database?"", ""cq_token_count"": 5, ""covered_token_count"": 0, ""token_recall"": 0.0, ""covered"": false}, {""cq_index"": 2, ""cq_text"": ""Can the ontology represent columns belonging to a table?"", ""cq_token_count"": 5, ""covered_token_count"": 0, ""token_recall"": 0.0, ""covered"": false}, {""cq_index"": 3, ""cq_text"": ""Can the ontology represent primary-key relationships in the schema?"", ""cq_token_count"": 6, ""covered_token_count"": 0, ""token_recall"": 0.0, ""covered"": false}, {""cq_index"": 4, ""cq_text"": ""Can the ontology represent foreign-key relationships and distinguish same-named columns across different tables when they are not semantically linked?"", ""cq_token_count"": 15, ""covered_token_count"": 0, ""token_recall"": 0.0, ""covered"": false}, {""cq_index"": 5, ""cq_text"": ""Can the ontology define a policy for a specific agent?"", ""cq_token_count"": 5, ""covered_token_count"": 0, ""token_recall"": 0.0, ""covered"": false}, {""cq_index"": 6, ""cq_text"": ""Can a policy specify a high-level ReadAction?"", ""cq_token_count"": 5, ""covered_token_count"": 0, ""token_recall"": 0.0, ""covered"": false}, {""cq_index"": 7, ""cq_text"": ""Can a policy specify a high-level ModifyAction?"", ""cq_token_count"": 5, ""covered_token_count"": 0, ""token_recall"": 0.0, ""covered"": false}, {""cq_index"": 8, ""cq_text"": ""Can a policy specify a ViewActionScope for read operations?"", ""cq_token_count"": 5, ""covered_token_count"": 0, ""token_recall"": 0.0, ""covered"": false}, {""cq_index"": 9, ""cq_text"": ""Can a policy specify a ProcessActionScope for read operations?"", ""cq_token_count"": 5, ""covered_token_count"": 0, ""token_recall"": 0.0, ""covered"": false}, {""cq_index"": 10, ""cq_text"": ""Can a policy be defined at table level?"", ""cq_token_count"": 4, ""covered_token_count"": 0, ""token_recall"": 0.0, ""covered"": false}, {""cq_index"": 11, ""cq_text"": ""Can a policy be defined at column level?"", ""cq_token_count"": 4, ""covered_token_count"": 0, ""token_recall"": 0.0, ""covered"": false}, {""cq_index"": 12, ""cq_text"": ""Can a policy be defined at row level using conditions?"", ""cq_token_count"": 5, ""covered_token_count"": 0, ""token_recall"": 0.0, ""covered"": false}, {""cq_index"": 13, ""cq_text"": ""Can the ontology express a prohibited modify action on a table?"", ""cq_token_count"": 6, ""covered_token_count"": 0, ""token_recall"": 0.0, ""covered"": false}, {""cq_index"": 14, ""cq_text"": ""Can the ontology express a table-level read prohibition for processing?"", ""cq_token_count"": 7, ""covered_token_count"": 0, ""token_recall"": 0.0, ""covered"": false}, {""cq_index"": 15, ""cq_text"": ""Can the ontology express a table-level read prohibition for viewing?"", ""cq_token_count"": 7, ""covered_token_count"": 0, ""token_recall"": 0.0, ""covered"": false}, {""cq_index"": 16, ""cq_text"": ""Can the ontology express a conditional row-level read restriction for later enforcement?"", ""cq_token_count"": 9, ""covered_token_count"": 0, ""token_recall"": 0.0, ""covered"": false}, {""cq_index"": 17, ""cq_text"": ""Can the ontology represent a SQL query as an AST-based semantic graph?"", ""cq_token_count"": 8, ""covered_token_count"": 0, ""token_recall"": 0.0, ""covered"": false}, {""cq_index"": 18, ""cq_text"": ""Can a SQL statement such as SelectStatement or UpdateStatement be mapped to its semantic action type?"", ""cq_token_count"": 8, ""covered_token_count"": 0, ""token_recall"": 0.0, ""covered"": false}, {""cq_index"": 19, ""cq_text"": ""Can a query statement be linked to the executing agent?"", ""cq_token_count"": 5, ""covered_token_count"": 0, ""token_recall"": 0.0, ""covered"": false}, {""cq_index"": 20, ""cq_text"": ""Can SQL clauses be assigned operational scopes such as view or process?"", ""cq_token_count"": 8, ""covered_token_count"": 0, ""token_recall"": 0.0, ""covered"": false}, {""cq_index"": 21, ""cq_text"": ""Can scope be propagated to reference nodes as an effectiveActionScope?"", ""cq_token_count"": 5, ""covered_token_count"": 0, ""token_recall"": 0.0, ""covered"": false}, {""cq_index"": 22, ""cq_text"": ""Can a TableRef in the query be linked to its corresponding schema Table?"", ""cq_token_count"": 6, ""covered_token_count"": 0, ""token_recall"": 0.0, ""covered"": false}, {""cq_index"": 23, ""cq_text"": ""Can a ColumnRef in the query be linked to its corresponding schema Column?"", ""cq_token_count"": 6, ""covered_token_count"": 0, ""token_recall"": 0.0, ""covered"": false}, {""cq_index"": 24, ""cq_text"": ""Can the reasoner infer whether a referenced table or column is Violated or RowTag based on the matching policy, action, and scope?"", ""cq_token_count"": 13, ""covered_token_count"": 0, ""token_recall"": 0.0, ""covered"": false}]",0,10,0.0,0.0,True,0,48,0,41,0.0,0.0,0.0,0.0,0.0,0.0,0.0,0.0,0.0,[],[]
meta-llama_Llama-3.1-8B-Instruct,scenario-cq-reasoning,2025-150-01,False,Could not parse ontology.ttl in turtle/xml/n3 formats.,0,False,False,False,0,0,0,0,0.0,0.0,0.0,False,False,32,0.0,0.0388,"[{""cq_index"": 0, ""cq_text"": ""Which MQTT Clients are connected to which Broker?"", ""cq_token_count"": 4, ""covered_token_count"": 0, ""token_recall"": 0.0, ""covered"": false}, {""cq_index"": 1, ""cq_text"": ""Which MQTT NetworkConnections exist, are they TLS-secured, and who initiated/accepted them?"", ""cq_token_count"": 9, ""covered_token_count"": 0, ""token_recall"": 0.0, ""covered"": false}, {""cq_index"": 2, ""cq_text"": ""Which MQTT participants (Clients/Brokers) use which MQTT NetworkConnections?"", ""cq_token_count"": 5, ""covered_token_count"": 1, ""token_recall"": 0.2, ""covered"": false}, {""cq_index"": 3, ""cq_text"": ""Which MQTT Clients with which ClientIDs run on which SOSA platforms?"", ""cq_token_count"": 6, ""covered_token_count"": 0, ""token_recall"": 0.0, ""covered"": false}, {""cq_index"": 4, ""cq_text"": ""Which MQTT Clients are hosting which SOSA systems (sensors/actuators)?"", ""cq_token_count"": 7, ""covered_token_count"": 1, ""token_recall"": 0.1429, ""covered"": false}, {""cq_index"": 5, ""cq_text"": ""What host/port is a MQTT Broker configured with?"", ""cq_token_count"": 5, ""covered_token_count"": 1, ""token_recall"": 0.2, ""covered"": false}, {""cq_index"": 6, ""cq_text"": ""Which SOSA sensors publish to which MQTT Topics (observations)?"", ""cq_token_count"": 6, ""covered_token_count"": 0, ""token_recall"": 0.0, ""covered"": false}, {""cq_index"": 7, ""cq_text"": ""Which SOSA actuators listen to which MQTT Topics (commands)?"", ""cq_token_count"": 6, ""covered_token_count"": 1, ""token_recall"": 0.1667, ""covered"": false}, {""cq_index"": 8, ""cq_text"": ""Which SOSA FeaturesOfInterest, Properties etc. appear as MQTT TopicSubjects and on which MQTT Topics?"", ""cq_token_count"": 8, ""covered_token_count"": 0, ""token_recall"": 0.0, ""covered"": false}, {""cq_index"": 9, ""cq_text"": ""Which MQTT Topic Filters match a given MQTT Topic?"", ""cq_token_count"": 4, ""covered_token_count"": 0, ""token_recall"": 0.0, ""covered"": false}, {""cq_index"": 10, ""cq_text"": ""Which MQTT Topics are matched by a given MQTT Topic Filter?"", ""cq_token_count"": 5, ""covered_token_count"": 0, ""token_recall"": 0.0, ""covered"": false}, {""cq_index"": 11, ""cq_text"": ""Which MQTT filter patterns (with wildcards) are stored?"", ""cq_token_count"": 5, ""covered_token_count"": 0, ""token_recall"": 0.0, ""covered"": false}, {""cq_index"": 12, ""cq_text"": ""Which MQTT Clients send which MQTT Control Packets?"", ""cq_token_count"": 5, ""covered_token_count"": 0, ""token_recall"": 0.0, ""covered"": false}, {""cq_index"": 13, ""cq_text"": ""Which MQTT PUBLISH/SUBSCRIBE/UNSUBSCRIBE packets were sent (specializations)?"", ""cq_token_count"": 7, ""covered_token_count"": 0, ""token_recall"": 0.0, ""covered"": false}, {""cq_index"": 14, ""cq_text"": ""Which MQTT Brokers receive/forward which MQTT Control Packets?"", ""cq_token_count"": 6, ""covered_token_count"": 2, ""token_recall"": 0.3333, ""covered"": false}, {""cq_index"": 15, ""cq_text"": ""Which MQTT Control Packets were sent by which Client (inverse)?"", ""cq_token_count"": 6, ""covered_token_count"": 0, ""token_recall"": 0.0, ""covered"": false}, {""cq_index"": 16, ""cq_text"": ""Which MQTT Publish packets carry Observations for a specific SOSA FeatureOfInterest or Property?"", ""cq_token_count"": 9, ""covered_token_count"": 0, ""token_recall"": 0.0, ""covered"": false}, {""cq_index"": 17, ""cq_text"": ""Which MQTT SUBSCRIBE packets request QoS=2 and for which filters?"", ""cq_token_count"": 6, ""covered_token_count"": 0, ""token_recall"": 0.0, ""covered"": false}, {""cq_index"": 18, ""cq_text"": ""Which MQTT UNSUBSCRIBE packets remove all filters under a certain path (e.g. 'factory/centering/#')?"", ""cq_token_count"": 10, ""covered_token_count"": 0, ""token_recall"": 0.0, ""covered"": false}, {""cq_index"": 19, ""cq_text"": ""Which MQTT Control Packet has which Fixed Header / Variable Header / Payload?"", ""cq_token_count"": 7, ""covered_token_count"": 0, ""token_recall"": 0.0, ""covered"": false}, {""cq_index"": 20, ""cq_text"": ""Which MQTT PUBLISH packet has which MQTT Topic (name) in the Variable Header?"", ""cq_token_count"": 7, ""covered_token_count"": 0, ""token_recall"": 0.0, ""covered"": false}, {""cq_index"": 21, ""cq_text"": ""Which QoS levels are set (in PUBLISH Fixed Header or SubscriptionEntry)?"", ""cq_token_count"": 7, ""covered_token_count"": 0, ""token_recall"": 0.0, ""covered"": false}, {""cq_index"": 22, ""cq_text"": ""Are RETAIN/DUP flags set in PUBLISH?"", ""cq_token_count"": 5, ""covered_token_count"": 1, ""token_recall"": 0.2, ""covered"": false}, {""cq_index"": 23, ""cq_text"": ""Which MQTT Control Packets have which PacketIdentifier?"", ""cq_token_count"": 4, ""covered_token_count"": 0, ""token_recall"": 0.0, ""covered"": false}, {""cq_index"": 24, ""cq_text"": ""Which MQTT SUBSCRIBE payloads contain which SubscriptionEntries?"", ""cq_token_count"": 5, ""covered_token_count"": 0, ""token_recall"": 0.0, ""covered"": false}, {""cq_index"": 25, ""cq_text"": ""Which MQTT Topic Filters (with QoS) are requested by a SubscriptionEntry?"", ""cq_token_count"": 6, ""covered_token_count"": 0, ""token_recall"": 0.0, ""covered"": false}, {""cq_index"": 26, ""cq_text"": ""Which MQTT UNSUBSCRIBE payloads remove which MQTT TopicFilters?"", ""cq_token_count"": 5, ""covered_token_count"": 0, ""token_recall"": 0.0, ""covered"": false}, {""cq_index"": 27, ""cq_text"": ""Which MQTT PUBLISH payloads encode SOSA Observations (or Observation Collections)?"", ""cq_token_count"": 8, ""covered_token_count"": 0, ""token_recall"": 0.0, ""covered"": false}, {""cq_index"": 28, ""cq_text"": ""Which MQTT PUBLISH payloads encode SOSA Actuations (or Actuation Collections)?"", ""cq_token_count"": 8, ""covered_token_count"": 0, ""token_recall"": 0.0, ""covered"": false}, {""cq_index"": 29, ""cq_text"": ""Which fields are encoded in a MQTT payload?"", ""cq_token_count"": 4, ""covered_token_count"": 0, ""token_recall"": 0.0, ""covered"": false}, {""cq_index"": 30, ""cq_text"": ""What content, content type, encoding and delimiter does a MQTT PUBLISH payload have?"", ""cq_token_count"": 6, ""covered_token_count"": 0, ""token_recall"": 0.0, ""covered"": false}, {""cq_index"": 31, ""cq_text"": ""What is the size of a MQTT payload (as QUDT QuantityValue with unit)?"", ""cq_token_count"": 6, ""covered_token_count"": 0, ""token_recall"": 0.0, ""covered"": false}]",6,60,0.0,0.1667,True,0,9,0,11,0.0,0.0,0.0,0.0,0.0,0.0,0.0,0.0,0.0,[],[]
meta-llama_Llama-3.1-8B-Instruct,scenario-cq-reasoning,2025-151-01,False,Could not parse ontology.ttl in turtle/xml/n3 formats.,0,False,False,False,0,0,0,0,0.0,0.0,0.0,False,False,5,0.0,0.0,"[{""cq_index"": 0, ""cq_text"": ""What is the requested action?"", ""cq_token_count"": 2, ""covered_token_count"": 0, ""token_recall"": 0.0, ""covered"": false}, {""cq_index"": 1, ""cq_text"": ""Who is the party issuing the evaluation request?"", ""cq_token_count"": 4, ""covered_token_count"": 0, ""token_recall"": 0.0, ""covered"": false}, {""cq_index"": 2, ""cq_text"": ""What is the target asset of the evaluation request?"", ""cq_token_count"": 4, ""covered_token_count"": 0, ""token_recall"": 0.0, ""covered"": false}, {""cq_index"": 3, ""cq_text"": ""When was the evaluation request issued?"", ""cq_token_count"": 3, ""covered_token_count"": 0, ""token_recall"": 0.0, ""covered"": false}, {""cq_index"": 4, ""cq_text"": ""What additional contextual information can be included in the evaluation request to further constrain it?"", ""cq_token_count"": 8, ""covered_token_count"": 0, ""token_recall"": 0.0, ""covered"": false}]",0,25,0.0,0.0,True,0,1,0,5,0.0,0.0,0.0,0.0,0.0,0.0,0.0,0.0,0.0,[],[]
meta-llama_Llama-3.1-8B-Instruct,scenario-cq-reasoning,2025-151-02,False,Could not parse ontology.ttl in turtle/xml/n3 formats.,0,False,False,False,0,0,0,0,0.0,0.0,0.0,True,False,10,0.0,0.0,"[{""cq_index"": 0, ""cq_text"": ""What is the current time?"", ""cq_token_count"": 2, ""covered_token_count"": 0, ""token_recall"": 0.0, ""covered"": false}, {""cq_index"": 1, ""cq_text"": ""What is the location of a party?"", ""cq_token_count"": 2, ""covered_token_count"": 0, ""token_recall"": 0.0, ""covered"": false}, {""cq_index"": 2, ""cq_text"": ""What assets are part of the asset collection of the policy that is being evaluated?"", ""cq_token_count"": 7, ""covered_token_count"": 0, ""token_recall"": 0.0, ""covered"": false}, {""cq_index"": 3, ""cq_text"": ""Which parties are part of the party collection of the policy that is being evaluated?"", ""cq_token_count"": 7, ""covered_token_count"": 0, ""token_recall"": 0.0, ""covered"": false}, {""cq_index"": 4, ""cq_text"": ""What actions were already performed or attempted?"", ""cq_token_count"": 4, ""covered_token_count"": 0, ""token_recall"": 0.0, ""covered"": false}, {""cq_index"": 5, ""cq_text"": ""How many times has a rule been exercised?"", ""cq_token_count"": 4, ""covered_token_count"": 0, ""token_recall"": 0.0, ""covered"": false}, {""cq_index"": 6, ""cq_text"": ""What information is available about an event that has occurred?"", ""cq_token_count"": 4, ""covered_token_count"": 0, ""token_recall"": 0.0, ""covered"": false}, {""cq_index"": 7, ""cq_text"": ""How long has a rule been exercised?"", ""cq_token_count"": 3, ""covered_token_count"": 0, ""token_recall"": 0.0, ""covered"": false}, {""cq_index"": 8, ""cq_text"": ""Which recipients or categories of recipients can receive the result of the rule that has been exercised?"", ""cq_token_count"": 6, ""covered_token_count"": 0, ""token_recall"": 0.0, ""covered"": false}, {""cq_index"": 9, ""cq_text"": ""Has a financial payment been made? What was the amount paid?"", ""cq_token_count"": 5, ""covered_token_count"": 0, ""token_recall"": 0.0, ""covered"": false}]",1,23,0.0,1.0,True,0,1,0,0,0.0,0.0,0.0,0.0,0.0,0.0,0.0,1.0,0.0,[],[]
meta-llama_Llama-3.1-8B-Instruct,scenario-cq-reasoning,2025-153-01,False,Could not parse ontology.ttl in turtle/xml/n3 formats.,0,False,False,False,0,0,0,0,0.0,0.0,0.0,True,False,8,0.0,0.0,"[{""cq_index"": 0, ""cq_text"": ""Which entity does a persistent identifier currently reference?"", ""cq_token_count"": 5, ""covered_token_count"": 0, ""token_recall"": 0.0, ""covered"": false}, {""cq_index"": 1, ""cq_text"": ""Which entity was referenced at a past timestamp?"", ""cq_token_count"": 4, ""covered_token_count"": 0, ""token_recall"": 0.0, ""covered"": false}, {""cq_index"": 2, ""cq_text"": ""When did referent transitions occur?"", ""cq_token_count"": 3, ""covered_token_count"": 0, ""token_recall"": 0.0, ""covered"": false}, {""cq_index"": 3, ""cq_text"": ""What observations are associated with specific referents?"", ""cq_token_count"": 4, ""covered_token_count"": 0, ""token_recall"": 0.0, ""covered"": false}, {""cq_index"": 4, ""cq_text"": ""What is the full sequence of referents over time?"", ""cq_token_count"": 5, ""covered_token_count"": 0, ""token_recall"": 0.0, ""covered"": false}, {""cq_index"": 5, ""cq_text"": ""Which rules triggered specific transitions?"", ""cq_token_count"": 4, ""covered_token_count"": 0, ""token_recall"": 0.0, ""covered"": false}, {""cq_index"": 6, ""cq_text"": ""Are there gaps or overlaps in temporal bindings?"", ""cq_token_count"": 5, ""covered_token_count"": 0, ""token_recall"": 0.0, ""covered"": false}, {""cq_index"": 7, ""cq_text"": ""Can complete context be rebuilt for any time point?"", ""cq_token_count"": 5, ""covered_token_count"": 0, ""token_recall"": 0.0, ""covered"": false}]",2,119,0.0,1.0,True,0,11,0,22,0.0,0.0,0.0,0.0,0.0,0.0,0.0,0.0,0.0,[],[]
meta-llama_Llama-3.1-8B-Instruct,scenario-cq-reasoning,2026-155-01,False,Could not parse ontology.ttl in turtle/xml/n3 formats.,0,False,False,False,0,0,0,0,0.0,0.0,0.0,True,False,8,0.0,0.0,"[{""cq_index"": 0, ""cq_text"": ""Which survey or investigation activities were performed on a given cultural property or on a specific feature of interest?"", ""cq_token_count"": 9, ""covered_token_count"": 0, ""token_recall"": 0.0, ""covered"": false}, {""cq_index"": 1, ""cq_text"": ""Which method or investigation technique was adopted in a specific survey or investigation activity?"", ""cq_token_count"": 7, ""covered_token_count"": 0, ""token_recall"": 0.0, ""covered"": false}, {""cq_index"": 2, ""cq_text"": ""Which observations were produced during a given survey or investigation activity?"", ""cq_token_count"": 6, ""covered_token_count"": 0, ""token_recall"": 0.0, ""covered"": false}, {""cq_index"": 3, ""cq_text"": ""Which experts participated in the survey or investigation activity, and with which roles?"", ""cq_token_count"": 6, ""covered_token_count"": 0, ""token_recall"": 0.0, ""covered"": false}, {""cq_index"": 4, ""cq_text"": ""Which hardware, software, and technical configurations were used to conduct a specific survey or investigation activity?"", ""cq_token_count"": 9, ""covered_token_count"": 0, ""token_recall"": 0.0, ""covered"": false}, {""cq_index"": 5, ""cq_text"": ""What interpretations or claims are supported by the observations produced during a survey?"", ""cq_token_count"": 7, ""covered_token_count"": 0, ""token_recall"": 0.0, ""covered"": false}, {""cq_index"": 6, ""cq_text"": ""How are post-processed outputs (e.g., interactive images, spectra, datasets) related to the underlying acquisition or observation activities?"", ""cq_token_count"": 12, ""covered_token_count"": 0, ""token_recall"": 0.0, ""covered"": false}, {""cq_index"": 7, ""cq_text"": ""Which acquisition parameters (e.g., exposure time, ISO, aperture) characterised a specific photographic acquisition cycle within a survey?"", ""cq_token_count"": 12, ""covered_token_count"": 0, ""token_recall"": 0.0, ""covered"": false}]",0,20,0.0,0.0,True,0,22,0,32,0.0,0.0,0.0,0.0,0.0,0.0,0.0,0.0,0.0,[],[]
meta-llama_Llama-3.1-8B-Instruct,scenario-only,2023-133-01,True,,61,True,True,True,5,3,1,0,1.0,1.0,1.0,True,True,4,1.0,0.6062,"[{""cq_index"": 0, ""cq_text"": ""What events are responsible for the pavement being slippery?"", ""cq_token_count"": 5, ""covered_token_count"": 3, ""token_recall"": 0.6, ""covered"": true}, {""cq_index"": 1, ""cq_text"": ""What would be the outcome of turning the sprinkler system on(off)?"", ""cq_token_count"": 5, ""covered_token_count"": 2, ""token_recall"": 0.4, ""covered"": true}, {""cq_index"": 2, ""cq_text"": ""How strong is the causal link between the sprinkler being on and the pavement being wet?"", ""cq_token_count"": 8, ""covered_token_count"": 5, ""token_recall"": 0.625, ""covered"": true}, {""cq_index"": 3, ""cq_text"": ""What if the pavement is not wet, how would it effect the pavement being slippery?"", ""cq_token_count"": 5, ""covered_token_count"": 4, ""token_recall"": 0.8, ""covered"": true}]",36,41,0.4146,0.5,True,5,5,4,5,0.2,0.2,0.2,0.25,0.2,0.2222,0.0714,0.3333,0.2111,"[""weather event""]","[""has effect weight""]"
meta-llama_Llama-3.1-8B-Instruct,scenario-only,2023-133-02,False,Could not parse ontology.ttl in turtle/xml/n3 formats.,0,False,False,False,0,0,0,0,0.0,0.0,0.0,True,False,6,1.0,0.5414,"[{""cq_index"": 0, ""cq_text"": ""Is the medication intake by the patient caused by the presence of outdoor environmental allergen such as pollen or AQI?"", ""cq_token_count"": 11, ""covered_token_count"": 5, ""token_recall"": 0.4545, ""covered"": true}, {""cq_index"": 1, ""cq_text"": ""How much does the presence of an asthma symptom effect the intake of medication?"", ""cq_token_count"": 7, ""covered_token_count"": 4, ""token_recall"": 0.5714, ""covered"": true}, {""cq_index"": 2, ""cq_text"": ""How does an outdoor environmental allergen affect the patient?"", ""cq_token_count"": 5, ""covered_token_count"": 2, ""token_recall"": 0.4, ""covered"": true}, {""cq_index"": 3, ""cq_text"": ""What is the probable cause of the cough experienced by the patient?"", ""cq_token_count"": 5, ""covered_token_count"": 3, ""token_recall"": 0.6, ""covered"": true}, {""cq_index"": 4, ""cq_text"": ""What if pollen (or AQI) allergen was not present in the outdoor environment, how would it effect the intake of medication?"", ""cq_token_count"": 9, ""covered_token_count"": 5, ""token_recall"": 0.5556, ""covered"": true}, {""cq_index"": 5, ""cq_text"": ""What if the patient did not experience a cough, how would it effect the intake of medication?"", ""cq_token_count"": 6, ""covered_token_count"": 4, ""token_recall"": 0.6667, ""covered"": true}]",41,60,0.3333,0.439,True,0,5,0,5,0.0,0.0,0.0,0.0,0.0,0.0,0.0,0.0,0.0,[],[]
meta-llama_Llama-3.1-8B-Instruct,scenario-only,2023-134-01,False,Could not parse ontology.ttl in turtle/xml/n3 formats.,0,False,False,False,0,0,0,0,0.0,0.0,0.0,True,False,8,0.0,0.1396,"[{""cq_index"": 0, ""cq_text"": ""What is the unique identifier of the policy?"", ""cq_token_count"": 3, ""covered_token_count"": 1, ""token_recall"": 0.3333, ""covered"": false}, {""cq_index"": 1, ""cq_text"": ""Who is the creator of the policy?"", ""cq_token_count"": 2, ""covered_token_count"": 0, ""token_recall"": 0.0, ""covered"": false}, {""cq_index"": 2, ""cq_text"": ""When was the policy issued?"", ""cq_token_count"": 2, ""covered_token_count"": 0, ""token_recall"": 0.0, ""covered"": false}, {""cq_index"": 3, ""cq_text"": ""Who is the assignee of the policy?"", ""cq_token_count"": 2, ""covered_token_count"": 0, ""token_recall"": 0.0, ""covered"": false}, {""cq_index"": 4, ""cq_text"": ""What application/service is being used to access the data?"", ""cq_token_count"": 5, ""covered_token_count"": 1, ""token_recall"": 0.2, ""covered"": false}, {""cq_index"": 5, ""cq_text"": ""What access mode is being requested?"", ""cq_token_count"": 4, ""covered_token_count"": 0, ""token_recall"": 0.0, ""covered"": false}, {""cq_index"": 6, ""cq_text"": ""What personal data is being accessed?"", ""cq_token_count"": 4, ""covered_token_count"": 1, ""token_recall"": 0.25, ""covered"": false}, {""cq_index"": 7, ""cq_text"": ""What is the purpose for accessing the data?"", ""cq_token_count"": 3, ""covered_token_count"": 1, ""token_recall"": 0.3333, ""covered"": false}]",57,88,0.375,0.4035,True,0,0,0,0,0.0,0.0,0.0,0.0,0.0,0.0,1.0,1.0,0.0,[],[]
meta-llama_Llama-3.1-8B-Instruct,scenario-only,2023-134-02,False,Could not parse ontology.ttl in turtle/xml/n3 formats.,0,False,False,False,0,0,0,0,0.0,0.0,0.0,True,False,6,0.0,0.1682,"[{""cq_index"": 0, ""cq_text"": ""What type of action, e.g., create, update, erase, is being performed on the data?"", ""cq_token_count"": 7, ""covered_token_count"": 1, ""token_recall"": 0.1429, ""covered"": false}, {""cq_index"": 1, ""cq_text"": ""Who is the entity interacting with the data?"", ""cq_token_count"": 3, ""covered_token_count"": 1, ""token_recall"": 0.3333, ""covered"": false}, {""cq_index"": 2, ""cq_text"": ""Who is the entity publishing the log?"", ""cq_token_count"": 3, ""covered_token_count"": 0, ""token_recall"": 0.0, ""covered"": false}, {""cq_index"": 3, ""cq_text"": ""When was the log issued?"", ""cq_token_count"": 2, ""covered_token_count"": 0, ""token_recall"": 0.0, ""covered"": false}, {""cq_index"": 4, ""cq_text"": ""Where is the data being stored?"", ""cq_token_count"": 3, ""covered_token_count"": 1, ""token_recall"": 0.3333, ""covered"": false}, {""cq_index"": 5, ""cq_text"": ""What application/service is being used to generate the data, if any?"", ""cq_token_count"": 5, ""covered_token_count"": 1, ""token_recall"": 0.2, ""covered"": false}]",57,88,0.375,0.4211,True,0,0,0,0,0.0,0.0,0.0,0.0,0.0,0.0,1.0,1.0,0.0,[],[]
meta-llama_Llama-3.1-8B-Instruct,scenario-only,2023-134-03,False,Could not parse ontology.ttl in turtle/xml/n3 formats.,0,False,False,False,0,0,0,0,0.0,0.0,0.0,True,False,5,0.2,0.2167,"[{""cq_index"": 0, ""cq_text"": ""Who is maintaining the registry?"", ""cq_token_count"": 2, ""covered_token_count"": 0, ""token_recall"": 0.0, ""covered"": false}, {""cq_index"": 1, ""cq_text"": ""When was the registry created/updated?"", ""cq_token_count"": 3, ""covered_token_count"": 0, ""token_recall"": 0.0, ""covered"": false}, {""cq_index"": 2, ""cq_text"": ""What types of data are available?"", ""cq_token_count"": 2, ""covered_token_count"": 1, ""token_recall"": 0.5, ""covered"": true}, {""cq_index"": 3, ""cq_text"": ""Where is a specific type of data being stored?"", ""cq_token_count"": 4, ""covered_token_count"": 1, ""token_recall"": 0.25, ""covered"": false}, {""cq_index"": 4, ""cq_text"": ""What policy is associated with the data?"", ""cq_token_count"": 3, ""covered_token_count"": 1, ""token_recall"": 0.3333, ""covered"": false}]",57,88,0.375,0.4211,True,0,0,0,0,0.0,0.0,0.0,0.0,0.0,0.0,1.0,1.0,0.0,[],[]
meta-llama_Llama-3.1-8B-Instruct,scenario-only,2023-135-01,False,Could not parse ontology.ttl in turtle/xml/n3 formats.,0,False,False,False,0,0,0,0,0.0,0.0,0.0,True,False,3,0.0,0.037,"[{""cq_index"": 0, ""cq_text"": ""Under what pseudonym did the author C. S. Lewis published a collection of poems, Spirit in Bondage?"", ""cq_token_count"": 9, ""covered_token_count"": 1, ""token_recall"": 0.1111, ""covered"": false}, {""cq_index"": 1, ""cq_text"": ""What alternative did C. S. Lewis used to assume the role of a book writer?"", ""cq_token_count"": 6, ""covered_token_count"": 0, ""token_recall"": 0.0, ""covered"": false}, {""cq_index"": 2, ""cq_text"": ""Show the trajectories of rivers which cross national parks?"", ""cq_token_count"": 5, ""covered_token_count"": 0, ""token_recall"": 0.0, ""covered"": false}]",32,10,0.4,0.875,True,0,5,0,13,0.0,0.0,0.0,0.0,0.0,0.0,0.0,0.0,0.0,[],[]
meta-llama_Llama-3.1-8B-Instruct,scenario-only,2024-145-01,False,Could not parse ontology.ttl in turtle/xml/n3 formats.,0,False,False,False,0,0,0,0,0.0,0.0,0.0,True,False,7,0.2857,0.3024,"[{""cq_index"": 0, ""cq_text"": ""List all district courts in a given state."", ""cq_token_count"": 3, ""covered_token_count"": 0, ""token_recall"": 0.0, ""covered"": false}, {""cq_index"": 1, ""cq_text"": ""In which state is a given district court instance located?"", ""cq_token_count"": 5, ""covered_token_count"": 1, ""token_recall"": 0.2, ""covered"": false}, {""cq_index"": 2, ""cq_text"": ""How many districts are in a given state of India?"", ""cq_token_count"": 4, ""covered_token_count"": 0, ""token_recall"": 0.0, ""covered"": false}, {""cq_index"": 3, ""cq_text"": ""Which court has authority over a given court?"", ""cq_token_count"": 3, ""covered_token_count"": 1, ""token_recall"": 0.3333, ""covered"": false}, {""cq_index"": 4, ""cq_text"": ""What is the check transaction type for a bad check?"", ""cq_token_count"": 3, ""covered_token_count"": 2, ""token_recall"": 0.6667, ""covered"": true}, {""cq_index"": 5, ""cq_text"": ""When is a check payment of a bad check?"", ""cq_token_count"": 3, ""covered_token_count"": 2, ""token_recall"": 0.6667, ""covered"": true}, {""cq_index"": 6, ""cq_text"": ""What is the transaction status of a given check payment?"", ""cq_token_count"": 4, ""covered_token_count"": 1, ""token_recall"": 0.25, ""covered"": false}]",47,17,0.5882,0.7872,False,0,0,0,0,0.0,0.0,0.0,0.0,0.0,0.0,0.0,0.0,0.0,[],[]
meta-llama_Llama-3.1-8B-Instruct,scenario-only,2025-147-01,False,Could not parse ontology.ttl in turtle/xml/n3 formats.,0,False,False,False,0,0,0,0,0.0,0.0,0.0,True,False,48,0.125,0.2379,"[{""cq_index"": 0, ""cq_text"": ""How are ships clearly identified?"", ""cq_token_count"": 3, ""covered_token_count"": 1, ""token_recall"": 0.3333, ""covered"": false}, {""cq_index"": 1, ""cq_text"": ""How are a ship's dimensions described?"", ""cq_token_count"": 3, ""covered_token_count"": 1, ""token_recall"": 0.3333, ""covered"": false}, {""cq_index"": 2, ""cq_text"": ""What information can be provided about the typical location of a ship?"", ""cq_token_count"": 5, ""covered_token_count"": 1, ""token_recall"": 0.2, ""covered"": false}, {""cq_index"": 3, ""cq_text"": ""Who can be the owner of a ship?"", ""cq_token_count"": 2, ""covered_token_count"": 1, ""token_recall"": 0.5, ""covered"": true}, {""cq_index"": 4, ""cq_text"": ""How is a ship's average speed over ground specified?"", ""cq_token_count"": 6, ""covered_token_count"": 1, ""token_recall"": 0.1667, ""covered"": false}, {""cq_index"": 5, ""cq_text"": ""How many container ships are registered under the German flag?"", ""cq_token_count"": 7, ""covered_token_count"": 1, ""token_recall"": 0.1429, ""covered"": false}, {""cq_index"": 6, ""cq_text"": ""How is the GPS antenna placed relatively to the ship's structure (bow, stern, port, starboard)?"", ""cq_token_count"": 10, ""covered_token_count"": 1, ""token_recall"": 0.1, ""covered"": false}, {""cq_index"": 7, ""cq_text"": ""Which organization owns the most ships?"", ""cq_token_count"": 4, ""covered_token_count"": 1, ""token_recall"": 0.25, ""covered"": false}, {""cq_index"": 8, ""cq_text"": ""What information can be provided about a ship route?"", ""cq_token_count"": 4, ""covered_token_count"": 1, ""token_recall"": 0.25, ""covered"": false}, {""cq_index"": 9, ""cq_text"": ""What information is known about a single trajectory part?"", ""cq_token_count"": 5, ""covered_token_count"": 0, ""token_recall"": 0.0, ""covered"": false}, {""cq_index"": 10, ""cq_text"": ""What types of trajectories are distinguished?"", ""cq_token_count"": 2, ""covered_token_count"": 0, ""token_recall"": 0.0, ""covered"": false}, {""cq_index"": 11, ""cq_text"": ""What unit does the draught of a ship have?"", ""cq_token_count"": 3, ""covered_token_count"": 1, ""token_recall"": 0.3333, ""covered"": false}, {""cq_index"": 12, ""cq_text"": ""What was the average speed over ground of the ship on route on day X?"", ""cq_token_count"": 7, ""covered_token_count"": 1, ""token_recall"": 0.1429, ""covered"": false}, {""cq_index"": 13, ""cq_text"": ""What route is predicted for ship X?"", ""cq_token_count"": 3, ""covered_token_count"": 1, ""token_recall"": 0.3333, ""covered"": false}, {""cq_index"": 14, ""cq_text"": ""What types of engines are used in ships?"", ""cq_token_count"": 2, ""covered_token_count"": 1, ""token_recall"": 0.5, ""covered"": true}, {""cq_index"": 15, ""cq_text"": ""What combinations of engines can exist?"", ""cq_token_count"": 3, ""covered_token_count"": 0, ""token_recall"": 0.0, ""covered"": false}, {""cq_index"": 16, ""cq_text"": ""What powers these ship engines?"", ""cq_token_count"": 4, ""covered_token_count"": 1, ""token_recall"": 0.25, ""covered"": false}, {""cq_index"": 17, ""cq_text"": ""What is driven by ship engines?"", ""cq_token_count"": 3, ""covered_token_count"": 1, ""token_recall"": 0.3333, ""covered"": false}, {""cq_index"": 18, ""cq_text"": ""What types of propulsion systems can ships have?"", ""cq_token_count"": 3, ""covered_token_count"": 2, ""token_recall"": 0.6667, ""covered"": true}, {""cq_index"": 19, ""cq_text"": ""What propulsion systems don't rely on an engine?"", ""cq_token_count"": 5, ""covered_token_count"": 1, ""token_recall"": 0.2, ""covered"": false}, {""cq_index"": 20, ""cq_text"": ""Which propulsion technologies are used by each individual propulsion system?"", ""cq_token_count"": 4, ""covered_token_count"": 2, ""token_recall"": 0.5, ""covered"": true}, {""cq_index"": 21, ""cq_text"": ""What falls under the category of propulsion technologies powered by engines?"", ""cq_token_count"": 7, ""covered_token_count"": 1, ""token_recall"": 0.1429, ""covered"": false}, {""cq_index"": 22, ""cq_text"": ""What types of jet propulsors exist?"", ""cq_token_count"": 3, ""covered_token_count"": 0, ""token_recall"": 0.0, ""covered"": false}, {""cq_index"": 23, ""cq_text"": ""What types of bladed propulsors exist?"", ""cq_token_count"": 3, ""covered_token_count"": 0, ""token_recall"": 0.0, ""covered"": false}, {""cq_index"": 24, ""cq_text"": ""What types of blade propulsors follow a special design?"", ""cq_token_count"": 5, ""covered_token_count"": 1, ""token_recall"": 0.2, ""covered"": false}, {""cq_index"": 25, ""cq_text"": ""What properties describe a bladed propulsor?"", ""cq_token_count"": 4, ""covered_token_count"": 1, ""token_recall"": 0.25, ""covered"": false}, {""cq_index"": 26, ""cq_text"": ""What types of screw propellers can be used?"", ""cq_token_count"": 2, ""covered_token_count"": 0, ""token_recall"": 0.0, ""covered"": false}, {""cq_index"": 27, ""cq_text"": ""What is used to prevent cavitation on technologies for motorized propulsion?"", ""cq_token_count"": 5, ""covered_token_count"": 1, ""token_recall"": 0.2, ""covered"": false}, {""cq_index"": 28, ""cq_text"": ""What type of sails exist?"", ""cq_token_count"": 2, ""covered_token_count"": 0, ""token_recall"": 0.0, ""covered"": false}, {""cq_index"": 29, ""cq_text"": ""Which type of propulsion technologies can assist a motorized ship?"", ""cq_token_count"": 5, ""covered_token_count"": 2, ""token_recall"": 0.4, ""covered"": true}, {""cq_index"": 30, ""cq_text"": ""What fuel does ship X use to drive?"", ""cq_token_count"": 3, ""covered_token_count"": 1, ""token_recall"": 0.3333, ""covered"": false}, {""cq_index"": 31, ""cq_text"": ""How many engines power ship X?"", ""cq_token_count"": 4, ""covered_token_count"": 1, ""token_recall"": 0.25, ""covered"": false}, {""cq_index"": 32, ""cq_text"": ""What types of propellers are installed on ship X?"", ""cq_token_count"": 3, ""covered_token_count"": 1, ""token_recall"": 0.3333, ""covered"": false}, {""cq_index"": 33, ""cq_text"": ""What is the most common type of propeller?"", ""cq_token_count"": 3, ""covered_token_count"": 0, ""token_recall"": 0.0, ""covered"": false}, {""cq_index"": 34, ""cq_text"": ""How many ships have sails?"", ""cq_token_count"": 3, ""covered_token_count"": 1, ""token_recall"": 0.3333, ""covered"": false}, {""cq_index"": 35, ""cq_text"": ""Which ships use electric engines exclusively?"", ""cq_token_count"": 4, ""covered_token_count"": 1, ""token_recall"": 0.25, ""covered"": false}, {""cq_index"": 36, ""cq_text"": ""What motorized propulsion does a ship use that is assisted by wind propulsion?"", ""cq_token_count"": 5, ""covered_token_count"": 2, ""token_recall"": 0.4, ""covered"": true}, {""cq_index"": 37, ""cq_text"": ""How many supercavitating propellers does ship X use?"", ""cq_token_count"": 4, ""covered_token_count"": 1, ""token_recall"": 0.25, ""covered"": false}, {""cq_index"": 38, ""cq_text"": ""What diameter and how many blades does the fixed pitch propeller Y of ship X have?"", ""cq_token_count"": 7, ""covered_token_count"": 1, ""token_recall"": 0.1429, ""covered"": false}, {""cq_index"": 39, ""cq_text"": ""What is the least utilized wind assisted propulsion system?"", ""cq_token_count"": 6, ""covered_token_count"": 2, ""token_recall"": 0.3333, ""covered"": false}, {""cq_index"": 40, ""cq_text"": ""What different kinds of data can be used to represent a ship?"", ""cq_token_count"": 5, ""covered_token_count"": 1, ""token_recall"": 0.2, ""covered"": false}, {""cq_index"": 41, ""cq_text"": ""How is sonar data of ships stored?"", ""cq_token_count"": 4, ""covered_token_count"": 1, ""token_recall"": 0.25, ""covered"": false}, {""cq_index"": 42, ""cq_text"": ""What image resources are available for a ship?"", ""cq_token_count"": 4, ""covered_token_count"": 1, ""token_recall"": 0.25, ""covered"": false}, {""cq_index"": 43, ""cq_text"": ""What textual information about a ship is available?"", ""cq_token_count"": 4, ""covered_token_count"": 1, ""token_recall"": 0.25, ""covered"": false}, {""cq_index"": 44, ""cq_text"": ""What does ship X look like?"", ""cq_token_count"": 3, ""covered_token_count"": 1, ""token_recall"": 0.3333, ""covered"": false}, {""cq_index"": 45, ""cq_text"": ""How does ship X sound like on a sonar?"", ""cq_token_count"": 4, ""covered_token_count"": 1, ""token_recall"": 0.25, ""covered"": false}, {""cq_index"": 46, ""cq_text"": ""What is the textual description of ship X?"", ""cq_token_count"": 3, ""covered_token_count"": 1, ""token_recall"": 0.3333, ""covered"": false}, {""cq_index"": 47, ""cq_text"": ""Are there ships without sonar signatures?"", ""cq_token_count"": 5, ""covered_token_count"": 1, ""token_recall"": 0.2, ""covered"": false}]",37,109,0.1651,0.4595,True,0,1,0,8,0.0,0.0,0.0,0.0,0.0,0.0,0.0,0.0,0.0,[],[]
meta-llama_Llama-3.1-8B-Instruct,scenario-only,2025-149-01,False,Could not parse ontology.ttl in turtle/xml/n3 formats.,0,False,False,False,0,0,0,0,0.0,0.0,0.0,True,False,25,0.12,0.1366,"[{""cq_index"": 0, ""cq_text"": ""Can the ontology represent a relational database as a first-class schema entity?"", ""cq_token_count"": 8, ""covered_token_count"": 5, ""token_recall"": 0.625, ""covered"": true}, {""cq_index"": 1, ""cq_text"": ""Can the ontology represent tables belonging to a database?"", ""cq_token_count"": 5, ""covered_token_count"": 2, ""token_recall"": 0.4, ""covered"": true}, {""cq_index"": 2, ""cq_text"": ""Can the ontology represent columns belonging to a table?"", ""cq_token_count"": 5, ""covered_token_count"": 1, ""token_recall"": 0.2, ""covered"": false}, {""cq_index"": 3, ""cq_text"": ""Can the ontology represent primary-key relationships in the schema?"", ""cq_token_count"": 6, ""covered_token_count"": 1, ""token_recall"": 0.1667, ""covered"": false}, {""cq_index"": 4, ""cq_text"": ""Can the ontology represent foreign-key relationships and distinguish same-named columns across different tables when they are not semantically linked?"", ""cq_token_count"": 15, ""covered_token_count"": 1, ""token_recall"": 0.0667, ""covered"": false}, {""cq_index"": 5, ""cq_text"": ""Can the ontology define a policy for a specific agent?"", ""cq_token_count"": 5, ""covered_token_count"": 2, ""token_recall"": 0.4, ""covered"": true}, {""cq_index"": 6, ""cq_text"": ""Can a policy specify a high-level ReadAction?"", ""cq_token_count"": 5, ""covered_token_count"": 0, ""token_recall"": 0.0, ""covered"": false}, {""cq_index"": 7, ""cq_text"": ""Can a policy specify a high-level ModifyAction?"", ""cq_token_count"": 5, ""covered_token_count"": 0, ""token_recall"": 0.0, ""covered"": false}, {""cq_index"": 8, ""cq_text"": ""Can a policy specify a ViewActionScope for read operations?"", ""cq_token_count"": 5, ""covered_token_count"": 0, ""token_recall"": 0.0, ""covered"": false}, {""cq_index"": 9, ""cq_text"": ""Can a policy specify a ProcessActionScope for read operations?"", ""cq_token_count"": 5, ""covered_token_count"": 0, ""token_recall"": 0.0, ""covered"": false}, {""cq_index"": 10, ""cq_text"": ""Can a policy be defined at table level?"", ""cq_token_count"": 4, ""covered_token_count"": 0, ""token_recall"": 0.0, ""covered"": false}, {""cq_index"": 11, ""cq_text"": ""Can a policy be defined at column level?"", ""cq_token_count"": 4, ""covered_token_count"": 0, ""token_recall"": 0.0, ""covered"": false}, {""cq_index"": 12, ""cq_text"": ""Can a policy be defined at row level using conditions?"", ""cq_token_count"": 5, ""covered_token_count"": 0, ""token_recall"": 0.0, ""covered"": false}, {""cq_index"": 13, ""cq_text"": ""Can the ontology express a prohibited modify action on a table?"", ""cq_token_count"": 6, ""covered_token_count"": 2, ""token_recall"": 0.3333, ""covered"": false}, {""cq_index"": 14, ""cq_text"": ""Can the ontology express a table-level read prohibition for processing?"", ""cq_token_count"": 7, ""covered_token_count"": 1, ""token_recall"": 0.1429, ""covered"": false}, {""cq_index"": 15, ""cq_text"": ""Can the ontology express a table-level read prohibition for viewing?"", ""cq_token_count"": 7, ""covered_token_count"": 1, ""token_recall"": 0.1429, ""covered"": false}, {""cq_index"": 16, ""cq_text"": ""Can the ontology express a conditional row-level read restriction for later enforcement?"", ""cq_token_count"": 9, ""covered_token_count"": 1, ""token_recall"": 0.1111, ""covered"": false}, {""cq_index"": 17, ""cq_text"": ""Can the ontology represent a SQL query as an AST-based semantic graph?"", ""cq_token_count"": 8, ""covered_token_count"": 2, ""token_recall"": 0.25, ""covered"": false}, {""cq_index"": 18, ""cq_text"": ""Can a SQL statement such as SelectStatement or UpdateStatement be mapped to its semantic action type?"", ""cq_token_count"": 8, ""covered_token_count"": 2, ""token_recall"": 0.25, ""covered"": false}, {""cq_index"": 19, ""cq_text"": ""Can a query statement be linked to the executing agent?"", ""cq_token_count"": 5, ""covered_token_count"": 0, ""token_recall"": 0.0, ""covered"": false}, {""cq_index"": 20, ""cq_text"": ""Can SQL clauses be assigned operational scopes such as view or process?"", ""cq_token_count"": 8, ""covered_token_count"": 2, ""token_recall"": 0.25, ""covered"": false}, {""cq_index"": 21, ""cq_text"": ""Can scope be propagated to reference nodes as an effectiveActionScope?"", ""cq_token_count"": 5, ""covered_token_count"": 0, ""token_recall"": 0.0, ""covered"": false}, {""cq_index"": 22, ""cq_text"": ""Can a TableRef in the query be linked to its corresponding schema Table?"", ""cq_token_count"": 6, ""covered_token_count"": 0, ""token_recall"": 0.0, ""covered"": false}, {""cq_index"": 23, ""cq_text"": ""Can a ColumnRef in the query be linked to its corresponding schema Column?"", ""cq_token_count"": 6, ""covered_token_count"": 0, ""token_recall"": 0.0, ""covered"": false}, {""cq_index"": 24, ""cq_text"": ""Can the reasoner infer whether a referenced table or column is Violated or RowTag based on the matching policy, action, and scope?"", ""cq_token_count"": 13, ""covered_token_count"": 1, ""token_recall"": 0.0769, ""covered"": false}]",46,10,0.5,0.7609,True,0,48,0,41,0.0,0.0,0.0,0.0,0.0,0.0,0.0,0.0,0.0,[],[]
meta-llama_Llama-3.1-8B-Instruct,scenario-only,2025-150-01,True,,36,True,True,True,4,0,0,0,1.0,1.0,0.0,True,True,32,0.0,0.1775,"[{""cq_index"": 0, ""cq_text"": ""Which MQTT Clients are connected to which Broker?"", ""cq_token_count"": 4, ""covered_token_count"": 1, ""token_recall"": 0.25, ""covered"": false}, {""cq_index"": 1, ""cq_text"": ""Which MQTT NetworkConnections exist, are they TLS-secured, and who initiated/accepted them?"", ""cq_token_count"": 9, ""covered_token_count"": 1, ""token_recall"": 0.1111, ""covered"": false}, {""cq_index"": 2, ""cq_text"": ""Which MQTT participants (Clients/Brokers) use which MQTT NetworkConnections?"", ""cq_token_count"": 5, ""covered_token_count"": 1, ""token_recall"": 0.2, ""covered"": false}, {""cq_index"": 3, ""cq_text"": ""Which MQTT Clients with which ClientIDs run on which SOSA platforms?"", ""cq_token_count"": 6, ""covered_token_count"": 1, ""token_recall"": 0.1667, ""covered"": false}, {""cq_index"": 4, ""cq_text"": ""Which MQTT Clients are hosting which SOSA systems (sensors/actuators)?"", ""cq_token_count"": 7, ""covered_token_count"": 1, ""token_recall"": 0.1429, ""covered"": false}, {""cq_index"": 5, ""cq_text"": ""What host/port is a MQTT Broker configured with?"", ""cq_token_count"": 5, ""covered_token_count"": 1, ""token_recall"": 0.2, ""covered"": false}, {""cq_index"": 6, ""cq_text"": ""Which SOSA sensors publish to which MQTT Topics (observations)?"", ""cq_token_count"": 6, ""covered_token_count"": 1, ""token_recall"": 0.1667, ""covered"": false}, {""cq_index"": 7, ""cq_text"": ""Which SOSA actuators listen to which MQTT Topics (commands)?"", ""cq_token_count"": 6, ""covered_token_count"": 1, ""token_recall"": 0.1667, ""covered"": false}, {""cq_index"": 8, ""cq_text"": ""Which SOSA FeaturesOfInterest, Properties etc. appear as MQTT TopicSubjects and on which MQTT Topics?"", ""cq_token_count"": 8, ""covered_token_count"": 1, ""token_recall"": 0.125, ""covered"": false}, {""cq_index"": 9, ""cq_text"": ""Which MQTT Topic Filters match a given MQTT Topic?"", ""cq_token_count"": 4, ""covered_token_count"": 1, ""token_recall"": 0.25, ""covered"": false}, {""cq_index"": 10, ""cq_text"": ""Which MQTT Topics are matched by a given MQTT Topic Filter?"", ""cq_token_count"": 5, ""covered_token_count"": 1, ""token_recall"": 0.2, ""covered"": false}, {""cq_index"": 11, ""cq_text"": ""Which MQTT filter patterns (with wildcards) are stored?"", ""cq_token_count"": 5, ""covered_token_count"": 1, ""token_recall"": 0.2, ""covered"": false}, {""cq_index"": 12, ""cq_text"": ""Which MQTT Clients send which MQTT Control Packets?"", ""cq_token_count"": 5, ""covered_token_count"": 1, ""token_recall"": 0.2, ""covered"": false}, {""cq_index"": 13, ""cq_text"": ""Which MQTT PUBLISH/SUBSCRIBE/UNSUBSCRIBE packets were sent (specializations)?"", ""cq_token_count"": 7, ""covered_token_count"": 1, ""token_recall"": 0.1429, ""covered"": false}, {""cq_index"": 14, ""cq_text"": ""Which MQTT Brokers receive/forward which MQTT Control Packets?"", ""cq_token_count"": 6, ""covered_token_count"": 1, ""token_recall"": 0.1667, ""covered"": false}, {""cq_index"": 15, ""cq_text"": ""Which MQTT Control Packets were sent by which Client (inverse)?"", ""cq_token_count"": 6, ""covered_token_count"": 1, ""token_recall"": 0.1667, ""covered"": false}, {""cq_index"": 16, ""cq_text"": ""Which MQTT Publish packets carry Observations for a specific SOSA FeatureOfInterest or Property?"", ""cq_token_count"": 9, ""covered_token_count"": 1, ""token_recall"": 0.1111, ""covered"": false}, {""cq_index"": 17, ""cq_text"": ""Which MQTT SUBSCRIBE packets request QoS=2 and for which filters?"", ""cq_token_count"": 6, ""covered_token_count"": 1, ""token_recall"": 0.1667, ""covered"": false}, {""cq_index"": 18, ""cq_text"": ""Which MQTT UNSUBSCRIBE packets remove all filters under a certain path (e.g. 'factory/centering/#')?"", ""cq_token_count"": 10, ""covered_token_count"": 1, ""token_recall"": 0.1, ""covered"": false}, {""cq_index"": 19, ""cq_text"": ""Which MQTT Control Packet has which Fixed Header / Variable Header / Payload?"", ""cq_token_count"": 7, ""covered_token_count"": 1, ""token_recall"": 0.1429, ""covered"": false}, {""cq_index"": 20, ""cq_text"": ""Which MQTT PUBLISH packet has which MQTT Topic (name) in the Variable Header?"", ""cq_token_count"": 7, ""covered_token_count"": 1, ""token_recall"": 0.1429, ""covered"": false}, {""cq_index"": 21, ""cq_text"": ""Which QoS levels are set (in PUBLISH Fixed Header or SubscriptionEntry)?"", ""cq_token_count"": 7, ""covered_token_count"": 1, ""token_recall"": 0.1429, ""covered"": false}, {""cq_index"": 22, ""cq_text"": ""Are RETAIN/DUP flags set in PUBLISH?"", ""cq_token_count"": 5, ""covered_token_count"": 1, ""token_recall"": 0.2, ""covered"": false}, {""cq_index"": 23, ""cq_text"": ""Which MQTT Control Packets have which PacketIdentifier?"", ""cq_token_count"": 4, ""covered_token_count"": 1, ""token_recall"": 0.25, ""covered"": false}, {""cq_index"": 24, ""cq_text"": ""Which MQTT SUBSCRIBE payloads contain which SubscriptionEntries?"", ""cq_token_count"": 5, ""covered_token_count"": 1, ""token_recall"": 0.2, ""covered"": false}, {""cq_index"": 25, ""cq_text"": ""Which MQTT Topic Filters (with QoS) are requested by a SubscriptionEntry?"", ""cq_token_count"": 6, ""covered_token_count"": 1, ""token_recall"": 0.1667, ""covered"": false}, {""cq_index"": 26, ""cq_text"": ""Which MQTT UNSUBSCRIBE payloads remove which MQTT TopicFilters?"", ""cq_token_count"": 5, ""covered_token_count"": 1, ""token_recall"": 0.2, ""covered"": false}, {""cq_index"": 27, ""cq_text"": ""Which MQTT PUBLISH payloads encode SOSA Observations (or Observation Collections)?"", ""cq_token_count"": 8, ""covered_token_count"": 1, ""token_recall"": 0.125, ""covered"": false}, {""cq_index"": 28, ""cq_text"": ""Which MQTT PUBLISH payloads encode SOSA Actuations (or Actuation Collections)?"", ""cq_token_count"": 8, ""covered_token_count"": 1, ""token_recall"": 0.125, ""covered"": false}, {""cq_index"": 29, ""cq_text"": ""Which fields are encoded in a MQTT payload?"", ""cq_token_count"": 4, ""covered_token_count"": 1, ""token_recall"": 0.25, ""covered"": false}, {""cq_index"": 30, ""cq_text"": ""What content, content type, encoding and delimiter does a MQTT PUBLISH payload have?"", ""cq_token_count"": 6, ""covered_token_count"": 2, ""token_recall"": 0.3333, ""covered"": false}, {""cq_index"": 31, ""cq_text"": ""What is the size of a MQTT payload (as QUDT QuantityValue with unit)?"", ""cq_token_count"": 6, ""covered_token_count"": 1, ""token_recall"": 0.1667, ""covered"": false}]",17,60,0.2167,0.1176,True,4,9,0,11,0.0,0.0,0.0,0.0,0.0,0.0,0.0,0.0,0.0,[],[]
meta-llama_Llama-3.1-8B-Instruct,scenario-only,2025-151-01,True,,72,True,True,True,0,0,0,0,0.0,0.0,0.0,True,True,5,0.4,0.5167,"[{""cq_index"": 0, ""cq_text"": ""What is the requested action?"", ""cq_token_count"": 2, ""covered_token_count"": 2, ""token_recall"": 1.0, ""covered"": true}, {""cq_index"": 1, ""cq_text"": ""Who is the party issuing the evaluation request?"", ""cq_token_count"": 4, ""covered_token_count"": 1, ""token_recall"": 0.25, ""covered"": false}, {""cq_index"": 2, ""cq_text"": ""What is the target asset of the evaluation request?"", ""cq_token_count"": 4, ""covered_token_count"": 3, ""token_recall"": 0.75, ""covered"": true}, {""cq_index"": 3, ""cq_text"": ""When was the evaluation request issued?"", ""cq_token_count"": 3, ""covered_token_count"": 1, ""token_recall"": 0.3333, ""covered"": false}, {""cq_index"": 4, ""cq_text"": ""What additional contextual information can be included in the evaluation request to further constrain it?"", ""cq_token_count"": 8, ""covered_token_count"": 2, ""token_recall"": 0.25, ""covered"": false}]",37,25,0.56,0.6216,True,0,1,0,5,0.0,0.0,0.0,0.0,0.0,0.0,0.0,0.0,0.0,[],[]
meta-llama_Llama-3.1-8B-Instruct,scenario-only,2025-151-02,True,,82,True,True,True,5,6,2,0,1.0,1.0,1.0,True,True,10,0.1,0.1036,"[{""cq_index"": 0, ""cq_text"": ""What is the current time?"", ""cq_token_count"": 2, ""covered_token_count"": 1, ""token_recall"": 0.5, ""covered"": true}, {""cq_index"": 1, ""cq_text"": ""What is the location of a party?"", ""cq_token_count"": 2, ""covered_token_count"": 0, ""token_recall"": 0.0, ""covered"": false}, {""cq_index"": 2, ""cq_text"": ""What assets are part of the asset collection of the policy that is being evaluated?"", ""cq_token_count"": 7, ""covered_token_count"": 1, ""token_recall"": 0.1429, ""covered"": false}, {""cq_index"": 3, ""cq_text"": ""Which parties are part of the party collection of the policy that is being evaluated?"", ""cq_token_count"": 7, ""covered_token_count"": 1, ""token_recall"": 0.1429, ""covered"": false}, {""cq_index"": 4, ""cq_text"": ""What actions were already performed or attempted?"", ""cq_token_count"": 4, ""covered_token_count"": 0, ""token_recall"": 0.0, ""covered"": false}, {""cq_index"": 5, ""cq_text"": ""How many times has a rule been exercised?"", ""cq_token_count"": 4, ""covered_token_count"": 0, ""token_recall"": 0.0, ""covered"": false}, {""cq_index"": 6, ""cq_text"": ""What information is available about an event that has occurred?"", ""cq_token_count"": 4, ""covered_token_count"": 1, ""token_recall"": 0.25, ""covered"": false}, {""cq_index"": 7, ""cq_text"": ""How long has a rule been exercised?"", ""cq_token_count"": 3, ""covered_token_count"": 0, ""token_recall"": 0.0, ""covered"": false}, {""cq_index"": 8, ""cq_text"": ""Which recipients or categories of recipients can receive the result of the rule that has been exercised?"", ""cq_token_count"": 6, ""covered_token_count"": 0, ""token_recall"": 0.0, ""covered"": false}, {""cq_index"": 9, ""cq_text"": ""Has a financial payment been made? What was the amount paid?"", ""cq_token_count"": 5, ""covered_token_count"": 0, ""token_recall"": 0.0, ""covered"": false}]",24,23,0.3913,0.5417,True,5,1,8,0,0.0,0.0,0.0,0.0,0.0,0.0,0.0,0.0,0.0,[],[]
meta-llama_Llama-3.1-8B-Instruct,scenario-only,2025-153-01,False,Could not parse ontology.ttl in turtle/xml/n3 formats.,0,False,False,False,0,0,0,0,0.0,0.0,0.0,True,False,8,0.25,0.2542,"[{""cq_index"": 0, ""cq_text"": ""Which entity does a persistent identifier currently reference?"", ""cq_token_count"": 5, ""covered_token_count"": 2, ""token_recall"": 0.4, ""covered"": true}, {""cq_index"": 1, ""cq_text"": ""Which entity was referenced at a past timestamp?"", ""cq_token_count"": 4, ""covered_token_count"": 0, ""token_recall"": 0.0, ""covered"": false}, {""cq_index"": 2, ""cq_text"": ""When did referent transitions occur?"", ""cq_token_count"": 3, ""covered_token_count"": 1, ""token_recall"": 0.3333, ""covered"": false}, {""cq_index"": 3, ""cq_text"": ""What observations are associated with specific referents?"", ""cq_token_count"": 4, ""covered_token_count"": 1, ""token_recall"": 0.25, ""covered"": false}, {""cq_index"": 4, ""cq_text"": ""What is the full sequence of referents over time?"", ""cq_token_count"": 5, ""covered_token_count"": 2, ""token_recall"": 0.4, ""covered"": true}, {""cq_index"": 5, ""cq_text"": ""Which rules triggered specific transitions?"", ""cq_token_count"": 4, ""covered_token_count"": 1, ""token_recall"": 0.25, ""covered"": false}, {""cq_index"": 6, ""cq_text"": ""Are there gaps or overlaps in temporal bindings?"", ""cq_token_count"": 5, ""covered_token_count"": 1, ""token_recall"": 0.2, ""covered"": false}, {""cq_index"": 7, ""cq_text"": ""Can complete context be rebuilt for any time point?"", ""cq_token_count"": 5, ""covered_token_count"": 1, ""token_recall"": 0.2, ""covered"": false}]",30,119,0.1429,0.4,True,0,11,0,22,0.0,0.0,0.0,0.0,0.0,0.0,0.0,0.0,0.0,[],[]
meta-llama_Llama-3.1-8B-Instruct,scenario-only,2026-155-01,True,,48,True,True,True,5,6,0,0,1.0,1.0,0.0,True,True,8,0.375,0.3259,"[{""cq_index"": 0, ""cq_text"": ""Which survey or investigation activities were performed on a given cultural property or on a specific feature of interest?"", ""cq_token_count"": 9, ""covered_token_count"": 4, ""token_recall"": 0.4444, ""covered"": true}, {""cq_index"": 1, ""cq_text"": ""Which method or investigation technique was adopted in a specific survey or investigation activity?"", ""cq_token_count"": 7, ""covered_token_count"": 4, ""token_recall"": 0.5714, ""covered"": true}, {""cq_index"": 2, ""cq_text"": ""Which observations were produced during a given survey or investigation activity?"", ""cq_token_count"": 6, ""covered_token_count"": 3, ""token_recall"": 0.5, ""covered"": true}, {""cq_index"": 3, ""cq_text"": ""Which experts participated in the survey or investigation activity, and with which roles?"", ""cq_token_count"": 6, ""covered_token_count"": 2, ""token_recall"": 0.3333, ""covered"": false}, {""cq_index"": 4, ""cq_text"": ""Which hardware, software, and technical configurations were used to conduct a specific survey or investigation activity?"", ""cq_token_count"": 9, ""covered_token_count"": 2, ""token_recall"": 0.2222, ""covered"": false}, {""cq_index"": 5, ""cq_text"": ""What interpretations or claims are supported by the observations produced during a survey?"", ""cq_token_count"": 7, ""covered_token_count"": 2, ""token_recall"": 0.2857, ""covered"": false}, {""cq_index"": 6, ""cq_text"": ""How are post-processed outputs (e.g., interactive images, spectra, datasets) related to the underlying acquisition or observation activities?"", ""cq_token_count"": 12, ""covered_token_count"": 2, ""token_recall"": 0.1667, ""covered"": false}, {""cq_index"": 7, ""cq_text"": ""Which acquisition parameters (e.g., exposure time, ISO, aperture) characterised a specific photographic acquisition cycle within a survey?"", ""cq_token_count"": 12, ""covered_token_count"": 1, ""token_recall"": 0.0833, ""covered"": false}]",29,20,0.7,0.3793,True,5,22,6,32,0.8,0.1818,0.2963,0.6667,0.125,0.2105,0.2222,0.2593,0.2534,"[""observation"", ""method"", ""equipment configuration"", ""interpretation process""]","[""has observation"", ""uses equipment configuration"", ""has survey"", ""has interpretation process""]"
mistralai_Mistral-7B-Instruct-v0.3,cq-only,2023-133-01,True,,81,True,True,True,7,3,0,0,1.0,1.0,1.0,True,True,4,0.75,0.5437,"[{""cq_index"": 0, ""cq_text"": ""What events are responsible for the pavement being slippery?"", ""cq_token_count"": 5, ""covered_token_count"": 3, ""token_recall"": 0.6, ""covered"": true}, {""cq_index"": 1, ""cq_text"": ""What would be the outcome of turning the sprinkler system on(off)?"", ""cq_token_count"": 5, ""covered_token_count"": 3, ""token_recall"": 0.6, ""covered"": true}, {""cq_index"": 2, ""cq_text"": ""How strong is the causal link between the sprinkler being on and the pavement being wet?"", ""cq_token_count"": 8, ""covered_token_count"": 3, ""token_recall"": 0.375, ""covered"": false}, {""cq_index"": 3, ""cq_text"": ""What if the pavement is not wet, how would it effect the pavement being slippery?"", ""cq_token_count"": 5, ""covered_token_count"": 3, ""token_recall"": 0.6, ""covered"": true}]",32,41,0.1707,0.7188,True,7,5,3,5,0.1429,0.2,0.1667,0.0,0.0,0.0,0.0769,0.1111,0.0833,"[""event""]",[]
mistralai_Mistral-7B-Instruct-v0.3,cq-only,2023-133-02,False,Could not parse ontology.ttl in turtle/xml/n3 formats.,0,False,False,False,0,0,0,0,0.0,0.0,0.0,True,False,6,1.0,0.7817,"[{""cq_index"": 0, ""cq_text"": ""Is the medication intake by the patient caused by the presence of outdoor environmental allergen such as pollen or AQI?"", ""cq_token_count"": 11, ""covered_token_count"": 10, ""token_recall"": 0.9091, ""covered"": true}, {""cq_index"": 1, ""cq_text"": ""How much does the presence of an asthma symptom effect the intake of medication?"", ""cq_token_count"": 7, ""covered_token_count"": 5, ""token_recall"": 0.7143, ""covered"": true}, {""cq_index"": 2, ""cq_text"": ""How does an outdoor environmental allergen affect the patient?"", ""cq_token_count"": 5, ""covered_token_count"": 4, ""token_recall"": 0.8, ""covered"": true}, {""cq_index"": 3, ""cq_text"": ""What is the probable cause of the cough experienced by the patient?"", ""cq_token_count"": 5, ""covered_token_count"": 3, ""token_recall"": 0.6, ""covered"": true}, {""cq_index"": 4, ""cq_text"": ""What if pollen (or AQI) allergen was not present in the outdoor environment, how would it effect the intake of medication?"", ""cq_token_count"": 9, ""covered_token_count"": 9, ""token_recall"": 1.0, ""covered"": true}, {""cq_index"": 5, ""cq_text"": ""What if the patient did not experience a cough, how would it effect the intake of medication?"", ""cq_token_count"": 6, ""covered_token_count"": 4, ""token_recall"": 0.6667, ""covered"": true}]",53,60,0.2667,0.6038,True,0,5,0,5,0.0,0.0,0.0,0.0,0.0,0.0,0.0,0.0,0.0,[],[]
mistralai_Mistral-7B-Instruct-v0.3,cq-only,2023-134-01,False,Could not parse ontology.ttl in turtle/xml/n3 formats.,0,False,False,False,0,0,0,0,0.0,0.0,0.0,False,False,8,1.0,1.0,"[{""cq_index"": 0, ""cq_text"": ""What is the unique identifier of the policy?"", ""cq_token_count"": 3, ""covered_token_count"": 3, ""token_recall"": 1.0, ""covered"": true}, {""cq_index"": 1, ""cq_text"": ""Who is the creator of the policy?"", ""cq_token_count"": 2, ""covered_token_count"": 2, ""token_recall"": 1.0, ""covered"": true}, {""cq_index"": 2, ""cq_text"": ""When was the policy issued?"", ""cq_token_count"": 2, ""covered_token_count"": 2, ""token_recall"": 1.0, ""covered"": true}, {""cq_index"": 3, ""cq_text"": ""Who is the assignee of the policy?"", ""cq_token_count"": 2, ""covered_token_count"": 2, ""token_recall"": 1.0, ""covered"": true}, {""cq_index"": 4, ""cq_text"": ""What application/service is being used to access the data?"", ""cq_token_count"": 5, ""covered_token_count"": 5, ""token_recall"": 1.0, ""covered"": true}, {""cq_index"": 5, ""cq_text"": ""What access mode is being requested?"", ""cq_token_count"": 4, ""covered_token_count"": 4, ""token_recall"": 1.0, ""covered"": true}, {""cq_index"": 6, ""cq_text"": ""What personal data is being accessed?"", ""cq_token_count"": 4, ""covered_token_count"": 4, ""token_recall"": 1.0, ""covered"": true}, {""cq_index"": 7, ""cq_text"": ""What is the purpose for accessing the data?"", ""cq_token_count"": 3, ""covered_token_count"": 3, ""token_recall"": 1.0, ""covered"": true}]",32,88,0.0455,0.4375,True,0,0,0,0,0.0,0.0,0.0,0.0,0.0,0.0,1.0,1.0,0.0,[],[]
mistralai_Mistral-7B-Instruct-v0.3,cq-only,2023-134-02,False,Could not parse ontology.ttl in turtle/xml/n3 formats.,0,False,False,False,0,0,0,0,0.0,0.0,0.0,True,False,6,1.0,0.9667,"[{""cq_index"": 0, ""cq_text"": ""What type of action, e.g., create, update, erase, is being performed on the data?"", ""cq_token_count"": 7, ""covered_token_count"": 7, ""token_recall"": 1.0, ""covered"": true}, {""cq_index"": 1, ""cq_text"": ""Who is the entity interacting with the data?"", ""cq_token_count"": 3, ""covered_token_count"": 3, ""token_recall"": 1.0, ""covered"": true}, {""cq_index"": 2, ""cq_text"": ""Who is the entity publishing the log?"", ""cq_token_count"": 3, ""covered_token_count"": 3, ""token_recall"": 1.0, ""covered"": true}, {""cq_index"": 3, ""cq_text"": ""When was the log issued?"", ""cq_token_count"": 2, ""covered_token_count"": 2, ""token_recall"": 1.0, ""covered"": true}, {""cq_index"": 4, ""cq_text"": ""Where is the data being stored?"", ""cq_token_count"": 3, ""covered_token_count"": 3, ""token_recall"": 1.0, ""covered"": true}, {""cq_index"": 5, ""cq_text"": ""What application/service is being used to generate the data, if any?"", ""cq_token_count"": 5, ""covered_token_count"": 4, ""token_recall"": 0.8, ""covered"": true}]",47,88,0.0227,0.6809,True,0,0,0,0,0.0,0.0,0.0,0.0,0.0,0.0,1.0,1.0,0.0,[],[]
mistralai_Mistral-7B-Instruct-v0.3,cq-only,2023-134-03,False,Could not parse ontology.ttl in turtle/xml/n3 formats.,0,False,False,False,0,0,0,0,0.0,0.0,0.0,False,False,5,1.0,0.95,"[{""cq_index"": 0, ""cq_text"": ""Who is maintaining the registry?"", ""cq_token_count"": 2, ""covered_token_count"": 2, ""token_recall"": 1.0, ""covered"": true}, {""cq_index"": 1, ""cq_text"": ""When was the registry created/updated?"", ""cq_token_count"": 3, ""covered_token_count"": 3, ""token_recall"": 1.0, ""covered"": true}, {""cq_index"": 2, ""cq_text"": ""What types of data are available?"", ""cq_token_count"": 2, ""covered_token_count"": 2, ""token_recall"": 1.0, ""covered"": true}, {""cq_index"": 3, ""cq_text"": ""Where is a specific type of data being stored?"", ""cq_token_count"": 4, ""covered_token_count"": 3, ""token_recall"": 0.75, ""covered"": true}, {""cq_index"": 4, ""cq_text"": ""What policy is associated with the data?"", ""cq_token_count"": 3, ""covered_token_count"": 3, ""token_recall"": 1.0, ""covered"": true}]",50,88,0.0227,0.8,True,0,0,0,0,0.0,0.0,0.0,0.0,0.0,0.0,1.0,1.0,0.0,[],[]
mistralai_Mistral-7B-Instruct-v0.3,cq-only,2023-135-01,False,Could not parse ontology.ttl in turtle/xml/n3 formats.,0,False,False,False,0,0,0,0,0.0,0.0,0.0,False,False,3,0.3333,0.3074,"[{""cq_index"": 0, ""cq_text"": ""Under what pseudonym did the author C. S. Lewis published a collection of poems, Spirit in Bondage?"", ""cq_token_count"": 9, ""covered_token_count"": 5, ""token_recall"": 0.5556, ""covered"": true}, {""cq_index"": 1, ""cq_text"": ""What alternative did C. S. Lewis used to assume the role of a book writer?"", ""cq_token_count"": 6, ""covered_token_count"": 1, ""token_recall"": 0.1667, ""covered"": false}, {""cq_index"": 2, ""cq_text"": ""Show the trajectories of rivers which cross national parks?"", ""cq_token_count"": 5, ""covered_token_count"": 1, ""token_recall"": 0.2, ""covered"": false}]",57,10,0.3,0.8421,True,0,5,0,13,0.0,0.0,0.0,0.0,0.0,0.0,0.0,0.0,0.0,[],[]
mistralai_Mistral-7B-Instruct-v0.3,cq-only,2024-145-01,False,Could not parse ontology.ttl in turtle/xml/n3 formats.,0,False,False,False,0,0,0,0,0.0,0.0,0.0,True,False,7,1.0,0.9,"[{""cq_index"": 0, ""cq_text"": ""List all district courts in a given state."", ""cq_token_count"": 3, ""covered_token_count"": 3, ""token_recall"": 1.0, ""covered"": true}, {""cq_index"": 1, ""cq_text"": ""In which state is a given district court instance located?"", ""cq_token_count"": 5, ""covered_token_count"": 4, ""token_recall"": 0.8, ""covered"": true}, {""cq_index"": 2, ""cq_text"": ""How many districts are in a given state of India?"", ""cq_token_count"": 4, ""covered_token_count"": 2, ""token_recall"": 0.5, ""covered"": true}, {""cq_index"": 3, ""cq_text"": ""Which court has authority over a given court?"", ""cq_token_count"": 3, ""covered_token_count"": 3, ""token_recall"": 1.0, ""covered"": true}, {""cq_index"": 4, ""cq_text"": ""What is the check transaction type for a bad check?"", ""cq_token_count"": 3, ""covered_token_count"": 3, ""token_recall"": 1.0, ""covered"": true}, {""cq_index"": 5, ""cq_text"": ""When is a check payment of a bad check?"", ""cq_token_count"": 3, ""covered_token_count"": 3, ""token_recall"": 1.0, ""covered"": true}, {""cq_index"": 6, ""cq_text"": ""What is the transaction status of a given check payment?"", ""cq_token_count"": 4, ""covered_token_count"": 4, ""token_recall"": 1.0, ""covered"": true}]",45,17,0.1765,0.7111,False,0,0,0,0,0.0,0.0,0.0,0.0,0.0,0.0,0.0,0.0,0.0,[],[]
mistralai_Mistral-7B-Instruct-v0.3,cq-only,2025-147-01,False,Could not parse ontology.ttl in turtle/xml/n3 formats.,0,False,False,False,0,0,0,0,0.0,0.0,0.0,True,False,48,0.2917,0.3046,"[{""cq_index"": 0, ""cq_text"": ""How are ships clearly identified?"", ""cq_token_count"": 3, ""covered_token_count"": 1, ""token_recall"": 0.3333, ""covered"": false}, {""cq_index"": 1, ""cq_text"": ""How are a ship's dimensions described?"", ""cq_token_count"": 3, ""covered_token_count"": 1, ""token_recall"": 0.3333, ""covered"": false}, {""cq_index"": 2, ""cq_text"": ""What information can be provided about the typical location of a ship?"", ""cq_token_count"": 5, ""covered_token_count"": 3, ""token_recall"": 0.6, ""covered"": true}, {""cq_index"": 3, ""cq_text"": ""Who can be the owner of a ship?"", ""cq_token_count"": 2, ""covered_token_count"": 2, ""token_recall"": 1.0, ""covered"": true}, {""cq_index"": 4, ""cq_text"": ""How is a ship's average speed over ground specified?"", ""cq_token_count"": 6, ""covered_token_count"": 5, ""token_recall"": 0.8333, ""covered"": true}, {""cq_index"": 5, ""cq_text"": ""How many container ships are registered under the German flag?"", ""cq_token_count"": 7, ""covered_token_count"": 2, ""token_recall"": 0.2857, ""covered"": false}, {""cq_index"": 6, ""cq_text"": ""How is the GPS antenna placed relatively to the ship's structure (bow, stern, port, starboard)?"", ""cq_token_count"": 10, ""covered_token_count"": 1, ""token_recall"": 0.1, ""covered"": false}, {""cq_index"": 7, ""cq_text"": ""Which organization owns the most ships?"", ""cq_token_count"": 4, ""covered_token_count"": 2, ""token_recall"": 0.5, ""covered"": true}, {""cq_index"": 8, ""cq_text"": ""What information can be provided about a ship route?"", ""cq_token_count"": 4, ""covered_token_count"": 1, ""token_recall"": 0.25, ""covered"": false}, {""cq_index"": 9, ""cq_text"": ""What information is known about a single trajectory part?"", ""cq_token_count"": 5, ""covered_token_count"": 0, ""token_recall"": 0.0, ""covered"": false}, {""cq_index"": 10, ""cq_text"": ""What types of trajectories are distinguished?"", ""cq_token_count"": 2, ""covered_token_count"": 0, ""token_recall"": 0.0, ""covered"": false}, {""cq_index"": 11, ""cq_text"": ""What unit does the draught of a ship have?"", ""cq_token_count"": 3, ""covered_token_count"": 2, ""token_recall"": 0.6667, ""covered"": true}, {""cq_index"": 12, ""cq_text"": ""What was the average speed over ground of the ship on route on day X?"", ""cq_token_count"": 7, ""covered_token_count"": 5, ""token_recall"": 0.7143, ""covered"": true}, {""cq_index"": 13, ""cq_text"": ""What route is predicted for ship X?"", ""cq_token_count"": 3, ""covered_token_count"": 1, ""token_recall"": 0.3333, ""covered"": false}, {""cq_index"": 14, ""cq_text"": ""What types of engines are used in ships?"", ""cq_token_count"": 2, ""covered_token_count"": 1, ""token_recall"": 0.5, ""covered"": true}, {""cq_index"": 15, ""cq_text"": ""What combinations of engines can exist?"", ""cq_token_count"": 3, ""covered_token_count"": 0, ""token_recall"": 0.0, ""covered"": false}, {""cq_index"": 16, ""cq_text"": ""What powers these ship engines?"", ""cq_token_count"": 4, ""covered_token_count"": 1, ""token_recall"": 0.25, ""covered"": false}, {""cq_index"": 17, ""cq_text"": ""What is driven by ship engines?"", ""cq_token_count"": 3, ""covered_token_count"": 2, ""token_recall"": 0.6667, ""covered"": true}, {""cq_index"": 18, ""cq_text"": ""What types of propulsion systems can ships have?"", ""cq_token_count"": 3, ""covered_token_count"": 2, ""token_recall"": 0.6667, ""covered"": true}, {""cq_index"": 19, ""cq_text"": ""What propulsion systems don't rely on an engine?"", ""cq_token_count"": 5, ""covered_token_count"": 2, ""token_recall"": 0.4, ""covered"": true}, {""cq_index"": 20, ""cq_text"": ""Which propulsion technologies are used by each individual propulsion system?"", ""cq_token_count"": 4, ""covered_token_count"": 2, ""token_recall"": 0.5, ""covered"": true}, {""cq_index"": 21, ""cq_text"": ""What falls under the category of propulsion technologies powered by engines?"", ""cq_token_count"": 7, ""covered_token_count"": 1, ""token_recall"": 0.1429, ""covered"": false}, {""cq_index"": 22, ""cq_text"": ""What types of jet propulsors exist?"", ""cq_token_count"": 3, ""covered_token_count"": 0, ""token_recall"": 0.0, ""covered"": false}, {""cq_index"": 23, ""cq_text"": ""What types of bladed propulsors exist?"", ""cq_token_count"": 3, ""covered_token_count"": 0, ""token_recall"": 0.0, ""covered"": false}, {""cq_index"": 24, ""cq_text"": ""What types of blade propulsors follow a special design?"", ""cq_token_count"": 5, ""covered_token_count"": 0, ""token_recall"": 0.0, ""covered"": false}, {""cq_index"": 25, ""cq_text"": ""What properties describe a bladed propulsor?"", ""cq_token_count"": 4, ""covered_token_count"": 0, ""token_recall"": 0.0, ""covered"": false}, {""cq_index"": 26, ""cq_text"": ""What types of screw propellers can be used?"", ""cq_token_count"": 2, ""covered_token_count"": 0, ""token_recall"": 0.0, ""covered"": false}, {""cq_index"": 27, ""cq_text"": ""What is used to prevent cavitation on technologies for motorized propulsion?"", ""cq_token_count"": 5, ""covered_token_count"": 1, ""token_recall"": 0.2, ""covered"": false}, {""cq_index"": 28, ""cq_text"": ""What type of sails exist?"", ""cq_token_count"": 2, ""covered_token_count"": 0, ""token_recall"": 0.0, ""covered"": false}, {""cq_index"": 29, ""cq_text"": ""Which type of propulsion technologies can assist a motorized ship?"", ""cq_token_count"": 5, ""covered_token_count"": 2, ""token_recall"": 0.4, ""covered"": true}, {""cq_index"": 30, ""cq_text"": ""What fuel does ship X use to drive?"", ""cq_token_count"": 3, ""covered_token_count"": 1, ""token_recall"": 0.3333, ""covered"": false}, {""cq_index"": 31, ""cq_text"": ""How many engines power ship X?"", ""cq_token_count"": 4, ""covered_token_count"": 2, ""token_recall"": 0.5, ""covered"": true}, {""cq_index"": 32, ""cq_text"": ""What types of propellers are installed on ship X?"", ""cq_token_count"": 3, ""covered_token_count"": 1, ""token_recall"": 0.3333, ""covered"": false}, {""cq_index"": 33, ""cq_text"": ""What is the most common type of propeller?"", ""cq_token_count"": 3, ""covered_token_count"": 0, ""token_recall"": 0.0, ""covered"": false}, {""cq_index"": 34, ""cq_text"": ""How many ships have sails?"", ""cq_token_count"": 3, ""covered_token_count"": 1, ""token_recall"": 0.3333, ""covered"": false}, {""cq_index"": 35, ""cq_text"": ""Which ships use electric engines exclusively?"", ""cq_token_count"": 4, ""covered_token_count"": 1, ""token_recall"": 0.25, ""covered"": false}, {""cq_index"": 36, ""cq_text"": ""What motorized propulsion does a ship use that is assisted by wind propulsion?"", ""cq_token_count"": 5, ""covered_token_count"": 2, ""token_recall"": 0.4, ""covered"": true}, {""cq_index"": 37, ""cq_text"": ""How many supercavitating propellers does ship X use?"", ""cq_token_count"": 4, ""covered_token_count"": 1, ""token_recall"": 0.25, ""covered"": false}, {""cq_index"": 38, ""cq_text"": ""What diameter and how many blades does the fixed pitch propeller Y of ship X have?"", ""cq_token_count"": 7, ""covered_token_count"": 1, ""token_recall"": 0.1429, ""covered"": false}, {""cq_index"": 39, ""cq_text"": ""What is the least utilized wind assisted propulsion system?"", ""cq_token_count"": 6, ""covered_token_count"": 2, ""token_recall"": 0.3333, ""covered"": false}, {""cq_index"": 40, ""cq_text"": ""What different kinds of data can be used to represent a ship?"", ""cq_token_count"": 5, ""covered_token_count"": 1, ""token_recall"": 0.2, ""covered"": false}, {""cq_index"": 41, ""cq_text"": ""How is sonar data of ships stored?"", ""cq_token_count"": 4, ""covered_token_count"": 1, ""token_recall"": 0.25, ""covered"": false}, {""cq_index"": 42, ""cq_text"": ""What image resources are available for a ship?"", ""cq_token_count"": 4, ""covered_token_count"": 1, ""token_recall"": 0.25, ""covered"": false}, {""cq_index"": 43, ""cq_text"": ""What textual information about a ship is available?"", ""cq_token_count"": 4, ""covered_token_count"": 1, ""token_recall"": 0.25, ""covered"": false}, {""cq_index"": 44, ""cq_text"": ""What does ship X look like?"", ""cq_token_count"": 3, ""covered_token_count"": 1, ""token_recall"": 0.3333, ""covered"": false}, {""cq_index"": 45, ""cq_text"": ""How does ship X sound like on a sonar?"", ""cq_token_count"": 4, ""covered_token_count"": 1, ""token_recall"": 0.25, ""covered"": false}, {""cq_index"": 46, ""cq_text"": ""What is the textual description of ship X?"", ""cq_token_count"": 3, ""covered_token_count"": 1, ""token_recall"": 0.3333, ""covered"": false}, {""cq_index"": 47, ""cq_text"": ""Are there ships without sonar signatures?"", ""cq_token_count"": 5, ""covered_token_count"": 1, ""token_recall"": 0.2, ""covered"": false}]",51,109,0.0459,0.6275,True,0,1,0,8,0.0,0.0,0.0,0.0,0.0,0.0,0.0,0.0,0.0,[],[]
mistralai_Mistral-7B-Instruct-v0.3,cq-only,2025-149-01,False,Could not parse ontology.ttl in turtle/xml/n3 formats.,0,False,False,False,0,0,0,0,0.0,0.0,0.0,True,False,25,0.64,0.4696,"[{""cq_index"": 0, ""cq_text"": ""Can the ontology represent a relational database as a first-class schema entity?"", ""cq_token_count"": 8, ""covered_token_count"": 8, ""token_recall"": 1.0, ""covered"": true}, {""cq_index"": 1, ""cq_text"": ""Can the ontology represent tables belonging to a database?"", ""cq_token_count"": 5, ""covered_token_count"": 4, ""token_recall"": 0.8, ""covered"": true}, {""cq_index"": 2, ""cq_text"": ""Can the ontology represent columns belonging to a table?"", ""cq_token_count"": 5, ""covered_token_count"": 4, ""token_recall"": 0.8, ""covered"": true}, {""cq_index"": 3, ""cq_text"": ""Can the ontology represent primary-key relationships in the schema?"", ""cq_token_count"": 6, ""covered_token_count"": 5, ""token_recall"": 0.8333, ""covered"": true}, {""cq_index"": 4, ""cq_text"": ""Can the ontology represent foreign-key relationships and distinguish same-named columns across different tables when they are not semantically linked?"", ""cq_token_count"": 15, ""covered_token_count"": 6, ""token_recall"": 0.4, ""covered"": true}, {""cq_index"": 5, ""cq_text"": ""Can the ontology define a policy for a specific agent?"", ""cq_token_count"": 5, ""covered_token_count"": 3, ""token_recall"": 0.6, ""covered"": true}, {""cq_index"": 6, ""cq_text"": ""Can a policy specify a high-level ReadAction?"", ""cq_token_count"": 5, ""covered_token_count"": 3, ""token_recall"": 0.6, ""covered"": true}, {""cq_index"": 7, ""cq_text"": ""Can a policy specify a high-level ModifyAction?"", ""cq_token_count"": 5, ""covered_token_count"": 3, ""token_recall"": 0.6, ""covered"": true}, {""cq_index"": 8, ""cq_text"": ""Can a policy specify a ViewActionScope for read operations?"", ""cq_token_count"": 5, ""covered_token_count"": 1, ""token_recall"": 0.2, ""covered"": false}, {""cq_index"": 9, ""cq_text"": ""Can a policy specify a ProcessActionScope for read operations?"", ""cq_token_count"": 5, ""covered_token_count"": 1, ""token_recall"": 0.2, ""covered"": false}, {""cq_index"": 10, ""cq_text"": ""Can a policy be defined at table level?"", ""cq_token_count"": 4, ""covered_token_count"": 3, ""token_recall"": 0.75, ""covered"": true}, {""cq_index"": 11, ""cq_text"": ""Can a policy be defined at column level?"", ""cq_token_count"": 4, ""covered_token_count"": 3, ""token_recall"": 0.75, ""covered"": true}, {""cq_index"": 12, ""cq_text"": ""Can a policy be defined at row level using conditions?"", ""cq_token_count"": 5, ""covered_token_count"": 2, ""token_recall"": 0.4, ""covered"": true}, {""cq_index"": 13, ""cq_text"": ""Can the ontology express a prohibited modify action on a table?"", ""cq_token_count"": 6, ""covered_token_count"": 3, ""token_recall"": 0.5, ""covered"": true}, {""cq_index"": 14, ""cq_text"": ""Can the ontology express a table-level read prohibition for processing?"", ""cq_token_count"": 7, ""covered_token_count"": 3, ""token_recall"": 0.4286, ""covered"": true}, {""cq_index"": 15, ""cq_text"": ""Can the ontology express a table-level read prohibition for viewing?"", ""cq_token_count"": 7, ""covered_token_count"": 3, ""token_recall"": 0.4286, ""covered"": true}, {""cq_index"": 16, ""cq_text"": ""Can the ontology express a conditional row-level read restriction for later enforcement?"", ""cq_token_count"": 9, ""covered_token_count"": 2, ""token_recall"": 0.2222, ""covered"": false}, {""cq_index"": 17, ""cq_text"": ""Can the ontology represent a SQL query as an AST-based semantic graph?"", ""cq_token_count"": 8, ""covered_token_count"": 2, ""token_recall"": 0.25, ""covered"": false}, {""cq_index"": 18, ""cq_text"": ""Can a SQL statement such as SelectStatement or UpdateStatement be mapped to its semantic action type?"", ""cq_token_count"": 8, ""covered_token_count"": 1, ""token_recall"": 0.125, ""covered"": false}, {""cq_index"": 19, ""cq_text"": ""Can a query statement be linked to the executing agent?"", ""cq_token_count"": 5, ""covered_token_count"": 2, ""token_recall"": 0.4, ""covered"": true}, {""cq_index"": 20, ""cq_text"": ""Can SQL clauses be assigned operational scopes such as view or process?"", ""cq_token_count"": 8, ""covered_token_count"": 1, ""token_recall"": 0.125, ""covered"": false}, {""cq_index"": 21, ""cq_text"": ""Can scope be propagated to reference nodes as an effectiveActionScope?"", ""cq_token_count"": 5, ""covered_token_count"": 1, ""token_recall"": 0.2, ""covered"": false}, {""cq_index"": 22, ""cq_text"": ""Can a TableRef in the query be linked to its corresponding schema Table?"", ""cq_token_count"": 6, ""covered_token_count"": 2, ""token_recall"": 0.3333, ""covered"": false}, {""cq_index"": 23, ""cq_text"": ""Can a ColumnRef in the query be linked to its corresponding schema Column?"", ""cq_token_count"": 6, ""covered_token_count"": 2, ""token_recall"": 0.3333, ""covered"": false}, {""cq_index"": 24, ""cq_text"": ""Can the reasoner infer whether a referenced table or column is Violated or RowTag based on the matching policy, action, and scope?"", ""cq_token_count"": 13, ""covered_token_count"": 6, ""token_recall"": 0.4615, ""covered"": true}]",52,10,0.3,0.5192,True,0,48,0,41,0.0,0.0,0.0,0.0,0.0,0.0,0.0,0.0,0.0,[],[]
mistralai_Mistral-7B-Instruct-v0.3,cq-only,2025-150-01,True,,49,True,True,True,4,1,0,0,1.0,1.0,1.0,True,True,32,0.2812,0.303,"[{""cq_index"": 0, ""cq_text"": ""Which MQTT Clients are connected to which Broker?"", ""cq_token_count"": 4, ""covered_token_count"": 4, ""token_recall"": 1.0, ""covered"": true}, {""cq_index"": 1, ""cq_text"": ""Which MQTT NetworkConnections exist, are they TLS-secured, and who initiated/accepted them?"", ""cq_token_count"": 9, ""covered_token_count"": 5, ""token_recall"": 0.5556, ""covered"": true}, {""cq_index"": 2, ""cq_text"": ""Which MQTT participants (Clients/Brokers) use which MQTT NetworkConnections?"", ""cq_token_count"": 5, ""covered_token_count"": 3, ""token_recall"": 0.6, ""covered"": true}, {""cq_index"": 3, ""cq_text"": ""Which MQTT Clients with which ClientIDs run on which SOSA platforms?"", ""cq_token_count"": 6, ""covered_token_count"": 3, ""token_recall"": 0.5, ""covered"": true}, {""cq_index"": 4, ""cq_text"": ""Which MQTT Clients are hosting which SOSA systems (sensors/actuators)?"", ""cq_token_count"": 7, ""covered_token_count"": 6, ""token_recall"": 0.8571, ""covered"": true}, {""cq_index"": 5, ""cq_text"": ""What host/port is a MQTT Broker configured with?"", ""cq_token_count"": 5, ""covered_token_count"": 2, ""token_recall"": 0.4, ""covered"": true}, {""cq_index"": 6, ""cq_text"": ""Which SOSA sensors publish to which MQTT Topics (observations)?"", ""cq_token_count"": 6, ""covered_token_count"": 3, ""token_recall"": 0.5, ""covered"": true}, {""cq_index"": 7, ""cq_text"": ""Which SOSA actuators listen to which MQTT Topics (commands)?"", ""cq_token_count"": 6, ""covered_token_count"": 3, ""token_recall"": 0.5, ""covered"": true}, {""cq_index"": 8, ""cq_text"": ""Which SOSA FeaturesOfInterest, Properties etc. appear as MQTT TopicSubjects and on which MQTT Topics?"", ""cq_token_count"": 8, ""covered_token_count"": 2, ""token_recall"": 0.25, ""covered"": false}, {""cq_index"": 9, ""cq_text"": ""Which MQTT Topic Filters match a given MQTT Topic?"", ""cq_token_count"": 4, ""covered_token_count"": 1, ""token_recall"": 0.25, ""covered"": false}, {""cq_index"": 10, ""cq_text"": ""Which MQTT Topics are matched by a given MQTT Topic Filter?"", ""cq_token_count"": 5, ""covered_token_count"": 1, ""token_recall"": 0.2, ""covered"": false}, {""cq_index"": 11, ""cq_text"": ""Which MQTT filter patterns (with wildcards) are stored?"", ""cq_token_count"": 5, ""covered_token_count"": 1, ""token_recall"": 0.2, ""covered"": false}, {""cq_index"": 12, ""cq_text"": ""Which MQTT Clients send which MQTT Control Packets?"", ""cq_token_count"": 5, ""covered_token_count"": 2, ""token_recall"": 0.4, ""covered"": true}, {""cq_index"": 13, ""cq_text"": ""Which MQTT PUBLISH/SUBSCRIBE/UNSUBSCRIBE packets were sent (specializations)?"", ""cq_token_count"": 7, ""covered_token_count"": 1, ""token_recall"": 0.1429, ""covered"": false}, {""cq_index"": 14, ""cq_text"": ""Which MQTT Brokers receive/forward which MQTT Control Packets?"", ""cq_token_count"": 6, ""covered_token_count"": 2, ""token_recall"": 0.3333, ""covered"": false}, {""cq_index"": 15, ""cq_text"": ""Which MQTT Control Packets were sent by which Client (inverse)?"", ""cq_token_count"": 6, ""covered_token_count"": 2, ""token_recall"": 0.3333, ""covered"": false}, {""cq_index"": 16, ""cq_text"": ""Which MQTT Publish packets carry Observations for a specific SOSA FeatureOfInterest or Property?"", ""cq_token_count"": 9, ""covered_token_count"": 2, ""token_recall"": 0.2222, ""covered"": false}, {""cq_index"": 17, ""cq_text"": ""Which MQTT SUBSCRIBE packets request QoS=2 and for which filters?"", ""cq_token_count"": 6, ""covered_token_count"": 1, ""token_recall"": 0.1667, ""covered"": false}, {""cq_index"": 18, ""cq_text"": ""Which MQTT UNSUBSCRIBE packets remove all filters under a certain path (e.g. 'factory/centering/#')?"", ""cq_token_count"": 10, ""covered_token_count"": 1, ""token_recall"": 0.1, ""covered"": false}, {""cq_index"": 19, ""cq_text"": ""Which MQTT Control Packet has which Fixed Header / Variable Header / Payload?"", ""cq_token_count"": 7, ""covered_token_count"": 1, ""token_recall"": 0.1429, ""covered"": false}, {""cq_index"": 20, ""cq_text"": ""Which MQTT PUBLISH packet has which MQTT Topic (name) in the Variable Header?"", ""cq_token_count"": 7, ""covered_token_count"": 1, ""token_recall"": 0.1429, ""covered"": false}, {""cq_index"": 21, ""cq_text"": ""Which QoS levels are set (in PUBLISH Fixed Header or SubscriptionEntry)?"", ""cq_token_count"": 7, ""covered_token_count"": 0, ""token_recall"": 0.0, ""covered"": false}, {""cq_index"": 22, ""cq_text"": ""Are RETAIN/DUP flags set in PUBLISH?"", ""cq_token_count"": 5, ""covered_token_count"": 0, ""token_recall"": 0.0, ""covered"": false}, {""cq_index"": 23, ""cq_text"": ""Which MQTT Control Packets have which PacketIdentifier?"", ""cq_token_count"": 4, ""covered_token_count"": 1, ""token_recall"": 0.25, ""covered"": false}, {""cq_index"": 24, ""cq_text"": ""Which MQTT SUBSCRIBE payloads contain which SubscriptionEntries?"", ""cq_token_count"": 5, ""covered_token_count"": 1, ""token_recall"": 0.2, ""covered"": false}, {""cq_index"": 25, ""cq_text"": ""Which MQTT Topic Filters (with QoS) are requested by a SubscriptionEntry?"", ""cq_token_count"": 6, ""covered_token_count"": 1, ""token_recall"": 0.1667, ""covered"": false}, {""cq_index"": 26, ""cq_text"": ""Which MQTT UNSUBSCRIBE payloads remove which MQTT TopicFilters?"", ""cq_token_count"": 5, ""covered_token_count"": 1, ""token_recall"": 0.2, ""covered"": false}, {""cq_index"": 27, ""cq_text"": ""Which MQTT PUBLISH payloads encode SOSA Observations (or Observation Collections)?"", ""cq_token_count"": 8, ""covered_token_count"": 2, ""token_recall"": 0.25, ""covered"": false}, {""cq_index"": 28, ""cq_text"": ""Which MQTT PUBLISH payloads encode SOSA Actuations (or Actuation Collections)?"", ""cq_token_count"": 8, ""covered_token_count"": 2, ""token_recall"": 0.25, ""covered"": false}, {""cq_index"": 29, ""cq_text"": ""Which fields are encoded in a MQTT payload?"", ""cq_token_count"": 4, ""covered_token_count"": 1, ""token_recall"": 0.25, ""covered"": false}, {""cq_index"": 30, ""cq_text"": ""What content, content type, encoding and delimiter does a MQTT PUBLISH payload have?"", ""cq_token_count"": 6, ""covered_token_count"": 1, ""token_recall"": 0.1667, ""covered"": false}, {""cq_index"": 31, ""cq_text"": ""What is the size of a MQTT payload (as QUDT QuantityValue with unit)?"", ""cq_token_count"": 6, ""covered_token_count"": 1, ""token_recall"": 0.1667, ""covered"": false}]",33,60,0.0333,0.5455,True,4,9,1,11,0.0,0.0,0.0,0.0,0.0,0.0,0.0,0.0,0.0,[],[]
mistralai_Mistral-7B-Instruct-v0.3,cq-only,2025-151-01,False,Could not parse ontology.ttl in turtle/xml/n3 formats.,0,False,False,False,0,0,0,0,0.0,0.0,0.0,False,False,5,1.0,0.925,"[{""cq_index"": 0, ""cq_text"": ""What is the requested action?"", ""cq_token_count"": 2, ""covered_token_count"": 2, ""token_recall"": 1.0, ""covered"": true}, {""cq_index"": 1, ""cq_text"": ""Who is the party issuing the evaluation request?"", ""cq_token_count"": 4, ""covered_token_count"": 4, ""token_recall"": 1.0, ""covered"": true}, {""cq_index"": 2, ""cq_text"": ""What is the target asset of the evaluation request?"", ""cq_token_count"": 4, ""covered_token_count"": 4, ""token_recall"": 1.0, ""covered"": true}, {""cq_index"": 3, ""cq_text"": ""When was the evaluation request issued?"", ""cq_token_count"": 3, ""covered_token_count"": 3, ""token_recall"": 1.0, ""covered"": true}, {""cq_index"": 4, ""cq_text"": ""What additional contextual information can be included in the evaluation request to further constrain it?"", ""cq_token_count"": 8, ""covered_token_count"": 5, ""token_recall"": 0.625, ""covered"": true}]",42,25,0.36,0.6905,True,0,1,0,5,0.0,0.0,0.0,0.0,0.0,0.0,0.0,0.0,0.0,[],[]
mistralai_Mistral-7B-Instruct-v0.3,cq-only,2025-151-02,False,Could not parse ontology.ttl in turtle/xml/n3 formats.,0,False,False,False,0,0,0,0,0.0,0.0,0.0,True,False,10,0.7,0.5293,"[{""cq_index"": 0, ""cq_text"": ""What is the current time?"", ""cq_token_count"": 2, ""covered_token_count"": 1, ""token_recall"": 0.5, ""covered"": true}, {""cq_index"": 1, ""cq_text"": ""What is the location of a party?"", ""cq_token_count"": 2, ""covered_token_count"": 2, ""token_recall"": 1.0, ""covered"": true}, {""cq_index"": 2, ""cq_text"": ""What assets are part of the asset collection of the policy that is being evaluated?"", ""cq_token_count"": 7, ""covered_token_count"": 4, ""token_recall"": 0.5714, ""covered"": true}, {""cq_index"": 3, ""cq_text"": ""Which parties are part of the party collection of the policy that is being evaluated?"", ""cq_token_count"": 7, ""covered_token_count"": 4, ""token_recall"": 0.5714, ""covered"": true}, {""cq_index"": 4, ""cq_text"": ""What actions were already performed or attempted?"", ""cq_token_count"": 4, ""covered_token_count"": 3, ""token_recall"": 0.75, ""covered"": true}, {""cq_index"": 5, ""cq_text"": ""How many times has a rule been exercised?"", ""cq_token_count"": 4, ""covered_token_count"": 1, ""token_recall"": 0.25, ""covered"": false}, {""cq_index"": 6, ""cq_text"": ""What information is available about an event that has occurred?"", ""cq_token_count"": 4, ""covered_token_count"": 3, ""token_recall"": 0.75, ""covered"": true}, {""cq_index"": 7, ""cq_text"": ""How long has a rule been exercised?"", ""cq_token_count"": 3, ""covered_token_count"": 1, ""token_recall"": 0.3333, ""covered"": false}, {""cq_index"": 8, ""cq_text"": ""Which recipients or categories of recipients can receive the result of the rule that has been exercised?"", ""cq_token_count"": 6, ""covered_token_count"": 1, ""token_recall"": 0.1667, ""covered"": false}, {""cq_index"": 9, ""cq_text"": ""Has a financial payment been made? What was the amount paid?"", ""cq_token_count"": 5, ""covered_token_count"": 2, ""token_recall"": 0.4, ""covered"": true}]",69,23,0.087,0.7391,True,0,1,0,0,0.0,0.0,0.0,0.0,0.0,0.0,0.0,1.0,0.0,[],[]
mistralai_Mistral-7B-Instruct-v0.3,cq-only,2025-153-01,True,,61,True,True,True,6,8,0,0,1.0,1.0,1.0,True,True,8,0.875,0.4958,"[{""cq_index"": 0, ""cq_text"": ""Which entity does a persistent identifier currently reference?"", ""cq_token_count"": 5, ""covered_token_count"": 3, ""token_recall"": 0.6, ""covered"": true}, {""cq_index"": 1, ""cq_text"": ""Which entity was referenced at a past timestamp?"", ""cq_token_count"": 4, ""covered_token_count"": 2, ""token_recall"": 0.5, ""covered"": true}, {""cq_index"": 2, ""cq_text"": ""When did referent transitions occur?"", ""cq_token_count"": 3, ""covered_token_count"": 2, ""token_recall"": 0.6667, ""covered"": true}, {""cq_index"": 3, ""cq_text"": ""What observations are associated with specific referents?"", ""cq_token_count"": 4, ""covered_token_count"": 2, ""token_recall"": 0.5, ""covered"": true}, {""cq_index"": 4, ""cq_text"": ""What is the full sequence of referents over time?"", ""cq_token_count"": 5, ""covered_token_count"": 3, ""token_recall"": 0.6, ""covered"": true}, {""cq_index"": 5, ""cq_text"": ""Which rules triggered specific transitions?"", ""cq_token_count"": 4, ""covered_token_count"": 2, ""token_recall"": 0.5, ""covered"": true}, {""cq_index"": 6, ""cq_text"": ""Are there gaps or overlaps in temporal bindings?"", ""cq_token_count"": 5, ""covered_token_count"": 1, ""token_recall"": 0.2, ""covered"": false}, {""cq_index"": 7, ""cq_text"": ""Can complete context be rebuilt for any time point?"", ""cq_token_count"": 5, ""covered_token_count"": 2, ""token_recall"": 0.4, ""covered"": true}]",47,119,0.0672,0.6596,True,6,11,8,22,0.6667,0.3636,0.4706,0.25,0.0909,0.1333,0.2632,0.1667,0.3019,"[""entity"", ""observation"", ""transition"", ""rule""]","[""has timestamp"", ""triggered by""]"
mistralai_Mistral-7B-Instruct-v0.3,cq-only,2026-155-01,False,Could not parse ontology.ttl in turtle/xml/n3 formats.,0,False,False,False,0,0,0,0,0.0,0.0,0.0,True,False,8,0.75,0.626,"[{""cq_index"": 0, ""cq_text"": ""Which survey or investigation activities were performed on a given cultural property or on a specific feature of interest?"", ""cq_token_count"": 9, ""covered_token_count"": 9, ""token_recall"": 1.0, ""covered"": true}, {""cq_index"": 1, ""cq_text"": ""Which method or investigation technique was adopted in a specific survey or investigation activity?"", ""cq_token_count"": 7, ""covered_token_count"": 6, ""token_recall"": 0.8571, ""covered"": true}, {""cq_index"": 2, ""cq_text"": ""Which observations were produced during a given survey or investigation activity?"", ""cq_token_count"": 6, ""covered_token_count"": 5, ""token_recall"": 0.8333, ""covered"": true}, {""cq_index"": 3, ""cq_text"": ""Which experts participated in the survey or investigation activity, and with which roles?"", ""cq_token_count"": 6, ""covered_token_count"": 3, ""token_recall"": 0.5, ""covered"": true}, {""cq_index"": 4, ""cq_text"": ""Which hardware, software, and technical configurations were used to conduct a specific survey or investigation activity?"", ""cq_token_count"": 9, ""covered_token_count"": 8, ""token_recall"": 0.8889, ""covered"": true}, {""cq_index"": 5, ""cq_text"": ""What interpretations or claims are supported by the observations produced during a survey?"", ""cq_token_count"": 7, ""covered_token_count"": 3, ""token_recall"": 0.4286, ""covered"": true}, {""cq_index"": 6, ""cq_text"": ""How are post-processed outputs (e.g., interactive images, spectra, datasets) related to the underlying acquisition or observation activities?"", ""cq_token_count"": 12, ""covered_token_count"": 3, ""token_recall"": 0.25, ""covered"": false}, {""cq_index"": 7, ""cq_text"": ""Which acquisition parameters (e.g., exposure time, ISO, aperture) characterised a specific photographic acquisition cycle within a survey?"", ""cq_token_count"": 12, ""covered_token_count"": 3, ""token_recall"": 0.25, ""covered"": false}]",39,20,0.3,0.4103,True,0,22,0,32,0.0,0.0,0.0,0.0,0.0,0.0,0.0,0.0,0.0,[],[]
mistralai_Mistral-7B-Instruct-v0.3,scenario-cq,2023-133-01,False,Could not parse ontology.ttl in turtle/xml/n3 formats.,0,False,False,False,0,0,0,0,0.0,0.0,0.0,False,False,4,0.75,0.6875,"[{""cq_index"": 0, ""cq_text"": ""What events are responsible for the pavement being slippery?"", ""cq_token_count"": 5, ""covered_token_count"": 4, ""token_recall"": 0.8, ""covered"": true}, {""cq_index"": 1, ""cq_text"": ""What would be the outcome of turning the sprinkler system on(off)?"", ""cq_token_count"": 5, ""covered_token_count"": 1, ""token_recall"": 0.2, ""covered"": false}, {""cq_index"": 2, ""cq_text"": ""How strong is the causal link between the sprinkler being on and the pavement being wet?"", ""cq_token_count"": 8, ""covered_token_count"": 6, ""token_recall"": 0.75, ""covered"": true}, {""cq_index"": 3, ""cq_text"": ""What if the pavement is not wet, how would it effect the pavement being slippery?"", ""cq_token_count"": 5, ""covered_token_count"": 5, ""token_recall"": 1.0, ""covered"": true}]",35,41,0.439,0.4857,True,0,5,0,5,0.0,0.0,0.0,0.0,0.0,0.0,0.0,0.0,0.0,[],[]
mistralai_Mistral-7B-Instruct-v0.3,scenario-cq,2023-133-02,False,Could not parse ontology.ttl in turtle/xml/n3 formats.,0,False,False,False,0,0,0,0,0.0,0.0,0.0,False,False,6,1.0,0.6479,"[{""cq_index"": 0, ""cq_text"": ""Is the medication intake by the patient caused by the presence of outdoor environmental allergen such as pollen or AQI?"", ""cq_token_count"": 11, ""covered_token_count"": 8, ""token_recall"": 0.7273, ""covered"": true}, {""cq_index"": 1, ""cq_text"": ""How much does the presence of an asthma symptom effect the intake of medication?"", ""cq_token_count"": 7, ""covered_token_count"": 4, ""token_recall"": 0.5714, ""covered"": true}, {""cq_index"": 2, ""cq_text"": ""How does an outdoor environmental allergen affect the patient?"", ""cq_token_count"": 5, ""covered_token_count"": 4, ""token_recall"": 0.8, ""covered"": true}, {""cq_index"": 3, ""cq_text"": ""What is the probable cause of the cough experienced by the patient?"", ""cq_token_count"": 5, ""covered_token_count"": 2, ""token_recall"": 0.4, ""covered"": true}, {""cq_index"": 4, ""cq_text"": ""What if pollen (or AQI) allergen was not present in the outdoor environment, how would it effect the intake of medication?"", ""cq_token_count"": 9, ""covered_token_count"": 8, ""token_recall"": 0.8889, ""covered"": true}, {""cq_index"": 5, ""cq_text"": ""What if the patient did not experience a cough, how would it effect the intake of medication?"", ""cq_token_count"": 6, ""covered_token_count"": 3, ""token_recall"": 0.5, ""covered"": true}]",52,60,0.3833,0.5,True,0,5,0,5,0.0,0.0,0.0,0.0,0.0,0.0,0.0,0.0,0.0,[],[]
mistralai_Mistral-7B-Instruct-v0.3,scenario-cq,2023-134-01,False,Could not parse ontology.ttl in turtle/xml/n3 formats.,0,False,False,False,0,0,0,0,0.0,0.0,0.0,False,False,8,1.0,0.9688,"[{""cq_index"": 0, ""cq_text"": ""What is the unique identifier of the policy?"", ""cq_token_count"": 3, ""covered_token_count"": 3, ""token_recall"": 1.0, ""covered"": true}, {""cq_index"": 1, ""cq_text"": ""Who is the creator of the policy?"", ""cq_token_count"": 2, ""covered_token_count"": 2, ""token_recall"": 1.0, ""covered"": true}, {""cq_index"": 2, ""cq_text"": ""When was the policy issued?"", ""cq_token_count"": 2, ""covered_token_count"": 2, ""token_recall"": 1.0, ""covered"": true}, {""cq_index"": 3, ""cq_text"": ""Who is the assignee of the policy?"", ""cq_token_count"": 2, ""covered_token_count"": 2, ""token_recall"": 1.0, ""covered"": true}, {""cq_index"": 4, ""cq_text"": ""What application/service is being used to access the data?"", ""cq_token_count"": 5, ""covered_token_count"": 5, ""token_recall"": 1.0, ""covered"": true}, {""cq_index"": 5, ""cq_text"": ""What access mode is being requested?"", ""cq_token_count"": 4, ""covered_token_count"": 4, ""token_recall"": 1.0, ""covered"": true}, {""cq_index"": 6, ""cq_text"": ""What personal data is being accessed?"", ""cq_token_count"": 4, ""covered_token_count"": 3, ""token_recall"": 0.75, ""covered"": true}, {""cq_index"": 7, ""cq_text"": ""What is the purpose for accessing the data?"", ""cq_token_count"": 3, ""covered_token_count"": 3, ""token_recall"": 1.0, ""covered"": true}]",41,88,0.1477,0.3415,True,0,0,0,0,0.0,0.0,0.0,0.0,0.0,0.0,1.0,1.0,0.0,[],[]
mistralai_Mistral-7B-Instruct-v0.3,scenario-cq,2023-134-02,False,Could not parse ontology.ttl in turtle/xml/n3 formats.,0,False,False,False,0,0,0,0,0.0,0.0,0.0,False,False,6,0.8333,0.5215,"[{""cq_index"": 0, ""cq_text"": ""What type of action, e.g., create, update, erase, is being performed on the data?"", ""cq_token_count"": 7, ""covered_token_count"": 3, ""token_recall"": 0.4286, ""covered"": true}, {""cq_index"": 1, ""cq_text"": ""Who is the entity interacting with the data?"", ""cq_token_count"": 3, ""covered_token_count"": 2, ""token_recall"": 0.6667, ""covered"": true}, {""cq_index"": 2, ""cq_text"": ""Who is the entity publishing the log?"", ""cq_token_count"": 3, ""covered_token_count"": 2, ""token_recall"": 0.6667, ""covered"": true}, {""cq_index"": 3, ""cq_text"": ""When was the log issued?"", ""cq_token_count"": 2, ""covered_token_count"": 1, ""token_recall"": 0.5, ""covered"": true}, {""cq_index"": 4, ""cq_text"": ""Where is the data being stored?"", ""cq_token_count"": 3, ""covered_token_count"": 2, ""token_recall"": 0.6667, ""covered"": true}, {""cq_index"": 5, ""cq_text"": ""What application/service is being used to generate the data, if any?"", ""cq_token_count"": 5, ""covered_token_count"": 1, ""token_recall"": 0.2, ""covered"": false}]",47,88,0.1591,0.617,True,0,0,0,0,0.0,0.0,0.0,0.0,0.0,0.0,1.0,1.0,0.0,[],[]
mistralai_Mistral-7B-Instruct-v0.3,scenario-cq,2023-134-03,False,Could not parse ontology.ttl in turtle/xml/n3 formats.,0,False,False,False,0,0,0,0,0.0,0.0,0.0,False,False,5,0.8,0.5667,"[{""cq_index"": 0, ""cq_text"": ""Who is maintaining the registry?"", ""cq_token_count"": 2, ""covered_token_count"": 1, ""token_recall"": 0.5, ""covered"": true}, {""cq_index"": 1, ""cq_text"": ""When was the registry created/updated?"", ""cq_token_count"": 3, ""covered_token_count"": 1, ""token_recall"": 0.3333, ""covered"": false}, {""cq_index"": 2, ""cq_text"": ""What types of data are available?"", ""cq_token_count"": 2, ""covered_token_count"": 1, ""token_recall"": 0.5, ""covered"": true}, {""cq_index"": 3, ""cq_text"": ""Where is a specific type of data being stored?"", ""cq_token_count"": 4, ""covered_token_count"": 2, ""token_recall"": 0.5, ""covered"": true}, {""cq_index"": 4, ""cq_text"": ""What policy is associated with the data?"", ""cq_token_count"": 3, ""covered_token_count"": 3, ""token_recall"": 1.0, ""covered"": true}]",28,88,0.1136,0.5357,True,0,0,0,0,0.0,0.0,0.0,0.0,0.0,0.0,1.0,1.0,0.0,[],[]
mistralai_Mistral-7B-Instruct-v0.3,scenario-cq,2023-135-01,False,Could not parse ontology.ttl in turtle/xml/n3 formats.,0,False,False,False,0,0,0,0,0.0,0.0,0.0,True,False,3,0.3333,0.2592,"[{""cq_index"": 0, ""cq_text"": ""Under what pseudonym did the author C. S. Lewis published a collection of poems, Spirit in Bondage?"", ""cq_token_count"": 9, ""covered_token_count"": 4, ""token_recall"": 0.4444, ""covered"": true}, {""cq_index"": 1, ""cq_text"": ""What alternative did C. S. Lewis used to assume the role of a book writer?"", ""cq_token_count"": 6, ""covered_token_count"": 2, ""token_recall"": 0.3333, ""covered"": false}, {""cq_index"": 2, ""cq_text"": ""Show the trajectories of rivers which cross national parks?"", ""cq_token_count"": 5, ""covered_token_count"": 0, ""token_recall"": 0.0, ""covered"": false}]",33,10,0.6,0.6667,True,0,5,0,13,0.0,0.0,0.0,0.0,0.0,0.0,0.0,0.0,0.0,[],[]
mistralai_Mistral-7B-Instruct-v0.3,scenario-cq,2024-145-01,True,,51,True,True,True,5,5,0,0,1.0,1.0,1.0,True,True,7,0.8571,0.8643,"[{""cq_index"": 0, ""cq_text"": ""List all district courts in a given state."", ""cq_token_count"": 3, ""covered_token_count"": 3, ""token_recall"": 1.0, ""covered"": true}, {""cq_index"": 1, ""cq_text"": ""In which state is a given district court instance located?"", ""cq_token_count"": 5, ""covered_token_count"": 4, ""token_recall"": 0.8, ""covered"": true}, {""cq_index"": 2, ""cq_text"": ""How many districts are in a given state of India?"", ""cq_token_count"": 4, ""covered_token_count"": 1, ""token_recall"": 0.25, ""covered"": false}, {""cq_index"": 3, ""cq_text"": ""Which court has authority over a given court?"", ""cq_token_count"": 3, ""covered_token_count"": 3, ""token_recall"": 1.0, ""covered"": true}, {""cq_index"": 4, ""cq_text"": ""What is the check transaction type for a bad check?"", ""cq_token_count"": 3, ""covered_token_count"": 3, ""token_recall"": 1.0, ""covered"": true}, {""cq_index"": 5, ""cq_text"": ""When is a check payment of a bad check?"", ""cq_token_count"": 3, ""covered_token_count"": 3, ""token_recall"": 1.0, ""covered"": true}, {""cq_index"": 6, ""cq_text"": ""What is the transaction status of a given check payment?"", ""cq_token_count"": 4, ""covered_token_count"": 4, ""token_recall"": 1.0, ""covered"": true}]",31,17,0.5882,0.3871,False,5,0,5,0,0.0,0.0,0.0,0.0,0.0,0.0,0.0,0.0,0.0,[],[]
mistralai_Mistral-7B-Instruct-v0.3,scenario-cq,2025-147-01,False,Could not parse ontology.ttl in turtle/xml/n3 formats.,0,False,False,False,0,0,0,0,0.0,0.0,0.0,False,False,48,0.1667,0.2596,"[{""cq_index"": 0, ""cq_text"": ""How are ships clearly identified?"", ""cq_token_count"": 3, ""covered_token_count"": 1, ""token_recall"": 0.3333, ""covered"": false}, {""cq_index"": 1, ""cq_text"": ""How are a ship's dimensions described?"", ""cq_token_count"": 3, ""covered_token_count"": 1, ""token_recall"": 0.3333, ""covered"": false}, {""cq_index"": 2, ""cq_text"": ""What information can be provided about the typical location of a ship?"", ""cq_token_count"": 5, ""covered_token_count"": 2, ""token_recall"": 0.4, ""covered"": true}, {""cq_index"": 3, ""cq_text"": ""Who can be the owner of a ship?"", ""cq_token_count"": 2, ""covered_token_count"": 2, ""token_recall"": 1.0, ""covered"": true}, {""cq_index"": 4, ""cq_text"": ""How is a ship's average speed over ground specified?"", ""cq_token_count"": 6, ""covered_token_count"": 5, ""token_recall"": 0.8333, ""covered"": true}, {""cq_index"": 5, ""cq_text"": ""How many container ships are registered under the German flag?"", ""cq_token_count"": 7, ""covered_token_count"": 3, ""token_recall"": 0.4286, ""covered"": true}, {""cq_index"": 6, ""cq_text"": ""How is the GPS antenna placed relatively to the ship's structure (bow, stern, port, starboard)?"", ""cq_token_count"": 10, ""covered_token_count"": 3, ""token_recall"": 0.3, ""covered"": false}, {""cq_index"": 7, ""cq_text"": ""Which organization owns the most ships?"", ""cq_token_count"": 4, ""covered_token_count"": 2, ""token_recall"": 0.5, ""covered"": true}, {""cq_index"": 8, ""cq_text"": ""What information can be provided about a ship route?"", ""cq_token_count"": 4, ""covered_token_count"": 1, ""token_recall"": 0.25, ""covered"": false}, {""cq_index"": 9, ""cq_text"": ""What information is known about a single trajectory part?"", ""cq_token_count"": 5, ""covered_token_count"": 1, ""token_recall"": 0.2, ""covered"": false}, {""cq_index"": 10, ""cq_text"": ""What types of trajectories are distinguished?"", ""cq_token_count"": 2, ""covered_token_count"": 0, ""token_recall"": 0.0, ""covered"": false}, {""cq_index"": 11, ""cq_text"": ""What unit does the draught of a ship have?"", ""cq_token_count"": 3, ""covered_token_count"": 2, ""token_recall"": 0.6667, ""covered"": true}, {""cq_index"": 12, ""cq_text"": ""What was the average speed over ground of the ship on route on day X?"", ""cq_token_count"": 7, ""covered_token_count"": 5, ""token_recall"": 0.7143, ""covered"": true}, {""cq_index"": 13, ""cq_text"": ""What route is predicted for ship X?"", ""cq_token_count"": 3, ""covered_token_count"": 1, ""token_recall"": 0.3333, ""covered"": false}, {""cq_index"": 14, ""cq_text"": ""What types of engines are used in ships?"", ""cq_token_count"": 2, ""covered_token_count"": 1, ""token_recall"": 0.5, ""covered"": true}, {""cq_index"": 15, ""cq_text"": ""What combinations of engines can exist?"", ""cq_token_count"": 3, ""covered_token_count"": 0, ""token_recall"": 0.0, ""covered"": false}, {""cq_index"": 16, ""cq_text"": ""What powers these ship engines?"", ""cq_token_count"": 4, ""covered_token_count"": 1, ""token_recall"": 0.25, ""covered"": false}, {""cq_index"": 17, ""cq_text"": ""What is driven by ship engines?"", ""cq_token_count"": 3, ""covered_token_count"": 1, ""token_recall"": 0.3333, ""covered"": false}, {""cq_index"": 18, ""cq_text"": ""What types of propulsion systems can ships have?"", ""cq_token_count"": 3, ""covered_token_count"": 1, ""token_recall"": 0.3333, ""covered"": false}, {""cq_index"": 19, ""cq_text"": ""What propulsion systems don't rely on an engine?"", ""cq_token_count"": 5, ""covered_token_count"": 0, ""token_recall"": 0.0, ""covered"": false}, {""cq_index"": 20, ""cq_text"": ""Which propulsion technologies are used by each individual propulsion system?"", ""cq_token_count"": 4, ""covered_token_count"": 0, ""token_recall"": 0.0, ""covered"": false}, {""cq_index"": 21, ""cq_text"": ""What falls under the category of propulsion technologies powered by engines?"", ""cq_token_count"": 7, ""covered_token_count"": 1, ""token_recall"": 0.1429, ""covered"": false}, {""cq_index"": 22, ""cq_text"": ""What types of jet propulsors exist?"", ""cq_token_count"": 3, ""covered_token_count"": 0, ""token_recall"": 0.0, ""covered"": false}, {""cq_index"": 23, ""cq_text"": ""What types of bladed propulsors exist?"", ""cq_token_count"": 3, ""covered_token_count"": 0, ""token_recall"": 0.0, ""covered"": false}, {""cq_index"": 24, ""cq_text"": ""What types of blade propulsors follow a special design?"", ""cq_token_count"": 5, ""covered_token_count"": 0, ""token_recall"": 0.0, ""covered"": false}, {""cq_index"": 25, ""cq_text"": ""What properties describe a bladed propulsor?"", ""cq_token_count"": 4, ""covered_token_count"": 1, ""token_recall"": 0.25, ""covered"": false}, {""cq_index"": 26, ""cq_text"": ""What types of screw propellers can be used?"", ""cq_token_count"": 2, ""covered_token_count"": 0, ""token_recall"": 0.0, ""covered"": false}, {""cq_index"": 27, ""cq_text"": ""What is used to prevent cavitation on technologies for motorized propulsion?"", ""cq_token_count"": 5, ""covered_token_count"": 0, ""token_recall"": 0.0, ""covered"": false}, {""cq_index"": 28, ""cq_text"": ""What type of sails exist?"", ""cq_token_count"": 2, ""covered_token_count"": 0, ""token_recall"": 0.0, ""covered"": false}, {""cq_index"": 29, ""cq_text"": ""Which type of propulsion technologies can assist a motorized ship?"", ""cq_token_count"": 5, ""covered_token_count"": 1, ""token_recall"": 0.2, ""covered"": false}, {""cq_index"": 30, ""cq_text"": ""What fuel does ship X use to drive?"", ""cq_token_count"": 3, ""covered_token_count"": 1, ""token_recall"": 0.3333, ""covered"": false}, {""cq_index"": 31, ""cq_text"": ""How many engines power ship X?"", ""cq_token_count"": 4, ""covered_token_count"": 1, ""token_recall"": 0.25, ""covered"": false}, {""cq_index"": 32, ""cq_text"": ""What types of propellers are installed on ship X?"", ""cq_token_count"": 3, ""covered_token_count"": 1, ""token_recall"": 0.3333, ""covered"": false}, {""cq_index"": 33, ""cq_text"": ""What is the most common type of propeller?"", ""cq_token_count"": 3, ""covered_token_count"": 0, ""token_recall"": 0.0, ""covered"": false}, {""cq_index"": 34, ""cq_text"": ""How many ships have sails?"", ""cq_token_count"": 3, ""covered_token_count"": 1, ""token_recall"": 0.3333, ""covered"": false}, {""cq_index"": 35, ""cq_text"": ""Which ships use electric engines exclusively?"", ""cq_token_count"": 4, ""covered_token_count"": 1, ""token_recall"": 0.25, ""covered"": false}, {""cq_index"": 36, ""cq_text"": ""What motorized propulsion does a ship use that is assisted by wind propulsion?"", ""cq_token_count"": 5, ""covered_token_count"": 1, ""token_recall"": 0.2, ""covered"": false}, {""cq_index"": 37, ""cq_text"": ""How many supercavitating propellers does ship X use?"", ""cq_token_count"": 4, ""covered_token_count"": 1, ""token_recall"": 0.25, ""covered"": false}, {""cq_index"": 38, ""cq_text"": ""What diameter and how many blades does the fixed pitch propeller Y of ship X have?"", ""cq_token_count"": 7, ""covered_token_count"": 1, ""token_recall"": 0.1429, ""covered"": false}, {""cq_index"": 39, ""cq_text"": ""What is the least utilized wind assisted propulsion system?"", ""cq_token_count"": 6, ""covered_token_count"": 0, ""token_recall"": 0.0, ""covered"": false}, {""cq_index"": 40, ""cq_text"": ""What different kinds of data can be used to represent a ship?"", ""cq_token_count"": 5, ""covered_token_count"": 1, ""token_recall"": 0.2, ""covered"": false}, {""cq_index"": 41, ""cq_text"": ""How is sonar data of ships stored?"", ""cq_token_count"": 4, ""covered_token_count"": 1, ""token_recall"": 0.25, ""covered"": false}, {""cq_index"": 42, ""cq_text"": ""What image resources are available for a ship?"", ""cq_token_count"": 4, ""covered_token_count"": 1, ""token_recall"": 0.25, ""covered"": false}, {""cq_index"": 43, ""cq_text"": ""What textual information about a ship is available?"", ""cq_token_count"": 4, ""covered_token_count"": 1, ""token_recall"": 0.25, ""covered"": false}, {""cq_index"": 44, ""cq_text"": ""What does ship X look like?"", ""cq_token_count"": 3, ""covered_token_count"": 1, ""token_recall"": 0.3333, ""covered"": false}, {""cq_index"": 45, ""cq_text"": ""How does ship X sound like on a sonar?"", ""cq_token_count"": 4, ""covered_token_count"": 1, ""token_recall"": 0.25, ""covered"": false}, {""cq_index"": 46, ""cq_text"": ""What is the textual description of ship X?"", ""cq_token_count"": 3, ""covered_token_count"": 1, ""token_recall"": 0.3333, ""covered"": false}, {""cq_index"": 47, ""cq_text"": ""Are there ships without sonar signatures?"", ""cq_token_count"": 5, ""covered_token_count"": 1, ""token_recall"": 0.2, ""covered"": false}]",58,109,0.1284,0.5517,True,0,1,0,8,0.0,0.0,0.0,0.0,0.0,0.0,0.0,0.0,0.0,[],[]
mistralai_Mistral-7B-Instruct-v0.3,scenario-cq,2025-149-01,True,,54,True,True,True,9,8,0,0,1.0,1.0,0.0,True,True,25,0.68,0.5095,"[{""cq_index"": 0, ""cq_text"": ""Can the ontology represent a relational database as a first-class schema entity?"", ""cq_token_count"": 8, ""covered_token_count"": 5, ""token_recall"": 0.625, ""covered"": true}, {""cq_index"": 1, ""cq_text"": ""Can the ontology represent tables belonging to a database?"", ""cq_token_count"": 5, ""covered_token_count"": 3, ""token_recall"": 0.6, ""covered"": true}, {""cq_index"": 2, ""cq_text"": ""Can the ontology represent columns belonging to a table?"", ""cq_token_count"": 5, ""covered_token_count"": 3, ""token_recall"": 0.6, ""covered"": true}, {""cq_index"": 3, ""cq_text"": ""Can the ontology represent primary-key relationships in the schema?"", ""cq_token_count"": 6, ""covered_token_count"": 3, ""token_recall"": 0.5, ""covered"": true}, {""cq_index"": 4, ""cq_text"": ""Can the ontology represent foreign-key relationships and distinguish same-named columns across different tables when they are not semantically linked?"", ""cq_token_count"": 15, ""covered_token_count"": 12, ""token_recall"": 0.8, ""covered"": true}, {""cq_index"": 5, ""cq_text"": ""Can the ontology define a policy for a specific agent?"", ""cq_token_count"": 5, ""covered_token_count"": 3, ""token_recall"": 0.6, ""covered"": true}, {""cq_index"": 6, ""cq_text"": ""Can a policy specify a high-level ReadAction?"", ""cq_token_count"": 5, ""covered_token_count"": 3, ""token_recall"": 0.6, ""covered"": true}, {""cq_index"": 7, ""cq_text"": ""Can a policy specify a high-level ModifyAction?"", ""cq_token_count"": 5, ""covered_token_count"": 3, ""token_recall"": 0.6, ""covered"": true}, {""cq_index"": 8, ""cq_text"": ""Can a policy specify a ViewActionScope for read operations?"", ""cq_token_count"": 5, ""covered_token_count"": 3, ""token_recall"": 0.6, ""covered"": true}, {""cq_index"": 9, ""cq_text"": ""Can a policy specify a ProcessActionScope for read operations?"", ""cq_token_count"": 5, ""covered_token_count"": 3, ""token_recall"": 0.6, ""covered"": true}, {""cq_index"": 10, ""cq_text"": ""Can a policy be defined at table level?"", ""cq_token_count"": 4, ""covered_token_count"": 3, ""token_recall"": 0.75, ""covered"": true}, {""cq_index"": 11, ""cq_text"": ""Can a policy be defined at column level?"", ""cq_token_count"": 4, ""covered_token_count"": 3, ""token_recall"": 0.75, ""covered"": true}, {""cq_index"": 12, ""cq_text"": ""Can a policy be defined at row level using conditions?"", ""cq_token_count"": 5, ""covered_token_count"": 4, ""token_recall"": 0.8, ""covered"": true}, {""cq_index"": 13, ""cq_text"": ""Can the ontology express a prohibited modify action on a table?"", ""cq_token_count"": 6, ""covered_token_count"": 4, ""token_recall"": 0.6667, ""covered"": true}, {""cq_index"": 14, ""cq_text"": ""Can the ontology express a table-level read prohibition for processing?"", ""cq_token_count"": 7, ""covered_token_count"": 5, ""token_recall"": 0.7143, ""covered"": true}, {""cq_index"": 15, ""cq_text"": ""Can the ontology express a table-level read prohibition for viewing?"", ""cq_token_count"": 7, ""covered_token_count"": 4, ""token_recall"": 0.5714, ""covered"": true}, {""cq_index"": 16, ""cq_text"": ""Can the ontology express a conditional row-level read restriction for later enforcement?"", ""cq_token_count"": 9, ""covered_token_count"": 3, ""token_recall"": 0.3333, ""covered"": false}, {""cq_index"": 17, ""cq_text"": ""Can the ontology represent a SQL query as an AST-based semantic graph?"", ""cq_token_count"": 8, ""covered_token_count"": 0, ""token_recall"": 0.0, ""covered"": false}, {""cq_index"": 18, ""cq_text"": ""Can a SQL statement such as SelectStatement or UpdateStatement be mapped to its semantic action type?"", ""cq_token_count"": 8, ""covered_token_count"": 1, ""token_recall"": 0.125, ""covered"": false}, {""cq_index"": 19, ""cq_text"": ""Can a query statement be linked to the executing agent?"", ""cq_token_count"": 5, ""covered_token_count"": 2, ""token_recall"": 0.4, ""covered"": true}, {""cq_index"": 20, ""cq_text"": ""Can SQL clauses be assigned operational scopes such as view or process?"", ""cq_token_count"": 8, ""covered_token_count"": 2, ""token_recall"": 0.25, ""covered"": false}, {""cq_index"": 21, ""cq_text"": ""Can scope be propagated to reference nodes as an effectiveActionScope?"", ""cq_token_count"": 5, ""covered_token_count"": 1, ""token_recall"": 0.2, ""covered"": false}, {""cq_index"": 22, ""cq_text"": ""Can a TableRef in the query be linked to its corresponding schema Table?"", ""cq_token_count"": 6, ""covered_token_count"": 2, ""token_recall"": 0.3333, ""covered"": false}, {""cq_index"": 23, ""cq_text"": ""Can a ColumnRef in the query be linked to its corresponding schema Column?"", ""cq_token_count"": 6, ""covered_token_count"": 2, ""token_recall"": 0.3333, ""covered"": false}, {""cq_index"": 24, ""cq_text"": ""Can the reasoner infer whether a referenced table or column is Violated or RowTag based on the matching policy, action, and scope?"", ""cq_token_count"": 13, ""covered_token_count"": 5, ""token_recall"": 0.3846, ""covered"": false}]",48,10,0.5,0.1458,True,9,48,8,41,0.4444,0.0833,0.1404,0.375,0.0732,0.1224,0.1111,0.125,0.1314,"[""relational database"", ""table"", ""column"", ""policy""]","[""primary key"", ""foreign key"", ""view action scope""]"
mistralai_Mistral-7B-Instruct-v0.3,scenario-cq,2025-150-01,True,,51,True,True,True,12,4,0,0,1.0,1.0,0.0,True,True,32,0.5312,0.4133,"[{""cq_index"": 0, ""cq_text"": ""Which MQTT Clients are connected to which Broker?"", ""cq_token_count"": 4, ""covered_token_count"": 3, ""token_recall"": 0.75, ""covered"": true}, {""cq_index"": 1, ""cq_text"": ""Which MQTT NetworkConnections exist, are they TLS-secured, and who initiated/accepted them?"", ""cq_token_count"": 9, ""covered_token_count"": 2, ""token_recall"": 0.2222, ""covered"": false}, {""cq_index"": 2, ""cq_text"": ""Which MQTT participants (Clients/Brokers) use which MQTT NetworkConnections?"", ""cq_token_count"": 5, ""covered_token_count"": 1, ""token_recall"": 0.2, ""covered"": false}, {""cq_index"": 3, ""cq_text"": ""Which MQTT Clients with which ClientIDs run on which SOSA platforms?"", ""cq_token_count"": 6, ""covered_token_count"": 2, ""token_recall"": 0.3333, ""covered"": false}, {""cq_index"": 4, ""cq_text"": ""Which MQTT Clients are hosting which SOSA systems (sensors/actuators)?"", ""cq_token_count"": 7, ""covered_token_count"": 2, ""token_recall"": 0.2857, ""covered"": false}, {""cq_index"": 5, ""cq_text"": ""What host/port is a MQTT Broker configured with?"", ""cq_token_count"": 5, ""covered_token_count"": 2, ""token_recall"": 0.4, ""covered"": true}, {""cq_index"": 6, ""cq_text"": ""Which SOSA sensors publish to which MQTT Topics (observations)?"", ""cq_token_count"": 6, ""covered_token_count"": 3, ""token_recall"": 0.5, ""covered"": true}, {""cq_index"": 7, ""cq_text"": ""Which SOSA actuators listen to which MQTT Topics (commands)?"", ""cq_token_count"": 6, ""covered_token_count"": 2, ""token_recall"": 0.3333, ""covered"": false}, {""cq_index"": 8, ""cq_text"": ""Which SOSA FeaturesOfInterest, Properties etc. appear as MQTT TopicSubjects and on which MQTT Topics?"", ""cq_token_count"": 8, ""covered_token_count"": 2, ""token_recall"": 0.25, ""covered"": false}, {""cq_index"": 9, ""cq_text"": ""Which MQTT Topic Filters match a given MQTT Topic?"", ""cq_token_count"": 4, ""covered_token_count"": 2, ""token_recall"": 0.5, ""covered"": true}, {""cq_index"": 10, ""cq_text"": ""Which MQTT Topics are matched by a given MQTT Topic Filter?"", ""cq_token_count"": 5, ""covered_token_count"": 3, ""token_recall"": 0.6, ""covered"": true}, {""cq_index"": 11, ""cq_text"": ""Which MQTT filter patterns (with wildcards) are stored?"", ""cq_token_count"": 5, ""covered_token_count"": 2, ""token_recall"": 0.4, ""covered"": true}, {""cq_index"": 12, ""cq_text"": ""Which MQTT Clients send which MQTT Control Packets?"", ""cq_token_count"": 5, ""covered_token_count"": 3, ""token_recall"": 0.6, ""covered"": true}, {""cq_index"": 13, ""cq_text"": ""Which MQTT PUBLISH/SUBSCRIBE/UNSUBSCRIBE packets were sent (specializations)?"", ""cq_token_count"": 7, ""covered_token_count"": 5, ""token_recall"": 0.7143, ""covered"": true}, {""cq_index"": 14, ""cq_text"": ""Which MQTT Brokers receive/forward which MQTT Control Packets?"", ""cq_token_count"": 6, ""covered_token_count"": 3, ""token_recall"": 0.5, ""covered"": true}, {""cq_index"": 15, ""cq_text"": ""Which MQTT Control Packets were sent by which Client (inverse)?"", ""cq_token_count"": 6, ""covered_token_count"": 4, ""token_recall"": 0.6667, ""covered"": true}, {""cq_index"": 16, ""cq_text"": ""Which MQTT Publish packets carry Observations for a specific SOSA FeatureOfInterest or Property?"", ""cq_token_count"": 9, ""covered_token_count"": 4, ""token_recall"": 0.4444, ""covered"": true}, {""cq_index"": 17, ""cq_text"": ""Which MQTT SUBSCRIBE packets request QoS=2 and for which filters?"", ""cq_token_count"": 6, ""covered_token_count"": 3, ""token_recall"": 0.5, ""covered"": true}, {""cq_index"": 18, ""cq_text"": ""Which MQTT UNSUBSCRIBE packets remove all filters under a certain path (e.g. 'factory/centering/#')?"", ""cq_token_count"": 10, ""covered_token_count"": 3, ""token_recall"": 0.3, ""covered"": false}, {""cq_index"": 19, ""cq_text"": ""Which MQTT Control Packet has which Fixed Header / Variable Header / Payload?"", ""cq_token_count"": 7, ""covered_token_count"": 3, ""token_recall"": 0.4286, ""covered"": true}, {""cq_index"": 20, ""cq_text"": ""Which MQTT PUBLISH packet has which MQTT Topic (name) in the Variable Header?"", ""cq_token_count"": 7, ""covered_token_count"": 4, ""token_recall"": 0.5714, ""covered"": true}, {""cq_index"": 21, ""cq_text"": ""Which QoS levels are set (in PUBLISH Fixed Header or SubscriptionEntry)?"", ""cq_token_count"": 7, ""covered_token_count"": 1, ""token_recall"": 0.1429, ""covered"": false}, {""cq_index"": 22, ""cq_text"": ""Are RETAIN/DUP flags set in PUBLISH?"", ""cq_token_count"": 5, ""covered_token_count"": 1, ""token_recall"": 0.2, ""covered"": false}, {""cq_index"": 23, ""cq_text"": ""Which MQTT Control Packets have which PacketIdentifier?"", ""cq_token_count"": 4, ""covered_token_count"": 3, ""token_recall"": 0.75, ""covered"": true}, {""cq_index"": 24, ""cq_text"": ""Which MQTT SUBSCRIBE payloads contain which SubscriptionEntries?"", ""cq_token_count"": 5, ""covered_token_count"": 2, ""token_recall"": 0.4, ""covered"": true}, {""cq_index"": 25, ""cq_text"": ""Which MQTT Topic Filters (with QoS) are requested by a SubscriptionEntry?"", ""cq_token_count"": 6, ""covered_token_count"": 2, ""token_recall"": 0.3333, ""covered"": false}, {""cq_index"": 26, ""cq_text"": ""Which MQTT UNSUBSCRIBE payloads remove which MQTT TopicFilters?"", ""cq_token_count"": 5, ""covered_token_count"": 2, ""token_recall"": 0.4, ""covered"": true}, {""cq_index"": 27, ""cq_text"": ""Which MQTT PUBLISH payloads encode SOSA Observations (or Observation Collections)?"", ""cq_token_count"": 8, ""covered_token_count"": 3, ""token_recall"": 0.375, ""covered"": false}, {""cq_index"": 28, ""cq_text"": ""Which MQTT PUBLISH payloads encode SOSA Actuations (or Actuation Collections)?"", ""cq_token_count"": 8, ""covered_token_count"": 3, ""token_recall"": 0.375, ""covered"": false}, {""cq_index"": 29, ""cq_text"": ""Which fields are encoded in a MQTT payload?"", ""cq_token_count"": 4, ""covered_token_count"": 1, ""token_recall"": 0.25, ""covered"": false}, {""cq_index"": 30, ""cq_text"": ""What content, content type, encoding and delimiter does a MQTT PUBLISH payload have?"", ""cq_token_count"": 6, ""covered_token_count"": 2, ""token_recall"": 0.3333, ""covered"": false}, {""cq_index"": 31, ""cq_text"": ""What is the size of a MQTT payload (as QUDT QuantityValue with unit)?"", ""cq_token_count"": 6, ""covered_token_count"": 1, ""token_recall"": 0.1667, ""covered"": false}]",39,60,0.2,0.4359,True,12,9,4,11,0.0,0.0,0.0,0.0,0.0,0.0,0.0,0.0,0.0,[],[]
mistralai_Mistral-7B-Instruct-v0.3,scenario-cq,2025-151-01,False,Could not parse ontology.ttl in turtle/xml/n3 formats.,0,False,False,False,0,0,0,0,0.0,0.0,0.0,False,False,5,1.0,0.95,"[{""cq_index"": 0, ""cq_text"": ""What is the requested action?"", ""cq_token_count"": 2, ""covered_token_count"": 2, ""token_recall"": 1.0, ""covered"": true}, {""cq_index"": 1, ""cq_text"": ""Who is the party issuing the evaluation request?"", ""cq_token_count"": 4, ""covered_token_count"": 4, ""token_recall"": 1.0, ""covered"": true}, {""cq_index"": 2, ""cq_text"": ""What is the target asset of the evaluation request?"", ""cq_token_count"": 4, ""covered_token_count"": 4, ""token_recall"": 1.0, ""covered"": true}, {""cq_index"": 3, ""cq_text"": ""When was the evaluation request issued?"", ""cq_token_count"": 3, ""covered_token_count"": 3, ""token_recall"": 1.0, ""covered"": true}, {""cq_index"": 4, ""cq_text"": ""What additional contextual information can be included in the evaluation request to further constrain it?"", ""cq_token_count"": 8, ""covered_token_count"": 6, ""token_recall"": 0.75, ""covered"": true}]",54,25,0.6,0.6296,True,0,1,0,5,0.0,0.0,0.0,0.0,0.0,0.0,0.0,0.0,0.0,[],[]
mistralai_Mistral-7B-Instruct-v0.3,scenario-cq,2025-151-02,False,Could not parse ontology.ttl in turtle/xml/n3 formats.,0,False,False,False,0,0,0,0,0.0,0.0,0.0,True,False,10,0.6,0.5338,"[{""cq_index"": 0, ""cq_text"": ""What is the current time?"", ""cq_token_count"": 2, ""covered_token_count"": 2, ""token_recall"": 1.0, ""covered"": true}, {""cq_index"": 1, ""cq_text"": ""What is the location of a party?"", ""cq_token_count"": 2, ""covered_token_count"": 2, ""token_recall"": 1.0, ""covered"": true}, {""cq_index"": 2, ""cq_text"": ""What assets are part of the asset collection of the policy that is being evaluated?"", ""cq_token_count"": 7, ""covered_token_count"": 2, ""token_recall"": 0.2857, ""covered"": false}, {""cq_index"": 3, ""cq_text"": ""Which parties are part of the party collection of the policy that is being evaluated?"", ""cq_token_count"": 7, ""covered_token_count"": 2, ""token_recall"": 0.2857, ""covered"": false}, {""cq_index"": 4, ""cq_text"": ""What actions were already performed or attempted?"", ""cq_token_count"": 4, ""covered_token_count"": 1, ""token_recall"": 0.25, ""covered"": false}, {""cq_index"": 5, ""cq_text"": ""How many times has a rule been exercised?"", ""cq_token_count"": 4, ""covered_token_count"": 2, ""token_recall"": 0.5, ""covered"": true}, {""cq_index"": 6, ""cq_text"": ""What information is available about an event that has occurred?"", ""cq_token_count"": 4, ""covered_token_count"": 1, ""token_recall"": 0.25, ""covered"": false}, {""cq_index"": 7, ""cq_text"": ""How long has a rule been exercised?"", ""cq_token_count"": 3, ""covered_token_count"": 2, ""token_recall"": 0.6667, ""covered"": true}, {""cq_index"": 8, ""cq_text"": ""Which recipients or categories of recipients can receive the result of the rule that has been exercised?"", ""cq_token_count"": 6, ""covered_token_count"": 3, ""token_recall"": 0.5, ""covered"": true}, {""cq_index"": 9, ""cq_text"": ""Has a financial payment been made? What was the amount paid?"", ""cq_token_count"": 5, ""covered_token_count"": 3, ""token_recall"": 0.6, ""covered"": true}]",47,23,0.1739,0.617,True,0,1,0,0,0.0,0.0,0.0,0.0,0.0,0.0,0.0,1.0,0.0,[],[]
mistralai_Mistral-7B-Instruct-v0.3,scenario-cq,2025-153-01,False,Could not parse ontology.ttl in turtle/xml/n3 formats.,0,False,False,False,0,0,0,0,0.0,0.0,0.0,True,False,8,0.75,0.6479,"[{""cq_index"": 0, ""cq_text"": ""Which entity does a persistent identifier currently reference?"", ""cq_token_count"": 5, ""covered_token_count"": 4, ""token_recall"": 0.8, ""covered"": true}, {""cq_index"": 1, ""cq_text"": ""Which entity was referenced at a past timestamp?"", ""cq_token_count"": 4, ""covered_token_count"": 4, ""token_recall"": 1.0, ""covered"": true}, {""cq_index"": 2, ""cq_text"": ""When did referent transitions occur?"", ""cq_token_count"": 3, ""covered_token_count"": 1, ""token_recall"": 0.3333, ""covered"": false}, {""cq_index"": 3, ""cq_text"": ""What observations are associated with specific referents?"", ""cq_token_count"": 4, ""covered_token_count"": 3, ""token_recall"": 0.75, ""covered"": true}, {""cq_index"": 4, ""cq_text"": ""What is the full sequence of referents over time?"", ""cq_token_count"": 5, ""covered_token_count"": 5, ""token_recall"": 1.0, ""covered"": true}, {""cq_index"": 5, ""cq_text"": ""Which rules triggered specific transitions?"", ""cq_token_count"": 4, ""covered_token_count"": 2, ""token_recall"": 0.5, ""covered"": true}, {""cq_index"": 6, ""cq_text"": ""Are there gaps or overlaps in temporal bindings?"", ""cq_token_count"": 5, ""covered_token_count"": 0, ""token_recall"": 0.0, ""covered"": false}, {""cq_index"": 7, ""cq_text"": ""Can complete context be rebuilt for any time point?"", ""cq_token_count"": 5, ""covered_token_count"": 4, ""token_recall"": 0.8, ""covered"": true}]",65,119,0.1008,0.6,True,0,11,0,22,0.0,0.0,0.0,0.0,0.0,0.0,0.0,0.0,0.0,[],[]
mistralai_Mistral-7B-Instruct-v0.3,scenario-cq,2026-155-01,False,Could not parse ontology.ttl in turtle/xml/n3 formats.,0,False,False,False,0,0,0,0,0.0,0.0,0.0,True,False,8,1.0,0.8393,"[{""cq_index"": 0, ""cq_text"": ""Which survey or investigation activities were performed on a given cultural property or on a specific feature of interest?"", ""cq_token_count"": 9, ""covered_token_count"": 9, ""token_recall"": 1.0, ""covered"": true}, {""cq_index"": 1, ""cq_text"": ""Which method or investigation technique was adopted in a specific survey or investigation activity?"", ""cq_token_count"": 7, ""covered_token_count"": 7, ""token_recall"": 1.0, ""covered"": true}, {""cq_index"": 2, ""cq_text"": ""Which observations were produced during a given survey or investigation activity?"", ""cq_token_count"": 6, ""covered_token_count"": 6, ""token_recall"": 1.0, ""covered"": true}, {""cq_index"": 3, ""cq_text"": ""Which experts participated in the survey or investigation activity, and with which roles?"", ""cq_token_count"": 6, ""covered_token_count"": 4, ""token_recall"": 0.6667, ""covered"": true}, {""cq_index"": 4, ""cq_text"": ""Which hardware, software, and technical configurations were used to conduct a specific survey or investigation activity?"", ""cq_token_count"": 9, ""covered_token_count"": 9, ""token_recall"": 1.0, ""covered"": true}, {""cq_index"": 5, ""cq_text"": ""What interpretations or claims are supported by the observations produced during a survey?"", ""cq_token_count"": 7, ""covered_token_count"": 5, ""token_recall"": 0.7143, ""covered"": true}, {""cq_index"": 6, ""cq_text"": ""How are post-processed outputs (e.g., interactive images, spectra, datasets) related to the underlying acquisition or observation activities?"", ""cq_token_count"": 12, ""covered_token_count"": 6, ""token_recall"": 0.5, ""covered"": true}, {""cq_index"": 7, ""cq_text"": ""Which acquisition parameters (e.g., exposure time, ISO, aperture) characterised a specific photographic acquisition cycle within a survey?"", ""cq_token_count"": 12, ""covered_token_count"": 10, ""token_recall"": 0.8333, ""covered"": true}]",65,20,0.75,0.3231,True,0,22,0,32,0.0,0.0,0.0,0.0,0.0,0.0,0.0,0.0,0.0,[],[]
mistralai_Mistral-7B-Instruct-v0.3,scenario-cq-constraints,2023-133-01,False,Could not parse ontology.ttl in turtle/xml/n3 formats.,0,False,False,False,0,0,0,0,0.0,0.0,0.0,True,False,4,0.75,0.6875,"[{""cq_index"": 0, ""cq_text"": ""What events are responsible for the pavement being slippery?"", ""cq_token_count"": 5, ""covered_token_count"": 4, ""token_recall"": 0.8, ""covered"": true}, {""cq_index"": 1, ""cq_text"": ""What would be the outcome of turning the sprinkler system on(off)?"", ""cq_token_count"": 5, ""covered_token_count"": 1, ""token_recall"": 0.2, ""covered"": false}, {""cq_index"": 2, ""cq_text"": ""How strong is the causal link between the sprinkler being on and the pavement being wet?"", ""cq_token_count"": 8, ""covered_token_count"": 6, ""token_recall"": 0.75, ""covered"": true}, {""cq_index"": 3, ""cq_text"": ""What if the pavement is not wet, how would it effect the pavement being slippery?"", ""cq_token_count"": 5, ""covered_token_count"": 5, ""token_recall"": 1.0, ""covered"": true}]",38,41,0.5122,0.4474,True,0,5,0,5,0.0,0.0,0.0,0.0,0.0,0.0,0.0,0.0,0.0,[],[]
mistralai_Mistral-7B-Instruct-v0.3,scenario-cq-constraints,2023-133-02,True,,57,True,True,True,5,3,0,0,1.0,1.0,1.0,True,True,6,0.8333,0.6325,"[{""cq_index"": 0, ""cq_text"": ""Is the medication intake by the patient caused by the presence of outdoor environmental allergen such as pollen or AQI?"", ""cq_token_count"": 11, ""covered_token_count"": 7, ""token_recall"": 0.6364, ""covered"": true}, {""cq_index"": 1, ""cq_text"": ""How much does the presence of an asthma symptom effect the intake of medication?"", ""cq_token_count"": 7, ""covered_token_count"": 5, ""token_recall"": 0.7143, ""covered"": true}, {""cq_index"": 2, ""cq_text"": ""How does an outdoor environmental allergen affect the patient?"", ""cq_token_count"": 5, ""covered_token_count"": 4, ""token_recall"": 0.8, ""covered"": true}, {""cq_index"": 3, ""cq_text"": ""What is the probable cause of the cough experienced by the patient?"", ""cq_token_count"": 5, ""covered_token_count"": 1, ""token_recall"": 0.2, ""covered"": false}, {""cq_index"": 4, ""cq_text"": ""What if pollen (or AQI) allergen was not present in the outdoor environment, how would it effect the intake of medication?"", ""cq_token_count"": 9, ""covered_token_count"": 7, ""token_recall"": 0.7778, ""covered"": true}, {""cq_index"": 5, ""cq_text"": ""What if the patient did not experience a cough, how would it effect the intake of medication?"", ""cq_token_count"": 6, ""covered_token_count"": 4, ""token_recall"": 0.6667, ""covered"": true}]",36,60,0.3,0.4722,True,5,5,3,5,0.0,0.0,0.0,0.0,0.0,0.0,0.0,0.0909,0.0,[],[]
mistralai_Mistral-7B-Instruct-v0.3,scenario-cq-constraints,2023-134-01,False,Could not parse ontology.ttl in turtle/xml/n3 formats.,0,False,False,False,0,0,0,0,0.0,0.0,0.0,True,False,8,1.0,1.0,"[{""cq_index"": 0, ""cq_text"": ""What is the unique identifier of the policy?"", ""cq_token_count"": 3, ""covered_token_count"": 3, ""token_recall"": 1.0, ""covered"": true}, {""cq_index"": 1, ""cq_text"": ""Who is the creator of the policy?"", ""cq_token_count"": 2, ""covered_token_count"": 2, ""token_recall"": 1.0, ""covered"": true}, {""cq_index"": 2, ""cq_text"": ""When was the policy issued?"", ""cq_token_count"": 2, ""covered_token_count"": 2, ""token_recall"": 1.0, ""covered"": true}, {""cq_index"": 3, ""cq_text"": ""Who is the assignee of the policy?"", ""cq_token_count"": 2, ""covered_token_count"": 2, ""token_recall"": 1.0, ""covered"": true}, {""cq_index"": 4, ""cq_text"": ""What application/service is being used to access the data?"", ""cq_token_count"": 5, ""covered_token_count"": 5, ""token_recall"": 1.0, ""covered"": true}, {""cq_index"": 5, ""cq_text"": ""What access mode is being requested?"", ""cq_token_count"": 4, ""covered_token_count"": 4, ""token_recall"": 1.0, ""covered"": true}, {""cq_index"": 6, ""cq_text"": ""What personal data is being accessed?"", ""cq_token_count"": 4, ""covered_token_count"": 4, ""token_recall"": 1.0, ""covered"": true}, {""cq_index"": 7, ""cq_text"": ""What is the purpose for accessing the data?"", ""cq_token_count"": 3, ""covered_token_count"": 3, ""token_recall"": 1.0, ""covered"": true}]",44,88,0.0909,0.5,True,0,0,0,0,0.0,0.0,0.0,0.0,0.0,0.0,1.0,1.0,0.0,[],[]
mistralai_Mistral-7B-Instruct-v0.3,scenario-cq-constraints,2023-134-02,True,,54,True,True,True,5,5,1,0,1.0,1.0,1.0,True,True,6,1.0,0.7825,"[{""cq_index"": 0, ""cq_text"": ""What type of action, e.g., create, update, erase, is being performed on the data?"", ""cq_token_count"": 7, ""covered_token_count"": 3, ""token_recall"": 0.4286, ""covered"": true}, {""cq_index"": 1, ""cq_text"": ""Who is the entity interacting with the data?"", ""cq_token_count"": 3, ""covered_token_count"": 3, ""token_recall"": 1.0, ""covered"": true}, {""cq_index"": 2, ""cq_text"": ""Who is the entity publishing the log?"", ""cq_token_count"": 3, ""covered_token_count"": 3, ""token_recall"": 1.0, ""covered"": true}, {""cq_index"": 3, ""cq_text"": ""When was the log issued?"", ""cq_token_count"": 2, ""covered_token_count"": 2, ""token_recall"": 1.0, ""covered"": true}, {""cq_index"": 4, ""cq_text"": ""Where is the data being stored?"", ""cq_token_count"": 3, ""covered_token_count"": 2, ""token_recall"": 0.6667, ""covered"": true}, {""cq_index"": 5, ""cq_text"": ""What application/service is being used to generate the data, if any?"", ""cq_token_count"": 5, ""covered_token_count"": 3, ""token_recall"": 0.6, ""covered"": true}]",32,88,0.0909,0.4688,True,5,0,6,0,0.0,0.0,0.0,0.0,0.0,0.0,0.0,0.0,0.0,[],[]
mistralai_Mistral-7B-Instruct-v0.3,scenario-cq-constraints,2023-134-03,False,Could not parse ontology.ttl in turtle/xml/n3 formats.,0,False,False,False,0,0,0,0,0.0,0.0,0.0,True,False,5,1.0,0.9,"[{""cq_index"": 0, ""cq_text"": ""Who is maintaining the registry?"", ""cq_token_count"": 2, ""covered_token_count"": 2, ""token_recall"": 1.0, ""covered"": true}, {""cq_index"": 1, ""cq_text"": ""When was the registry created/updated?"", ""cq_token_count"": 3, ""covered_token_count"": 3, ""token_recall"": 1.0, ""covered"": true}, {""cq_index"": 2, ""cq_text"": ""What types of data are available?"", ""cq_token_count"": 2, ""covered_token_count"": 2, ""token_recall"": 1.0, ""covered"": true}, {""cq_index"": 3, ""cq_text"": ""Where is a specific type of data being stored?"", ""cq_token_count"": 4, ""covered_token_count"": 2, ""token_recall"": 0.5, ""covered"": true}, {""cq_index"": 4, ""cq_text"": ""What policy is associated with the data?"", ""cq_token_count"": 3, ""covered_token_count"": 3, ""token_recall"": 1.0, ""covered"": true}]",37,88,0.1136,0.5405,True,0,0,0,0,0.0,0.0,0.0,0.0,0.0,0.0,1.0,1.0,0.0,[],[]
mistralai_Mistral-7B-Instruct-v0.3,scenario-cq-constraints,2023-135-01,False,Could not parse ontology.ttl in turtle/xml/n3 formats.,0,False,False,False,0,0,0,0,0.0,0.0,0.0,True,False,3,0.3333,0.2592,"[{""cq_index"": 0, ""cq_text"": ""Under what pseudonym did the author C. S. Lewis published a collection of poems, Spirit in Bondage?"", ""cq_token_count"": 9, ""covered_token_count"": 4, ""token_recall"": 0.4444, ""covered"": true}, {""cq_index"": 1, ""cq_text"": ""What alternative did C. S. Lewis used to assume the role of a book writer?"", ""cq_token_count"": 6, ""covered_token_count"": 2, ""token_recall"": 0.3333, ""covered"": false}, {""cq_index"": 2, ""cq_text"": ""Show the trajectories of rivers which cross national parks?"", ""cq_token_count"": 5, ""covered_token_count"": 0, ""token_recall"": 0.0, ""covered"": false}]",38,10,0.7,0.6842,True,0,5,0,13,0.0,0.0,0.0,0.0,0.0,0.0,0.0,0.0,0.0,[],[]
mistralai_Mistral-7B-Instruct-v0.3,scenario-cq-constraints,2024-145-01,False,Could not parse ontology.ttl in turtle/xml/n3 formats.,0,False,False,False,0,0,0,0,0.0,0.0,0.0,True,False,7,0.8571,0.8929,"[{""cq_index"": 0, ""cq_text"": ""List all district courts in a given state."", ""cq_token_count"": 3, ""covered_token_count"": 3, ""token_recall"": 1.0, ""covered"": true}, {""cq_index"": 1, ""cq_text"": ""In which state is a given district court instance located?"", ""cq_token_count"": 5, ""covered_token_count"": 5, ""token_recall"": 1.0, ""covered"": true}, {""cq_index"": 2, ""cq_text"": ""How many districts are in a given state of India?"", ""cq_token_count"": 4, ""covered_token_count"": 1, ""token_recall"": 0.25, ""covered"": false}, {""cq_index"": 3, ""cq_text"": ""Which court has authority over a given court?"", ""cq_token_count"": 3, ""covered_token_count"": 3, ""token_recall"": 1.0, ""covered"": true}, {""cq_index"": 4, ""cq_text"": ""What is the check transaction type for a bad check?"", ""cq_token_count"": 3, ""covered_token_count"": 3, ""token_recall"": 1.0, ""covered"": true}, {""cq_index"": 5, ""cq_text"": ""When is a check payment of a bad check?"", ""cq_token_count"": 3, ""covered_token_count"": 3, ""token_recall"": 1.0, ""covered"": true}, {""cq_index"": 6, ""cq_text"": ""What is the transaction status of a given check payment?"", ""cq_token_count"": 4, ""covered_token_count"": 4, ""token_recall"": 1.0, ""covered"": true}]",45,17,0.5882,0.5556,False,0,0,0,0,0.0,0.0,0.0,0.0,0.0,0.0,0.0,0.0,0.0,[],[]
mistralai_Mistral-7B-Instruct-v0.3,scenario-cq-constraints,2025-147-01,True,,60,True,True,True,4,5,4,0,1.0,1.0,1.0,True,True,48,0.25,0.2903,"[{""cq_index"": 0, ""cq_text"": ""How are ships clearly identified?"", ""cq_token_count"": 3, ""covered_token_count"": 1, ""token_recall"": 0.3333, ""covered"": false}, {""cq_index"": 1, ""cq_text"": ""How are a ship's dimensions described?"", ""cq_token_count"": 3, ""covered_token_count"": 1, ""token_recall"": 0.3333, ""covered"": false}, {""cq_index"": 2, ""cq_text"": ""What information can be provided about the typical location of a ship?"", ""cq_token_count"": 5, ""covered_token_count"": 2, ""token_recall"": 0.4, ""covered"": true}, {""cq_index"": 3, ""cq_text"": ""Who can be the owner of a ship?"", ""cq_token_count"": 2, ""covered_token_count"": 2, ""token_recall"": 1.0, ""covered"": true}, {""cq_index"": 4, ""cq_text"": ""How is a ship's average speed over ground specified?"", ""cq_token_count"": 6, ""covered_token_count"": 5, ""token_recall"": 0.8333, ""covered"": true}, {""cq_index"": 5, ""cq_text"": ""How many container ships are registered under the German flag?"", ""cq_token_count"": 7, ""covered_token_count"": 2, ""token_recall"": 0.2857, ""covered"": false}, {""cq_index"": 6, ""cq_text"": ""How is the GPS antenna placed relatively to the ship's structure (bow, stern, port, starboard)?"", ""cq_token_count"": 10, ""covered_token_count"": 1, ""token_recall"": 0.1, ""covered"": false}, {""cq_index"": 7, ""cq_text"": ""Which organization owns the most ships?"", ""cq_token_count"": 4, ""covered_token_count"": 3, ""token_recall"": 0.75, ""covered"": true}, {""cq_index"": 8, ""cq_text"": ""What information can be provided about a ship route?"", ""cq_token_count"": 4, ""covered_token_count"": 2, ""token_recall"": 0.5, ""covered"": true}, {""cq_index"": 9, ""cq_text"": ""What information is known about a single trajectory part?"", ""cq_token_count"": 5, ""covered_token_count"": 2, ""token_recall"": 0.4, ""covered"": true}, {""cq_index"": 10, ""cq_text"": ""What types of trajectories are distinguished?"", ""cq_token_count"": 2, ""covered_token_count"": 0, ""token_recall"": 0.0, ""covered"": false}, {""cq_index"": 11, ""cq_text"": ""What unit does the draught of a ship have?"", ""cq_token_count"": 3, ""covered_token_count"": 2, ""token_recall"": 0.6667, ""covered"": true}, {""cq_index"": 12, ""cq_text"": ""What was the average speed over ground of the ship on route on day X?"", ""cq_token_count"": 7, ""covered_token_count"": 6, ""token_recall"": 0.8571, ""covered"": true}, {""cq_index"": 13, ""cq_text"": ""What route is predicted for ship X?"", ""cq_token_count"": 3, ""covered_token_count"": 2, ""token_recall"": 0.6667, ""covered"": true}, {""cq_index"": 14, ""cq_text"": ""What types of engines are used in ships?"", ""cq_token_count"": 2, ""covered_token_count"": 1, ""token_recall"": 0.5, ""covered"": true}, {""cq_index"": 15, ""cq_text"": ""What combinations of engines can exist?"", ""cq_token_count"": 3, ""covered_token_count"": 0, ""token_recall"": 0.0, ""covered"": false}, {""cq_index"": 16, ""cq_text"": ""What powers these ship engines?"", ""cq_token_count"": 4, ""covered_token_count"": 1, ""token_recall"": 0.25, ""covered"": false}, {""cq_index"": 17, ""cq_text"": ""What is driven by ship engines?"", ""cq_token_count"": 3, ""covered_token_count"": 1, ""token_recall"": 0.3333, ""covered"": false}, {""cq_index"": 18, ""cq_text"": ""What types of propulsion systems can ships have?"", ""cq_token_count"": 3, ""covered_token_count"": 1, ""token_recall"": 0.3333, ""covered"": false}, {""cq_index"": 19, ""cq_text"": ""What propulsion systems don't rely on an engine?"", ""cq_token_count"": 5, ""covered_token_count"": 1, ""token_recall"": 0.2, ""covered"": false}, {""cq_index"": 20, ""cq_text"": ""Which propulsion technologies are used by each individual propulsion system?"", ""cq_token_count"": 4, ""covered_token_count"": 0, ""token_recall"": 0.0, ""covered"": false}, {""cq_index"": 21, ""cq_text"": ""What falls under the category of propulsion technologies powered by engines?"", ""cq_token_count"": 7, ""covered_token_count"": 0, ""token_recall"": 0.0, ""covered"": false}, {""cq_index"": 22, ""cq_text"": ""What types of jet propulsors exist?"", ""cq_token_count"": 3, ""covered_token_count"": 0, ""token_recall"": 0.0, ""covered"": false}, {""cq_index"": 23, ""cq_text"": ""What types of bladed propulsors exist?"", ""cq_token_count"": 3, ""covered_token_count"": 0, ""token_recall"": 0.0, ""covered"": false}, {""cq_index"": 24, ""cq_text"": ""What types of blade propulsors follow a special design?"", ""cq_token_count"": 5, ""covered_token_count"": 0, ""token_recall"": 0.0, ""covered"": false}, {""cq_index"": 25, ""cq_text"": ""What properties describe a bladed propulsor?"", ""cq_token_count"": 4, ""covered_token_count"": 1, ""token_recall"": 0.25, ""covered"": false}, {""cq_index"": 26, ""cq_text"": ""What types of screw propellers can be used?"", ""cq_token_count"": 2, ""covered_token_count"": 0, ""token_recall"": 0.0, ""covered"": false}, {""cq_index"": 27, ""cq_text"": ""What is used to prevent cavitation on technologies for motorized propulsion?"", ""cq_token_count"": 5, ""covered_token_count"": 0, ""token_recall"": 0.0, ""covered"": false}, {""cq_index"": 28, ""cq_text"": ""What type of sails exist?"", ""cq_token_count"": 2, ""covered_token_count"": 0, ""token_recall"": 0.0, ""covered"": false}, {""cq_index"": 29, ""cq_text"": ""Which type of propulsion technologies can assist a motorized ship?"", ""cq_token_count"": 5, ""covered_token_count"": 1, ""token_recall"": 0.2, ""covered"": false}, {""cq_index"": 30, ""cq_text"": ""What fuel does ship X use to drive?"", ""cq_token_count"": 3, ""covered_token_count"": 2, ""token_recall"": 0.6667, ""covered"": true}, {""cq_index"": 31, ""cq_text"": ""How many engines power ship X?"", ""cq_token_count"": 4, ""covered_token_count"": 2, ""token_recall"": 0.5, ""covered"": true}, {""cq_index"": 32, ""cq_text"": ""What types of propellers are installed on ship X?"", ""cq_token_count"": 3, ""covered_token_count"": 1, ""token_recall"": 0.3333, ""covered"": false}, {""cq_index"": 33, ""cq_text"": ""What is the most common type of propeller?"", ""cq_token_count"": 3, ""covered_token_count"": 0, ""token_recall"": 0.0, ""covered"": false}, {""cq_index"": 34, ""cq_text"": ""How many ships have sails?"", ""cq_token_count"": 3, ""covered_token_count"": 1, ""token_recall"": 0.3333, ""covered"": false}, {""cq_index"": 35, ""cq_text"": ""Which ships use electric engines exclusively?"", ""cq_token_count"": 4, ""covered_token_count"": 1, ""token_recall"": 0.25, ""covered"": false}, {""cq_index"": 36, ""cq_text"": ""What motorized propulsion does a ship use that is assisted by wind propulsion?"", ""cq_token_count"": 5, ""covered_token_count"": 1, ""token_recall"": 0.2, ""covered"": false}, {""cq_index"": 37, ""cq_text"": ""How many supercavitating propellers does ship X use?"", ""cq_token_count"": 4, ""covered_token_count"": 1, ""token_recall"": 0.25, ""covered"": false}, {""cq_index"": 38, ""cq_text"": ""What diameter and how many blades does the fixed pitch propeller Y of ship X have?"", ""cq_token_count"": 7, ""covered_token_count"": 1, ""token_recall"": 0.1429, ""covered"": false}, {""cq_index"": 39, ""cq_text"": ""What is the least utilized wind assisted propulsion system?"", ""cq_token_count"": 6, ""covered_token_count"": 0, ""token_recall"": 0.0, ""covered"": false}, {""cq_index"": 40, ""cq_text"": ""What different kinds of data can be used to represent a ship?"", ""cq_token_count"": 5, ""covered_token_count"": 1, ""token_recall"": 0.2, ""covered"": false}, {""cq_index"": 41, ""cq_text"": ""How is sonar data of ships stored?"", ""cq_token_count"": 4, ""covered_token_count"": 1, ""token_recall"": 0.25, ""covered"": false}, {""cq_index"": 42, ""cq_text"": ""What image resources are available for a ship?"", ""cq_token_count"": 4, ""covered_token_count"": 1, ""token_recall"": 0.25, ""covered"": false}, {""cq_index"": 43, ""cq_text"": ""What textual information about a ship is available?"", ""cq_token_count"": 4, ""covered_token_count"": 1, ""token_recall"": 0.25, ""covered"": false}, {""cq_index"": 44, ""cq_text"": ""What does ship X look like?"", ""cq_token_count"": 3, ""covered_token_count"": 1, ""token_recall"": 0.3333, ""covered"": false}, {""cq_index"": 45, ""cq_text"": ""How does ship X sound like on a sonar?"", ""cq_token_count"": 4, ""covered_token_count"": 1, ""token_recall"": 0.25, ""covered"": false}, {""cq_index"": 46, ""cq_text"": ""What is the textual description of ship X?"", ""cq_token_count"": 3, ""covered_token_count"": 1, ""token_recall"": 0.3333, ""covered"": false}, {""cq_index"": 47, ""cq_text"": ""Are there ships without sonar signatures?"", ""cq_token_count"": 5, ""covered_token_count"": 1, ""token_recall"": 0.2, ""covered"": false}]",50,109,0.1284,0.42,True,4,1,9,8,0.0,0.0,0.0,0.0,0.0,0.0,0.0,0.0,0.0,[],[]
mistralai_Mistral-7B-Instruct-v0.3,scenario-cq-constraints,2025-149-01,True,,58,True,True,True,11,4,0,0,1.0,1.0,0.0,True,True,25,0.56,0.4399,"[{""cq_index"": 0, ""cq_text"": ""Can the ontology represent a relational database as a first-class schema entity?"", ""cq_token_count"": 8, ""covered_token_count"": 5, ""token_recall"": 0.625, ""covered"": true}, {""cq_index"": 1, ""cq_text"": ""Can the ontology represent tables belonging to a database?"", ""cq_token_count"": 5, ""covered_token_count"": 3, ""token_recall"": 0.6, ""covered"": true}, {""cq_index"": 2, ""cq_text"": ""Can the ontology represent columns belonging to a table?"", ""cq_token_count"": 5, ""covered_token_count"": 3, ""token_recall"": 0.6, ""covered"": true}, {""cq_index"": 3, ""cq_text"": ""Can the ontology represent primary-key relationships in the schema?"", ""cq_token_count"": 6, ""covered_token_count"": 2, ""token_recall"": 0.3333, ""covered"": false}, {""cq_index"": 4, ""cq_text"": ""Can the ontology represent foreign-key relationships and distinguish same-named columns across different tables when they are not semantically linked?"", ""cq_token_count"": 15, ""covered_token_count"": 4, ""token_recall"": 0.2667, ""covered"": false}, {""cq_index"": 5, ""cq_text"": ""Can the ontology define a policy for a specific agent?"", ""cq_token_count"": 5, ""covered_token_count"": 3, ""token_recall"": 0.6, ""covered"": true}, {""cq_index"": 6, ""cq_text"": ""Can a policy specify a high-level ReadAction?"", ""cq_token_count"": 5, ""covered_token_count"": 4, ""token_recall"": 0.8, ""covered"": true}, {""cq_index"": 7, ""cq_text"": ""Can a policy specify a high-level ModifyAction?"", ""cq_token_count"": 5, ""covered_token_count"": 4, ""token_recall"": 0.8, ""covered"": true}, {""cq_index"": 8, ""cq_text"": ""Can a policy specify a ViewActionScope for read operations?"", ""cq_token_count"": 5, ""covered_token_count"": 4, ""token_recall"": 0.8, ""covered"": true}, {""cq_index"": 9, ""cq_text"": ""Can a policy specify a ProcessActionScope for read operations?"", ""cq_token_count"": 5, ""covered_token_count"": 3, ""token_recall"": 0.6, ""covered"": true}, {""cq_index"": 10, ""cq_text"": ""Can a policy be defined at table level?"", ""cq_token_count"": 4, ""covered_token_count"": 3, ""token_recall"": 0.75, ""covered"": true}, {""cq_index"": 11, ""cq_text"": ""Can a policy be defined at column level?"", ""cq_token_count"": 4, ""covered_token_count"": 3, ""token_recall"": 0.75, ""covered"": true}, {""cq_index"": 12, ""cq_text"": ""Can a policy be defined at row level using conditions?"", ""cq_token_count"": 5, ""covered_token_count"": 2, ""token_recall"": 0.4, ""covered"": true}, {""cq_index"": 13, ""cq_text"": ""Can the ontology express a prohibited modify action on a table?"", ""cq_token_count"": 6, ""covered_token_count"": 3, ""token_recall"": 0.5, ""covered"": true}, {""cq_index"": 14, ""cq_text"": ""Can the ontology express a table-level read prohibition for processing?"", ""cq_token_count"": 7, ""covered_token_count"": 3, ""token_recall"": 0.4286, ""covered"": true}, {""cq_index"": 15, ""cq_text"": ""Can the ontology express a table-level read prohibition for viewing?"", ""cq_token_count"": 7, ""covered_token_count"": 3, ""token_recall"": 0.4286, ""covered"": true}, {""cq_index"": 16, ""cq_text"": ""Can the ontology express a conditional row-level read restriction for later enforcement?"", ""cq_token_count"": 9, ""covered_token_count"": 2, ""token_recall"": 0.2222, ""covered"": false}, {""cq_index"": 17, ""cq_text"": ""Can the ontology represent a SQL query as an AST-based semantic graph?"", ""cq_token_count"": 8, ""covered_token_count"": 0, ""token_recall"": 0.0, ""covered"": false}, {""cq_index"": 18, ""cq_text"": ""Can a SQL statement such as SelectStatement or UpdateStatement be mapped to its semantic action type?"", ""cq_token_count"": 8, ""covered_token_count"": 1, ""token_recall"": 0.125, ""covered"": false}, {""cq_index"": 19, ""cq_text"": ""Can a query statement be linked to the executing agent?"", ""cq_token_count"": 5, ""covered_token_count"": 1, ""token_recall"": 0.2, ""covered"": false}, {""cq_index"": 20, ""cq_text"": ""Can SQL clauses be assigned operational scopes such as view or process?"", ""cq_token_count"": 8, ""covered_token_count"": 2, ""token_recall"": 0.25, ""covered"": false}, {""cq_index"": 21, ""cq_text"": ""Can scope be propagated to reference nodes as an effectiveActionScope?"", ""cq_token_count"": 5, ""covered_token_count"": 1, ""token_recall"": 0.2, ""covered"": false}, {""cq_index"": 22, ""cq_text"": ""Can a TableRef in the query be linked to its corresponding schema Table?"", ""cq_token_count"": 6, ""covered_token_count"": 1, ""token_recall"": 0.1667, ""covered"": false}, {""cq_index"": 23, ""cq_text"": ""Can a ColumnRef in the query be linked to its corresponding schema Column?"", ""cq_token_count"": 6, ""covered_token_count"": 1, ""token_recall"": 0.1667, ""covered"": false}, {""cq_index"": 24, ""cq_text"": ""Can the reasoner infer whether a referenced table or column is Violated or RowTag based on the matching policy, action, and scope?"", ""cq_token_count"": 13, ""covered_token_count"": 5, ""token_recall"": 0.3846, ""covered"": false}]",38,10,0.3,0.2368,True,11,48,4,41,0.5455,0.125,0.2034,1.0,0.0976,0.1778,0.125,0.1463,0.1906,"[""database"", ""table"", ""column"", ""policy"", ""action"", ""view action scope""]","[""has table"", ""has column"", ""has primary key"", ""has foreign key""]"
mistralai_Mistral-7B-Instruct-v0.3,scenario-cq-constraints,2025-150-01,False,Could not parse ontology.ttl in turtle/xml/n3 formats.,0,False,False,False,0,0,0,0,0.0,0.0,0.0,True,False,32,0.3125,0.3167,"[{""cq_index"": 0, ""cq_text"": ""Which MQTT Clients are connected to which Broker?"", ""cq_token_count"": 4, ""covered_token_count"": 3, ""token_recall"": 0.75, ""covered"": true}, {""cq_index"": 1, ""cq_text"": ""Which MQTT NetworkConnections exist, are they TLS-secured, and who initiated/accepted them?"", ""cq_token_count"": 9, ""covered_token_count"": 5, ""token_recall"": 0.5556, ""covered"": true}, {""cq_index"": 2, ""cq_text"": ""Which MQTT participants (Clients/Brokers) use which MQTT NetworkConnections?"", ""cq_token_count"": 5, ""covered_token_count"": 3, ""token_recall"": 0.6, ""covered"": true}, {""cq_index"": 3, ""cq_text"": ""Which MQTT Clients with which ClientIDs run on which SOSA platforms?"", ""cq_token_count"": 6, ""covered_token_count"": 2, ""token_recall"": 0.3333, ""covered"": false}, {""cq_index"": 4, ""cq_text"": ""Which MQTT Clients are hosting which SOSA systems (sensors/actuators)?"", ""cq_token_count"": 7, ""covered_token_count"": 3, ""token_recall"": 0.4286, ""covered"": true}, {""cq_index"": 5, ""cq_text"": ""What host/port is a MQTT Broker configured with?"", ""cq_token_count"": 5, ""covered_token_count"": 4, ""token_recall"": 0.8, ""covered"": true}, {""cq_index"": 6, ""cq_text"": ""Which SOSA sensors publish to which MQTT Topics (observations)?"", ""cq_token_count"": 6, ""covered_token_count"": 2, ""token_recall"": 0.3333, ""covered"": false}, {""cq_index"": 7, ""cq_text"": ""Which SOSA actuators listen to which MQTT Topics (commands)?"", ""cq_token_count"": 6, ""covered_token_count"": 2, ""token_recall"": 0.3333, ""covered"": false}, {""cq_index"": 8, ""cq_text"": ""Which SOSA FeaturesOfInterest, Properties etc. appear as MQTT TopicSubjects and on which MQTT Topics?"", ""cq_token_count"": 8, ""covered_token_count"": 2, ""token_recall"": 0.25, ""covered"": false}, {""cq_index"": 9, ""cq_text"": ""Which MQTT Topic Filters match a given MQTT Topic?"", ""cq_token_count"": 4, ""covered_token_count"": 1, ""token_recall"": 0.25, ""covered"": false}, {""cq_index"": 10, ""cq_text"": ""Which MQTT Topics are matched by a given MQTT Topic Filter?"", ""cq_token_count"": 5, ""covered_token_count"": 1, ""token_recall"": 0.2, ""covered"": false}, {""cq_index"": 11, ""cq_text"": ""Which MQTT filter patterns (with wildcards) are stored?"", ""cq_token_count"": 5, ""covered_token_count"": 1, ""token_recall"": 0.2, ""covered"": false}, {""cq_index"": 12, ""cq_text"": ""Which MQTT Clients send which MQTT Control Packets?"", ""cq_token_count"": 5, ""covered_token_count"": 2, ""token_recall"": 0.4, ""covered"": true}, {""cq_index"": 13, ""cq_text"": ""Which MQTT PUBLISH/SUBSCRIBE/UNSUBSCRIBE packets were sent (specializations)?"", ""cq_token_count"": 7, ""covered_token_count"": 2, ""token_recall"": 0.2857, ""covered"": false}, {""cq_index"": 14, ""cq_text"": ""Which MQTT Brokers receive/forward which MQTT Control Packets?"", ""cq_token_count"": 6, ""covered_token_count"": 3, ""token_recall"": 0.5, ""covered"": true}, {""cq_index"": 15, ""cq_text"": ""Which MQTT Control Packets were sent by which Client (inverse)?"", ""cq_token_count"": 6, ""covered_token_count"": 3, ""token_recall"": 0.5, ""covered"": true}, {""cq_index"": 16, ""cq_text"": ""Which MQTT Publish packets carry Observations for a specific SOSA FeatureOfInterest or Property?"", ""cq_token_count"": 9, ""covered_token_count"": 4, ""token_recall"": 0.4444, ""covered"": true}, {""cq_index"": 17, ""cq_text"": ""Which MQTT SUBSCRIBE packets request QoS=2 and for which filters?"", ""cq_token_count"": 6, ""covered_token_count"": 2, ""token_recall"": 0.3333, ""covered"": false}, {""cq_index"": 18, ""cq_text"": ""Which MQTT UNSUBSCRIBE packets remove all filters under a certain path (e.g. 'factory/centering/#')?"", ""cq_token_count"": 10, ""covered_token_count"": 2, ""token_recall"": 0.2, ""covered"": false}, {""cq_index"": 19, ""cq_text"": ""Which MQTT Control Packet has which Fixed Header / Variable Header / Payload?"", ""cq_token_count"": 7, ""covered_token_count"": 1, ""token_recall"": 0.1429, ""covered"": false}, {""cq_index"": 20, ""cq_text"": ""Which MQTT PUBLISH packet has which MQTT Topic (name) in the Variable Header?"", ""cq_token_count"": 7, ""covered_token_count"": 1, ""token_recall"": 0.1429, ""covered"": false}, {""cq_index"": 21, ""cq_text"": ""Which QoS levels are set (in PUBLISH Fixed Header or SubscriptionEntry)?"", ""cq_token_count"": 7, ""covered_token_count"": 0, ""token_recall"": 0.0, ""covered"": false}, {""cq_index"": 22, ""cq_text"": ""Are RETAIN/DUP flags set in PUBLISH?"", ""cq_token_count"": 5, ""covered_token_count"": 0, ""token_recall"": 0.0, ""covered"": false}, {""cq_index"": 23, ""cq_text"": ""Which MQTT Control Packets have which PacketIdentifier?"", ""cq_token_count"": 4, ""covered_token_count"": 2, ""token_recall"": 0.5, ""covered"": true}, {""cq_index"": 24, ""cq_text"": ""Which MQTT SUBSCRIBE payloads contain which SubscriptionEntries?"", ""cq_token_count"": 5, ""covered_token_count"": 1, ""token_recall"": 0.2, ""covered"": false}, {""cq_index"": 25, ""cq_text"": ""Which MQTT Topic Filters (with QoS) are requested by a SubscriptionEntry?"", ""cq_token_count"": 6, ""covered_token_count"": 1, ""token_recall"": 0.1667, ""covered"": false}, {""cq_index"": 26, ""cq_text"": ""Which MQTT UNSUBSCRIBE payloads remove which MQTT TopicFilters?"", ""cq_token_count"": 5, ""covered_token_count"": 1, ""token_recall"": 0.2, ""covered"": false}, {""cq_index"": 27, ""cq_text"": ""Which MQTT PUBLISH payloads encode SOSA Observations (or Observation Collections)?"", ""cq_token_count"": 8, ""covered_token_count"": 2, ""token_recall"": 0.25, ""covered"": false}, {""cq_index"": 28, ""cq_text"": ""Which MQTT PUBLISH payloads encode SOSA Actuations (or Actuation Collections)?"", ""cq_token_count"": 8, ""covered_token_count"": 2, ""token_recall"": 0.25, ""covered"": false}, {""cq_index"": 29, ""cq_text"": ""Which fields are encoded in a MQTT payload?"", ""cq_token_count"": 4, ""covered_token_count"": 1, ""token_recall"": 0.25, ""covered"": false}, {""cq_index"": 30, ""cq_text"": ""What content, content type, encoding and delimiter does a MQTT PUBLISH payload have?"", ""cq_token_count"": 6, ""covered_token_count"": 1, ""token_recall"": 0.1667, ""covered"": false}, {""cq_index"": 31, ""cq_text"": ""What is the size of a MQTT payload (as QUDT QuantityValue with unit)?"", ""cq_token_count"": 6, ""covered_token_count"": 1, ""token_recall"": 0.1667, ""covered"": false}]",68,60,0.25,0.5735,True,0,9,0,11,0.0,0.0,0.0,0.0,0.0,0.0,0.0,0.0,0.0,[],[]
mistralai_Mistral-7B-Instruct-v0.3,scenario-cq-constraints,2025-151-01,False,Could not parse ontology.ttl in turtle/xml/n3 formats.,0,False,False,False,0,0,0,0,0.0,0.0,0.0,True,False,5,1.0,0.95,"[{""cq_index"": 0, ""cq_text"": ""What is the requested action?"", ""cq_token_count"": 2, ""covered_token_count"": 2, ""token_recall"": 1.0, ""covered"": true}, {""cq_index"": 1, ""cq_text"": ""Who is the party issuing the evaluation request?"", ""cq_token_count"": 4, ""covered_token_count"": 4, ""token_recall"": 1.0, ""covered"": true}, {""cq_index"": 2, ""cq_text"": ""What is the target asset of the evaluation request?"", ""cq_token_count"": 4, ""covered_token_count"": 4, ""token_recall"": 1.0, ""covered"": true}, {""cq_index"": 3, ""cq_text"": ""When was the evaluation request issued?"", ""cq_token_count"": 3, ""covered_token_count"": 3, ""token_recall"": 1.0, ""covered"": true}, {""cq_index"": 4, ""cq_text"": ""What additional contextual information can be included in the evaluation request to further constrain it?"", ""cq_token_count"": 8, ""covered_token_count"": 6, ""token_recall"": 0.75, ""covered"": true}]",48,25,0.52,0.625,True,0,1,0,5,0.0,0.0,0.0,0.0,0.0,0.0,0.0,0.0,0.0,[],[]
mistralai_Mistral-7B-Instruct-v0.3,scenario-cq-constraints,2025-151-02,True,,48,True,True,True,5,4,2,0,1.0,1.0,0.0,True,True,10,0.7,0.5874,"[{""cq_index"": 0, ""cq_text"": ""What is the current time?"", ""cq_token_count"": 2, ""covered_token_count"": 2, ""token_recall"": 1.0, ""covered"": true}, {""cq_index"": 1, ""cq_text"": ""What is the location of a party?"", ""cq_token_count"": 2, ""covered_token_count"": 2, ""token_recall"": 1.0, ""covered"": true}, {""cq_index"": 2, ""cq_text"": ""What assets are part of the asset collection of the policy that is being evaluated?"", ""cq_token_count"": 7, ""covered_token_count"": 3, ""token_recall"": 0.4286, ""covered"": true}, {""cq_index"": 3, ""cq_text"": ""Which parties are part of the party collection of the policy that is being evaluated?"", ""cq_token_count"": 7, ""covered_token_count"": 3, ""token_recall"": 0.4286, ""covered"": true}, {""cq_index"": 4, ""cq_text"": ""What actions were already performed or attempted?"", ""cq_token_count"": 4, ""covered_token_count"": 3, ""token_recall"": 0.75, ""covered"": true}, {""cq_index"": 5, ""cq_text"": ""How many times has a rule been exercised?"", ""cq_token_count"": 4, ""covered_token_count"": 1, ""token_recall"": 0.25, ""covered"": false}, {""cq_index"": 6, ""cq_text"": ""What information is available about an event that has occurred?"", ""cq_token_count"": 4, ""covered_token_count"": 3, ""token_recall"": 0.75, ""covered"": true}, {""cq_index"": 7, ""cq_text"": ""How long has a rule been exercised?"", ""cq_token_count"": 3, ""covered_token_count"": 1, ""token_recall"": 0.3333, ""covered"": false}, {""cq_index"": 8, ""cq_text"": ""Which recipients or categories of recipients can receive the result of the rule that has been exercised?"", ""cq_token_count"": 6, ""covered_token_count"": 2, ""token_recall"": 0.3333, ""covered"": false}, {""cq_index"": 9, ""cq_text"": ""Has a financial payment been made? What was the amount paid?"", ""cq_token_count"": 5, ""covered_token_count"": 3, ""token_recall"": 0.6, ""covered"": true}]",30,23,0.2174,0.2667,True,5,1,6,0,0.0,0.0,0.0,0.0,0.0,0.0,0.0,0.0,0.0,[],[]
mistralai_Mistral-7B-Instruct-v0.3,scenario-cq-constraints,2025-153-01,False,Could not parse ontology.ttl in turtle/xml/n3 formats.,0,False,False,False,0,0,0,0,0.0,0.0,0.0,True,False,8,0.75,0.4792,"[{""cq_index"": 0, ""cq_text"": ""Which entity does a persistent identifier currently reference?"", ""cq_token_count"": 5, ""covered_token_count"": 4, ""token_recall"": 0.8, ""covered"": true}, {""cq_index"": 1, ""cq_text"": ""Which entity was referenced at a past timestamp?"", ""cq_token_count"": 4, ""covered_token_count"": 1, ""token_recall"": 0.25, ""covered"": false}, {""cq_index"": 2, ""cq_text"": ""When did referent transitions occur?"", ""cq_token_count"": 3, ""covered_token_count"": 1, ""token_recall"": 0.3333, ""covered"": false}, {""cq_index"": 3, ""cq_text"": ""What observations are associated with specific referents?"", ""cq_token_count"": 4, ""covered_token_count"": 3, ""token_recall"": 0.75, ""covered"": true}, {""cq_index"": 4, ""cq_text"": ""What is the full sequence of referents over time?"", ""cq_token_count"": 5, ""covered_token_count"": 2, ""token_recall"": 0.4, ""covered"": true}, {""cq_index"": 5, ""cq_text"": ""Which rules triggered specific transitions?"", ""cq_token_count"": 4, ""covered_token_count"": 2, ""token_recall"": 0.5, ""covered"": true}, {""cq_index"": 6, ""cq_text"": ""Are there gaps or overlaps in temporal bindings?"", ""cq_token_count"": 5, ""covered_token_count"": 2, ""token_recall"": 0.4, ""covered"": true}, {""cq_index"": 7, ""cq_text"": ""Can complete context be rebuilt for any time point?"", ""cq_token_count"": 5, ""covered_token_count"": 2, ""token_recall"": 0.4, ""covered"": true}]",40,119,0.0756,0.575,True,0,11,0,22,0.0,0.0,0.0,0.0,0.0,0.0,0.0,0.0,0.0,[],[]
mistralai_Mistral-7B-Instruct-v0.3,scenario-cq-constraints,2026-155-01,False,Could not parse ontology.ttl in turtle/xml/n3 formats.,0,False,False,False,0,0,0,0,0.0,0.0,0.0,True,False,8,0.75,0.7708,"[{""cq_index"": 0, ""cq_text"": ""Which survey or investigation activities were performed on a given cultural property or on a specific feature of interest?"", ""cq_token_count"": 9, ""covered_token_count"": 9, ""token_recall"": 1.0, ""covered"": true}, {""cq_index"": 1, ""cq_text"": ""Which method or investigation technique was adopted in a specific survey or investigation activity?"", ""cq_token_count"": 7, ""covered_token_count"": 7, ""token_recall"": 1.0, ""covered"": true}, {""cq_index"": 2, ""cq_text"": ""Which observations were produced during a given survey or investigation activity?"", ""cq_token_count"": 6, ""covered_token_count"": 6, ""token_recall"": 1.0, ""covered"": true}, {""cq_index"": 3, ""cq_text"": ""Which experts participated in the survey or investigation activity, and with which roles?"", ""cq_token_count"": 6, ""covered_token_count"": 5, ""token_recall"": 0.8333, ""covered"": true}, {""cq_index"": 4, ""cq_text"": ""Which hardware, software, and technical configurations were used to conduct a specific survey or investigation activity?"", ""cq_token_count"": 9, ""covered_token_count"": 9, ""token_recall"": 1.0, ""covered"": true}, {""cq_index"": 5, ""cq_text"": ""What interpretations or claims are supported by the observations produced during a survey?"", ""cq_token_count"": 7, ""covered_token_count"": 7, ""token_recall"": 1.0, ""covered"": true}, {""cq_index"": 6, ""cq_text"": ""How are post-processed outputs (e.g., interactive images, spectra, datasets) related to the underlying acquisition or observation activities?"", ""cq_token_count"": 12, ""covered_token_count"": 2, ""token_recall"": 0.1667, ""covered"": false}, {""cq_index"": 7, ""cq_text"": ""Which acquisition parameters (e.g., exposure time, ISO, aperture) characterised a specific photographic acquisition cycle within a survey?"", ""cq_token_count"": 12, ""covered_token_count"": 2, ""token_recall"": 0.1667, ""covered"": false}]",52,20,0.7,0.3269,True,0,22,0,32,0.0,0.0,0.0,0.0,0.0,0.0,0.0,0.0,0.0,[],[]
mistralai_Mistral-7B-Instruct-v0.3,scenario-cq-reasoning,2023-133-01,False,Could not parse ontology.ttl in turtle/xml/n3 formats.,0,False,False,False,0,0,0,0,0.0,0.0,0.0,False,False,4,0.0,0.0813,"[{""cq_index"": 0, ""cq_text"": ""What events are responsible for the pavement being slippery?"", ""cq_token_count"": 5, ""covered_token_count"": 0, ""token_recall"": 0.0, ""covered"": false}, {""cq_index"": 1, ""cq_text"": ""What would be the outcome of turning the sprinkler system on(off)?"", ""cq_token_count"": 5, ""covered_token_count"": 1, ""token_recall"": 0.2, ""covered"": false}, {""cq_index"": 2, ""cq_text"": ""How strong is the causal link between the sprinkler being on and the pavement being wet?"", ""cq_token_count"": 8, ""covered_token_count"": 1, ""token_recall"": 0.125, ""covered"": false}, {""cq_index"": 3, ""cq_text"": ""What if the pavement is not wet, how would it effect the pavement being slippery?"", ""cq_token_count"": 5, ""covered_token_count"": 0, ""token_recall"": 0.0, ""covered"": false}]",8,41,0.0732,0.625,True,0,5,0,5,0.0,0.0,0.0,0.0,0.0,0.0,0.0,0.0,0.0,[],[]
mistralai_Mistral-7B-Instruct-v0.3,scenario-cq-reasoning,2023-133-02,False,Could not parse ontology.ttl in turtle/xml/n3 formats.,0,False,False,False,0,0,0,0,0.0,0.0,0.0,False,False,6,0.6667,0.4651,"[{""cq_index"": 0, ""cq_text"": ""Is the medication intake by the patient caused by the presence of outdoor environmental allergen such as pollen or AQI?"", ""cq_token_count"": 11, ""covered_token_count"": 4, ""token_recall"": 0.3636, ""covered"": false}, {""cq_index"": 1, ""cq_text"": ""How much does the presence of an asthma symptom effect the intake of medication?"", ""cq_token_count"": 7, ""covered_token_count"": 4, ""token_recall"": 0.5714, ""covered"": true}, {""cq_index"": 2, ""cq_text"": ""How does an outdoor environmental allergen affect the patient?"", ""cq_token_count"": 5, ""covered_token_count"": 3, ""token_recall"": 0.6, ""covered"": true}, {""cq_index"": 3, ""cq_text"": ""What is the probable cause of the cough experienced by the patient?"", ""cq_token_count"": 5, ""covered_token_count"": 1, ""token_recall"": 0.2, ""covered"": false}, {""cq_index"": 4, ""cq_text"": ""What if pollen (or AQI) allergen was not present in the outdoor environment, how would it effect the intake of medication?"", ""cq_token_count"": 9, ""covered_token_count"": 5, ""token_recall"": 0.5556, ""covered"": true}, {""cq_index"": 5, ""cq_text"": ""What if the patient did not experience a cough, how would it effect the intake of medication?"", ""cq_token_count"": 6, ""covered_token_count"": 3, ""token_recall"": 0.5, ""covered"": true}]",28,60,0.1333,0.6786,True,0,5,0,5,0.0,0.0,0.0,0.0,0.0,0.0,0.0,0.0,0.0,[],[]
mistralai_Mistral-7B-Instruct-v0.3,scenario-cq-reasoning,2023-134-01,False,Could not parse ontology.ttl in turtle/xml/n3 formats.,0,False,False,False,0,0,0,0,0.0,0.0,0.0,False,False,8,1.0,0.6167,"[{""cq_index"": 0, ""cq_text"": ""What is the unique identifier of the policy?"", ""cq_token_count"": 3, ""covered_token_count"": 2, ""token_recall"": 0.6667, ""covered"": true}, {""cq_index"": 1, ""cq_text"": ""Who is the creator of the policy?"", ""cq_token_count"": 2, ""covered_token_count"": 1, ""token_recall"": 0.5, ""covered"": true}, {""cq_index"": 2, ""cq_text"": ""When was the policy issued?"", ""cq_token_count"": 2, ""covered_token_count"": 1, ""token_recall"": 0.5, ""covered"": true}, {""cq_index"": 3, ""cq_text"": ""Who is the assignee of the policy?"", ""cq_token_count"": 2, ""covered_token_count"": 2, ""token_recall"": 1.0, ""covered"": true}, {""cq_index"": 4, ""cq_text"": ""What application/service is being used to access the data?"", ""cq_token_count"": 5, ""covered_token_count"": 3, ""token_recall"": 0.6, ""covered"": true}, {""cq_index"": 5, ""cq_text"": ""What access mode is being requested?"", ""cq_token_count"": 4, ""covered_token_count"": 2, ""token_recall"": 0.5, ""covered"": true}, {""cq_index"": 6, ""cq_text"": ""What personal data is being accessed?"", ""cq_token_count"": 4, ""covered_token_count"": 2, ""token_recall"": 0.5, ""covered"": true}, {""cq_index"": 7, ""cq_text"": ""What is the purpose for accessing the data?"", ""cq_token_count"": 3, ""covered_token_count"": 2, ""token_recall"": 0.6667, ""covered"": true}]",37,88,0.0909,0.5946,True,0,0,0,0,0.0,0.0,0.0,0.0,0.0,0.0,1.0,1.0,0.0,[],[]
mistralai_Mistral-7B-Instruct-v0.3,scenario-cq-reasoning,2023-134-02,False,Could not parse ontology.ttl in turtle/xml/n3 formats.,0,False,False,False,0,0,0,0,0.0,0.0,0.0,False,False,6,0.6667,0.477,"[{""cq_index"": 0, ""cq_text"": ""What type of action, e.g., create, update, erase, is being performed on the data?"", ""cq_token_count"": 7, ""covered_token_count"": 3, ""token_recall"": 0.4286, ""covered"": true}, {""cq_index"": 1, ""cq_text"": ""Who is the entity interacting with the data?"", ""cq_token_count"": 3, ""covered_token_count"": 1, ""token_recall"": 0.3333, ""covered"": false}, {""cq_index"": 2, ""cq_text"": ""Who is the entity publishing the log?"", ""cq_token_count"": 3, ""covered_token_count"": 1, ""token_recall"": 0.3333, ""covered"": false}, {""cq_index"": 3, ""cq_text"": ""When was the log issued?"", ""cq_token_count"": 2, ""covered_token_count"": 1, ""token_recall"": 0.5, ""covered"": true}, {""cq_index"": 4, ""cq_text"": ""Where is the data being stored?"", ""cq_token_count"": 3, ""covered_token_count"": 2, ""token_recall"": 0.6667, ""covered"": true}, {""cq_index"": 5, ""cq_text"": ""What application/service is being used to generate the data, if any?"", ""cq_token_count"": 5, ""covered_token_count"": 3, ""token_recall"": 0.6, ""covered"": true}]",47,88,0.2159,0.4894,True,0,0,0,0,0.0,0.0,0.0,0.0,0.0,0.0,1.0,1.0,0.0,[],[]
mistralai_Mistral-7B-Instruct-v0.3,scenario-cq-reasoning,2023-134-03,False,Could not parse ontology.ttl in turtle/xml/n3 formats.,0,False,False,False,0,0,0,0,0.0,0.0,0.0,False,False,5,0.8,0.5833,"[{""cq_index"": 0, ""cq_text"": ""Who is maintaining the registry?"", ""cq_token_count"": 2, ""covered_token_count"": 1, ""token_recall"": 0.5, ""covered"": true}, {""cq_index"": 1, ""cq_text"": ""When was the registry created/updated?"", ""cq_token_count"": 3, ""covered_token_count"": 3, ""token_recall"": 1.0, ""covered"": true}, {""cq_index"": 2, ""cq_text"": ""What types of data are available?"", ""cq_token_count"": 2, ""covered_token_count"": 1, ""token_recall"": 0.5, ""covered"": true}, {""cq_index"": 3, ""cq_text"": ""Where is a specific type of data being stored?"", ""cq_token_count"": 4, ""covered_token_count"": 1, ""token_recall"": 0.25, ""covered"": false}, {""cq_index"": 4, ""cq_text"": ""What policy is associated with the data?"", ""cq_token_count"": 3, ""covered_token_count"": 2, ""token_recall"": 0.6667, ""covered"": true}]",31,88,0.1136,0.5484,True,0,0,0,0,0.0,0.0,0.0,0.0,0.0,0.0,1.0,1.0,0.0,[],[]
mistralai_Mistral-7B-Instruct-v0.3,scenario-cq-reasoning,2023-135-01,False,Could not parse ontology.ttl in turtle/xml/n3 formats.,0,False,False,False,0,0,0,0,0.0,0.0,0.0,False,False,3,0.3333,0.2037,"[{""cq_index"": 0, ""cq_text"": ""Under what pseudonym did the author C. S. Lewis published a collection of poems, Spirit in Bondage?"", ""cq_token_count"": 9, ""covered_token_count"": 4, ""token_recall"": 0.4444, ""covered"": true}, {""cq_index"": 1, ""cq_text"": ""What alternative did C. S. Lewis used to assume the role of a book writer?"", ""cq_token_count"": 6, ""covered_token_count"": 1, ""token_recall"": 0.1667, ""covered"": false}, {""cq_index"": 2, ""cq_text"": ""Show the trajectories of rivers which cross national parks?"", ""cq_token_count"": 5, ""covered_token_count"": 0, ""token_recall"": 0.0, ""covered"": false}]",30,10,0.7,0.6333,True,0,5,0,13,0.0,0.0,0.0,0.0,0.0,0.0,0.0,0.0,0.0,[],[]
mistralai_Mistral-7B-Instruct-v0.3,scenario-cq-reasoning,2024-145-01,False,Could not parse ontology.ttl in turtle/xml/n3 formats.,0,False,False,False,0,0,0,0,0.0,0.0,0.0,False,False,7,0.0,0.0,"[{""cq_index"": 0, ""cq_text"": ""List all district courts in a given state."", ""cq_token_count"": 3, ""covered_token_count"": 0, ""token_recall"": 0.0, ""covered"": false}, {""cq_index"": 1, ""cq_text"": ""In which state is a given district court instance located?"", ""cq_token_count"": 5, ""covered_token_count"": 0, ""token_recall"": 0.0, ""covered"": false}, {""cq_index"": 2, ""cq_text"": ""How many districts are in a given state of India?"", ""cq_token_count"": 4, ""covered_token_count"": 0, ""token_recall"": 0.0, ""covered"": false}, {""cq_index"": 3, ""cq_text"": ""Which court has authority over a given court?"", ""cq_token_count"": 3, ""covered_token_count"": 0, ""token_recall"": 0.0, ""covered"": false}, {""cq_index"": 4, ""cq_text"": ""What is the check transaction type for a bad check?"", ""cq_token_count"": 3, ""covered_token_count"": 0, ""token_recall"": 0.0, ""covered"": false}, {""cq_index"": 5, ""cq_text"": ""When is a check payment of a bad check?"", ""cq_token_count"": 3, ""covered_token_count"": 0, ""token_recall"": 0.0, ""covered"": false}, {""cq_index"": 6, ""cq_text"": ""What is the transaction status of a given check payment?"", ""cq_token_count"": 4, ""covered_token_count"": 0, ""token_recall"": 0.0, ""covered"": false}]",6,17,0.1765,0.5,False,0,0,0,0,0.0,0.0,0.0,0.0,0.0,0.0,0.0,0.0,0.0,[],[]
mistralai_Mistral-7B-Instruct-v0.3,scenario-cq-reasoning,2025-147-01,False,Could not parse ontology.ttl in turtle/xml/n3 formats.,0,False,False,False,0,0,0,0,0.0,0.0,0.0,False,False,48,0.0208,0.0592,"[{""cq_index"": 0, ""cq_text"": ""How are ships clearly identified?"", ""cq_token_count"": 3, ""covered_token_count"": 1, ""token_recall"": 0.3333, ""covered"": false}, {""cq_index"": 1, ""cq_text"": ""How are a ship's dimensions described?"", ""cq_token_count"": 3, ""covered_token_count"": 0, ""token_recall"": 0.0, ""covered"": false}, {""cq_index"": 2, ""cq_text"": ""What information can be provided about the typical location of a ship?"", ""cq_token_count"": 5, ""covered_token_count"": 0, ""token_recall"": 0.0, ""covered"": false}, {""cq_index"": 3, ""cq_text"": ""Who can be the owner of a ship?"", ""cq_token_count"": 2, ""covered_token_count"": 0, ""token_recall"": 0.0, ""covered"": false}, {""cq_index"": 4, ""cq_text"": ""How is a ship's average speed over ground specified?"", ""cq_token_count"": 6, ""covered_token_count"": 0, ""token_recall"": 0.0, ""covered"": false}, {""cq_index"": 5, ""cq_text"": ""How many container ships are registered under the German flag?"", ""cq_token_count"": 7, ""covered_token_count"": 1, ""token_recall"": 0.1429, ""covered"": false}, {""cq_index"": 6, ""cq_text"": ""How is the GPS antenna placed relatively to the ship's structure (bow, stern, port, starboard)?"", ""cq_token_count"": 10, ""covered_token_count"": 0, ""token_recall"": 0.0, ""covered"": false}, {""cq_index"": 7, ""cq_text"": ""Which organization owns the most ships?"", ""cq_token_count"": 4, ""covered_token_count"": 1, ""token_recall"": 0.25, ""covered"": false}, {""cq_index"": 8, ""cq_text"": ""What information can be provided about a ship route?"", ""cq_token_count"": 4, ""covered_token_count"": 0, ""token_recall"": 0.0, ""covered"": false}, {""cq_index"": 9, ""cq_text"": ""What information is known about a single trajectory part?"", ""cq_token_count"": 5, ""covered_token_count"": 0, ""token_recall"": 0.0, ""covered"": false}, {""cq_index"": 10, ""cq_text"": ""What types of trajectories are distinguished?"", ""cq_token_count"": 2, ""covered_token_count"": 0, ""token_recall"": 0.0, ""covered"": false}, {""cq_index"": 11, ""cq_text"": ""What unit does the draught of a ship have?"", ""cq_token_count"": 3, ""covered_token_count"": 0, ""token_recall"": 0.0, ""covered"": false}, {""cq_index"": 12, ""cq_text"": ""What was the average speed over ground of the ship on route on day X?"", ""cq_token_count"": 7, ""covered_token_count"": 0, ""token_recall"": 0.0, ""covered"": false}, {""cq_index"": 13, ""cq_text"": ""What route is predicted for ship X?"", ""cq_token_count"": 3, ""covered_token_count"": 0, ""token_recall"": 0.0, ""covered"": false}, {""cq_index"": 14, ""cq_text"": ""What types of engines are used in ships?"", ""cq_token_count"": 2, ""covered_token_count"": 1, ""token_recall"": 0.5, ""covered"": true}, {""cq_index"": 15, ""cq_text"": ""What combinations of engines can exist?"", ""cq_token_count"": 3, ""covered_token_count"": 0, ""token_recall"": 0.0, ""covered"": false}, {""cq_index"": 16, ""cq_text"": ""What powers these ship engines?"", ""cq_token_count"": 4, ""covered_token_count"": 0, ""token_recall"": 0.0, ""covered"": false}, {""cq_index"": 17, ""cq_text"": ""What is driven by ship engines?"", ""cq_token_count"": 3, ""covered_token_count"": 0, ""token_recall"": 0.0, ""covered"": false}, {""cq_index"": 18, ""cq_text"": ""What types of propulsion systems can ships have?"", ""cq_token_count"": 3, ""covered_token_count"": 1, ""token_recall"": 0.3333, ""covered"": false}, {""cq_index"": 19, ""cq_text"": ""What propulsion systems don't rely on an engine?"", ""cq_token_count"": 5, ""covered_token_count"": 0, ""token_recall"": 0.0, ""covered"": false}, {""cq_index"": 20, ""cq_text"": ""Which propulsion technologies are used by each individual propulsion system?"", ""cq_token_count"": 4, ""covered_token_count"": 0, ""token_recall"": 0.0, ""covered"": false}, {""cq_index"": 21, ""cq_text"": ""What falls under the category of propulsion technologies powered by engines?"", ""cq_token_count"": 7, ""covered_token_count"": 0, ""token_recall"": 0.0, ""covered"": false}, {""cq_index"": 22, ""cq_text"": ""What types of jet propulsors exist?"", ""cq_token_count"": 3, ""covered_token_count"": 0, ""token_recall"": 0.0, ""covered"": false}, {""cq_index"": 23, ""cq_text"": ""What types of bladed propulsors exist?"", ""cq_token_count"": 3, ""covered_token_count"": 0, ""token_recall"": 0.0, ""covered"": false}, {""cq_index"": 24, ""cq_text"": ""What types of blade propulsors follow a special design?"", ""cq_token_count"": 5, ""covered_token_count"": 0, ""token_recall"": 0.0, ""covered"": false}, {""cq_index"": 25, ""cq_text"": ""What properties describe a bladed propulsor?"", ""cq_token_count"": 4, ""covered_token_count"": 1, ""token_recall"": 0.25, ""covered"": false}, {""cq_index"": 26, ""cq_text"": ""What types of screw propellers can be used?"", ""cq_token_count"": 2, ""covered_token_count"": 0, ""token_recall"": 0.0, ""covered"": false}, {""cq_index"": 27, ""cq_text"": ""What is used to prevent cavitation on technologies for motorized propulsion?"", ""cq_token_count"": 5, ""covered_token_count"": 0, ""token_recall"": 0.0, ""covered"": false}, {""cq_index"": 28, ""cq_text"": ""What type of sails exist?"", ""cq_token_count"": 2, ""covered_token_count"": 0, ""token_recall"": 0.0, ""covered"": false}, {""cq_index"": 29, ""cq_text"": ""Which type of propulsion technologies can assist a motorized ship?"", ""cq_token_count"": 5, ""covered_token_count"": 0, ""token_recall"": 0.0, ""covered"": false}, {""cq_index"": 30, ""cq_text"": ""What fuel does ship X use to drive?"", ""cq_token_count"": 3, ""covered_token_count"": 0, ""token_recall"": 0.0, ""covered"": false}, {""cq_index"": 31, ""cq_text"": ""How many engines power ship X?"", ""cq_token_count"": 4, ""covered_token_count"": 0, ""token_recall"": 0.0, ""covered"": false}, {""cq_index"": 32, ""cq_text"": ""What types of propellers are installed on ship X?"", ""cq_token_count"": 3, ""covered_token_count"": 0, ""token_recall"": 0.0, ""covered"": false}, {""cq_index"": 33, ""cq_text"": ""What is the most common type of propeller?"", ""cq_token_count"": 3, ""covered_token_count"": 0, ""token_recall"": 0.0, ""covered"": false}, {""cq_index"": 34, ""cq_text"": ""How many ships have sails?"", ""cq_token_count"": 3, ""covered_token_count"": 1, ""token_recall"": 0.3333, ""covered"": false}, {""cq_index"": 35, ""cq_text"": ""Which ships use electric engines exclusively?"", ""cq_token_count"": 4, ""covered_token_count"": 1, ""token_recall"": 0.25, ""covered"": false}, {""cq_index"": 36, ""cq_text"": ""What motorized propulsion does a ship use that is assisted by wind propulsion?"", ""cq_token_count"": 5, ""covered_token_count"": 0, ""token_recall"": 0.0, ""covered"": false}, {""cq_index"": 37, ""cq_text"": ""How many supercavitating propellers does ship X use?"", ""cq_token_count"": 4, ""covered_token_count"": 0, ""token_recall"": 0.0, ""covered"": false}, {""cq_index"": 38, ""cq_text"": ""What diameter and how many blades does the fixed pitch propeller Y of ship X have?"", ""cq_token_count"": 7, ""covered_token_count"": 0, ""token_recall"": 0.0, ""covered"": false}, {""cq_index"": 39, ""cq_text"": ""What is the least utilized wind assisted propulsion system?"", ""cq_token_count"": 6, ""covered_token_count"": 0, ""token_recall"": 0.0, ""covered"": false}, {""cq_index"": 40, ""cq_text"": ""What different kinds of data can be used to represent a ship?"", ""cq_token_count"": 5, ""covered_token_count"": 0, ""token_recall"": 0.0, ""covered"": false}, {""cq_index"": 41, ""cq_text"": ""How is sonar data of ships stored?"", ""cq_token_count"": 4, ""covered_token_count"": 1, ""token_recall"": 0.25, ""covered"": false}, {""cq_index"": 42, ""cq_text"": ""What image resources are available for a ship?"", ""cq_token_count"": 4, ""covered_token_count"": 0, ""token_recall"": 0.0, ""covered"": false}, {""cq_index"": 43, ""cq_text"": ""What textual information about a ship is available?"", ""cq_token_count"": 4, ""covered_token_count"": 0, ""token_recall"": 0.0, ""covered"": false}, {""cq_index"": 44, ""cq_text"": ""What does ship X look like?"", ""cq_token_count"": 3, ""covered_token_count"": 0, ""token_recall"": 0.0, ""covered"": false}, {""cq_index"": 45, ""cq_text"": ""How does ship X sound like on a sonar?"", ""cq_token_count"": 4, ""covered_token_count"": 0, ""token_recall"": 0.0, ""covered"": false}, {""cq_index"": 46, ""cq_text"": ""What is the textual description of ship X?"", ""cq_token_count"": 3, ""covered_token_count"": 0, ""token_recall"": 0.0, ""covered"": false}, {""cq_index"": 47, ""cq_text"": ""Are there ships without sonar signatures?"", ""cq_token_count"": 5, ""covered_token_count"": 1, ""token_recall"": 0.2, ""covered"": false}]",12,109,0.0826,0.25,True,0,1,0,8,0.0,0.0,0.0,0.0,0.0,0.0,0.0,0.0,0.0,[],[]
mistralai_Mistral-7B-Instruct-v0.3,scenario-cq-reasoning,2025-149-01,False,Could not parse ontology.ttl in turtle/xml/n3 formats.,0,False,False,False,0,0,0,0,0.0,0.0,0.0,False,False,25,0.0,0.0,"[{""cq_index"": 0, ""cq_text"": ""Can the ontology represent a relational database as a first-class schema entity?"", ""cq_token_count"": 8, ""covered_token_count"": 0, ""token_recall"": 0.0, ""covered"": false}, {""cq_index"": 1, ""cq_text"": ""Can the ontology represent tables belonging to a database?"", ""cq_token_count"": 5, ""covered_token_count"": 0, ""token_recall"": 0.0, ""covered"": false}, {""cq_index"": 2, ""cq_text"": ""Can the ontology represent columns belonging to a table?"", ""cq_token_count"": 5, ""covered_token_count"": 0, ""token_recall"": 0.0, ""covered"": false}, {""cq_index"": 3, ""cq_text"": ""Can the ontology represent primary-key relationships in the schema?"", ""cq_token_count"": 6, ""covered_token_count"": 0, ""token_recall"": 0.0, ""covered"": false}, {""cq_index"": 4, ""cq_text"": ""Can the ontology represent foreign-key relationships and distinguish same-named columns across different tables when they are not semantically linked?"", ""cq_token_count"": 15, ""covered_token_count"": 0, ""token_recall"": 0.0, ""covered"": false}, {""cq_index"": 5, ""cq_text"": ""Can the ontology define a policy for a specific agent?"", ""cq_token_count"": 5, ""covered_token_count"": 0, ""token_recall"": 0.0, ""covered"": false}, {""cq_index"": 6, ""cq_text"": ""Can a policy specify a high-level ReadAction?"", ""cq_token_count"": 5, ""covered_token_count"": 0, ""token_recall"": 0.0, ""covered"": false}, {""cq_index"": 7, ""cq_text"": ""Can a policy specify a high-level ModifyAction?"", ""cq_token_count"": 5, ""covered_token_count"": 0, ""token_recall"": 0.0, ""covered"": false}, {""cq_index"": 8, ""cq_text"": ""Can a policy specify a ViewActionScope for read operations?"", ""cq_token_count"": 5, ""covered_token_count"": 0, ""token_recall"": 0.0, ""covered"": false}, {""cq_index"": 9, ""cq_text"": ""Can a policy specify a ProcessActionScope for read operations?"", ""cq_token_count"": 5, ""covered_token_count"": 0, ""token_recall"": 0.0, ""covered"": false}, {""cq_index"": 10, ""cq_text"": ""Can a policy be defined at table level?"", ""cq_token_count"": 4, ""covered_token_count"": 0, ""token_recall"": 0.0, ""covered"": false}, {""cq_index"": 11, ""cq_text"": ""Can a policy be defined at column level?"", ""cq_token_count"": 4, ""covered_token_count"": 0, ""token_recall"": 0.0, ""covered"": false}, {""cq_index"": 12, ""cq_text"": ""Can a policy be defined at row level using conditions?"", ""cq_token_count"": 5, ""covered_token_count"": 0, ""token_recall"": 0.0, ""covered"": false}, {""cq_index"": 13, ""cq_text"": ""Can the ontology express a prohibited modify action on a table?"", ""cq_token_count"": 6, ""covered_token_count"": 0, ""token_recall"": 0.0, ""covered"": false}, {""cq_index"": 14, ""cq_text"": ""Can the ontology express a table-level read prohibition for processing?"", ""cq_token_count"": 7, ""covered_token_count"": 0, ""token_recall"": 0.0, ""covered"": false}, {""cq_index"": 15, ""cq_text"": ""Can the ontology express a table-level read prohibition for viewing?"", ""cq_token_count"": 7, ""covered_token_count"": 0, ""token_recall"": 0.0, ""covered"": false}, {""cq_index"": 16, ""cq_text"": ""Can the ontology express a conditional row-level read restriction for later enforcement?"", ""cq_token_count"": 9, ""covered_token_count"": 0, ""token_recall"": 0.0, ""covered"": false}, {""cq_index"": 17, ""cq_text"": ""Can the ontology represent a SQL query as an AST-based semantic graph?"", ""cq_token_count"": 8, ""covered_token_count"": 0, ""token_recall"": 0.0, ""covered"": false}, {""cq_index"": 18, ""cq_text"": ""Can a SQL statement such as SelectStatement or UpdateStatement be mapped to its semantic action type?"", ""cq_token_count"": 8, ""covered_token_count"": 0, ""token_recall"": 0.0, ""covered"": false}, {""cq_index"": 19, ""cq_text"": ""Can a query statement be linked to the executing agent?"", ""cq_token_count"": 5, ""covered_token_count"": 0, ""token_recall"": 0.0, ""covered"": false}, {""cq_index"": 20, ""cq_text"": ""Can SQL clauses be assigned operational scopes such as view or process?"", ""cq_token_count"": 8, ""covered_token_count"": 0, ""token_recall"": 0.0, ""covered"": false}, {""cq_index"": 21, ""cq_text"": ""Can scope be propagated to reference nodes as an effectiveActionScope?"", ""cq_token_count"": 5, ""covered_token_count"": 0, ""token_recall"": 0.0, ""covered"": false}, {""cq_index"": 22, ""cq_text"": ""Can a TableRef in the query be linked to its corresponding schema Table?"", ""cq_token_count"": 6, ""covered_token_count"": 0, ""token_recall"": 0.0, ""covered"": false}, {""cq_index"": 23, ""cq_text"": ""Can a ColumnRef in the query be linked to its corresponding schema Column?"", ""cq_token_count"": 6, ""covered_token_count"": 0, ""token_recall"": 0.0, ""covered"": false}, {""cq_index"": 24, ""cq_text"": ""Can the reasoner infer whether a referenced table or column is Violated or RowTag based on the matching policy, action, and scope?"", ""cq_token_count"": 13, ""covered_token_count"": 0, ""token_recall"": 0.0, ""covered"": false}]",0,10,0.0,0.0,True,0,48,0,41,0.0,0.0,0.0,0.0,0.0,0.0,0.0,0.0,0.0,[],[]
mistralai_Mistral-7B-Instruct-v0.3,scenario-cq-reasoning,2025-150-01,False,Could not parse ontology.ttl in turtle/xml/n3 formats.,0,False,False,False,0,0,0,0,0.0,0.0,0.0,False,False,32,0.7812,0.4872,"[{""cq_index"": 0, ""cq_text"": ""Which MQTT Clients are connected to which Broker?"", ""cq_token_count"": 4, ""covered_token_count"": 2, ""token_recall"": 0.5, ""covered"": true}, {""cq_index"": 1, ""cq_text"": ""Which MQTT NetworkConnections exist, are they TLS-secured, and who initiated/accepted them?"", ""cq_token_count"": 9, ""covered_token_count"": 1, ""token_recall"": 0.1111, ""covered"": false}, {""cq_index"": 2, ""cq_text"": ""Which MQTT participants (Clients/Brokers) use which MQTT NetworkConnections?"", ""cq_token_count"": 5, ""covered_token_count"": 2, ""token_recall"": 0.4, ""covered"": true}, {""cq_index"": 3, ""cq_text"": ""Which MQTT Clients with which ClientIDs run on which SOSA platforms?"", ""cq_token_count"": 6, ""covered_token_count"": 2, ""token_recall"": 0.3333, ""covered"": false}, {""cq_index"": 4, ""cq_text"": ""Which MQTT Clients are hosting which SOSA systems (sensors/actuators)?"", ""cq_token_count"": 7, ""covered_token_count"": 3, ""token_recall"": 0.4286, ""covered"": true}, {""cq_index"": 5, ""cq_text"": ""What host/port is a MQTT Broker configured with?"", ""cq_token_count"": 5, ""covered_token_count"": 3, ""token_recall"": 0.6, ""covered"": true}, {""cq_index"": 6, ""cq_text"": ""Which SOSA sensors publish to which MQTT Topics (observations)?"", ""cq_token_count"": 6, ""covered_token_count"": 3, ""token_recall"": 0.5, ""covered"": true}, {""cq_index"": 7, ""cq_text"": ""Which SOSA actuators listen to which MQTT Topics (commands)?"", ""cq_token_count"": 6, ""covered_token_count"": 3, ""token_recall"": 0.5, ""covered"": true}, {""cq_index"": 8, ""cq_text"": ""Which SOSA FeaturesOfInterest, Properties etc. appear as MQTT TopicSubjects and on which MQTT Topics?"", ""cq_token_count"": 8, ""covered_token_count"": 3, ""token_recall"": 0.375, ""covered"": false}, {""cq_index"": 9, ""cq_text"": ""Which MQTT Topic Filters match a given MQTT Topic?"", ""cq_token_count"": 4, ""covered_token_count"": 2, ""token_recall"": 0.5, ""covered"": true}, {""cq_index"": 10, ""cq_text"": ""Which MQTT Topics are matched by a given MQTT Topic Filter?"", ""cq_token_count"": 5, ""covered_token_count"": 3, ""token_recall"": 0.6, ""covered"": true}, {""cq_index"": 11, ""cq_text"": ""Which MQTT filter patterns (with wildcards) are stored?"", ""cq_token_count"": 5, ""covered_token_count"": 2, ""token_recall"": 0.4, ""covered"": true}, {""cq_index"": 12, ""cq_text"": ""Which MQTT Clients send which MQTT Control Packets?"", ""cq_token_count"": 5, ""covered_token_count"": 2, ""token_recall"": 0.4, ""covered"": true}, {""cq_index"": 13, ""cq_text"": ""Which MQTT PUBLISH/SUBSCRIBE/UNSUBSCRIBE packets were sent (specializations)?"", ""cq_token_count"": 7, ""covered_token_count"": 4, ""token_recall"": 0.5714, ""covered"": true}, {""cq_index"": 14, ""cq_text"": ""Which MQTT Brokers receive/forward which MQTT Control Packets?"", ""cq_token_count"": 6, ""covered_token_count"": 3, ""token_recall"": 0.5, ""covered"": true}, {""cq_index"": 15, ""cq_text"": ""Which MQTT Control Packets were sent by which Client (inverse)?"", ""cq_token_count"": 6, ""covered_token_count"": 3, ""token_recall"": 0.5, ""covered"": true}, {""cq_index"": 16, ""cq_text"": ""Which MQTT Publish packets carry Observations for a specific SOSA FeatureOfInterest or Property?"", ""cq_token_count"": 9, ""covered_token_count"": 4, ""token_recall"": 0.4444, ""covered"": true}, {""cq_index"": 17, ""cq_text"": ""Which MQTT SUBSCRIBE packets request QoS=2 and for which filters?"", ""cq_token_count"": 6, ""covered_token_count"": 2, ""token_recall"": 0.3333, ""covered"": false}, {""cq_index"": 18, ""cq_text"": ""Which MQTT UNSUBSCRIBE packets remove all filters under a certain path (e.g. 'factory/centering/#')?"", ""cq_token_count"": 10, ""covered_token_count"": 2, ""token_recall"": 0.2, ""covered"": false}, {""cq_index"": 19, ""cq_text"": ""Which MQTT Control Packet has which Fixed Header / Variable Header / Payload?"", ""cq_token_count"": 7, ""covered_token_count"": 7, ""token_recall"": 1.0, ""covered"": true}, {""cq_index"": 20, ""cq_text"": ""Which MQTT PUBLISH packet has which MQTT Topic (name) in the Variable Header?"", ""cq_token_count"": 7, ""covered_token_count"": 6, ""token_recall"": 0.8571, ""covered"": true}, {""cq_index"": 21, ""cq_text"": ""Which QoS levels are set (in PUBLISH Fixed Header or SubscriptionEntry)?"", ""cq_token_count"": 7, ""covered_token_count"": 3, ""token_recall"": 0.4286, ""covered"": true}, {""cq_index"": 22, ""cq_text"": ""Are RETAIN/DUP flags set in PUBLISH?"", ""cq_token_count"": 5, ""covered_token_count"": 3, ""token_recall"": 0.6, ""covered"": true}, {""cq_index"": 23, ""cq_text"": ""Which MQTT Control Packets have which PacketIdentifier?"", ""cq_token_count"": 4, ""covered_token_count"": 2, ""token_recall"": 0.5, ""covered"": true}, {""cq_index"": 24, ""cq_text"": ""Which MQTT SUBSCRIBE payloads contain which SubscriptionEntries?"", ""cq_token_count"": 5, ""covered_token_count"": 2, ""token_recall"": 0.4, ""covered"": true}, {""cq_index"": 25, ""cq_text"": ""Which MQTT Topic Filters (with QoS) are requested by a SubscriptionEntry?"", ""cq_token_count"": 6, ""covered_token_count"": 2, ""token_recall"": 0.3333, ""covered"": false}, {""cq_index"": 26, ""cq_text"": ""Which MQTT UNSUBSCRIBE payloads remove which MQTT TopicFilters?"", ""cq_token_count"": 5, ""covered_token_count"": 2, ""token_recall"": 0.4, ""covered"": true}, {""cq_index"": 27, ""cq_text"": ""Which MQTT PUBLISH payloads encode SOSA Observations (or Observation Collections)?"", ""cq_token_count"": 8, ""covered_token_count"": 4, ""token_recall"": 0.5, ""covered"": true}, {""cq_index"": 28, ""cq_text"": ""Which MQTT PUBLISH payloads encode SOSA Actuations (or Actuation Collections)?"", ""cq_token_count"": 8, ""covered_token_count"": 3, ""token_recall"": 0.375, ""covered"": false}, {""cq_index"": 29, ""cq_text"": ""Which fields are encoded in a MQTT payload?"", ""cq_token_count"": 4, ""covered_token_count"": 2, ""token_recall"": 0.5, ""covered"": true}, {""cq_index"": 30, ""cq_text"": ""What content, content type, encoding and delimiter does a MQTT PUBLISH payload have?"", ""cq_token_count"": 6, ""covered_token_count"": 6, ""token_recall"": 1.0, ""covered"": true}, {""cq_index"": 31, ""cq_text"": ""What is the size of a MQTT payload (as QUDT QuantityValue with unit)?"", ""cq_token_count"": 6, ""covered_token_count"": 3, ""token_recall"": 0.5, ""covered"": true}]",50,60,0.0833,0.46,True,0,9,0,11,0.0,0.0,0.0,0.0,0.0,0.0,0.0,0.0,0.0,[],[]
mistralai_Mistral-7B-Instruct-v0.3,scenario-cq-reasoning,2025-151-01,False,Could not parse ontology.ttl in turtle/xml/n3 formats.,0,False,False,False,0,0,0,0,0.0,0.0,0.0,False,False,5,0.8,0.75,"[{""cq_index"": 0, ""cq_text"": ""What is the requested action?"", ""cq_token_count"": 2, ""covered_token_count"": 2, ""token_recall"": 1.0, ""covered"": true}, {""cq_index"": 1, ""cq_text"": ""Who is the party issuing the evaluation request?"", ""cq_token_count"": 4, ""covered_token_count"": 2, ""token_recall"": 0.5, ""covered"": true}, {""cq_index"": 2, ""cq_text"": ""What is the target asset of the evaluation request?"", ""cq_token_count"": 4, ""covered_token_count"": 4, ""token_recall"": 1.0, ""covered"": true}, {""cq_index"": 3, ""cq_text"": ""When was the evaluation request issued?"", ""cq_token_count"": 3, ""covered_token_count"": 3, ""token_recall"": 1.0, ""covered"": true}, {""cq_index"": 4, ""cq_text"": ""What additional contextual information can be included in the evaluation request to further constrain it?"", ""cq_token_count"": 8, ""covered_token_count"": 2, ""token_recall"": 0.25, ""covered"": false}]",33,25,0.52,0.5758,True,0,1,0,5,0.0,0.0,0.0,0.0,0.0,0.0,0.0,0.0,0.0,[],[]
mistralai_Mistral-7B-Instruct-v0.3,scenario-cq-reasoning,2025-151-02,False,Could not parse ontology.ttl in turtle/xml/n3 formats.,0,False,False,False,0,0,0,0,0.0,0.0,0.0,False,False,10,0.5,0.4514,"[{""cq_index"": 0, ""cq_text"": ""What is the current time?"", ""cq_token_count"": 2, ""covered_token_count"": 1, ""token_recall"": 0.5, ""covered"": true}, {""cq_index"": 1, ""cq_text"": ""What is the location of a party?"", ""cq_token_count"": 2, ""covered_token_count"": 2, ""token_recall"": 1.0, ""covered"": true}, {""cq_index"": 2, ""cq_text"": ""What assets are part of the asset collection of the policy that is being evaluated?"", ""cq_token_count"": 7, ""covered_token_count"": 3, ""token_recall"": 0.4286, ""covered"": true}, {""cq_index"": 3, ""cq_text"": ""Which parties are part of the party collection of the policy that is being evaluated?"", ""cq_token_count"": 7, ""covered_token_count"": 2, ""token_recall"": 0.2857, ""covered"": false}, {""cq_index"": 4, ""cq_text"": ""What actions were already performed or attempted?"", ""cq_token_count"": 4, ""covered_token_count"": 2, ""token_recall"": 0.5, ""covered"": true}, {""cq_index"": 5, ""cq_text"": ""How many times has a rule been exercised?"", ""cq_token_count"": 4, ""covered_token_count"": 1, ""token_recall"": 0.25, ""covered"": false}, {""cq_index"": 6, ""cq_text"": ""What information is available about an event that has occurred?"", ""cq_token_count"": 4, ""covered_token_count"": 1, ""token_recall"": 0.25, ""covered"": false}, {""cq_index"": 7, ""cq_text"": ""How long has a rule been exercised?"", ""cq_token_count"": 3, ""covered_token_count"": 1, ""token_recall"": 0.3333, ""covered"": false}, {""cq_index"": 8, ""cq_text"": ""Which recipients or categories of recipients can receive the result of the rule that has been exercised?"", ""cq_token_count"": 6, ""covered_token_count"": 1, ""token_recall"": 0.1667, ""covered"": false}, {""cq_index"": 9, ""cq_text"": ""Has a financial payment been made? What was the amount paid?"", ""cq_token_count"": 5, ""covered_token_count"": 4, ""token_recall"": 0.8, ""covered"": true}]",44,23,0.1304,0.6136,True,0,1,0,0,0.0,0.0,0.0,0.0,0.0,0.0,0.0,1.0,0.0,[],[]
mistralai_Mistral-7B-Instruct-v0.3,scenario-cq-reasoning,2025-153-01,False,Could not parse ontology.ttl in turtle/xml/n3 formats.,0,False,False,False,0,0,0,0,0.0,0.0,0.0,False,False,8,0.125,0.2104,"[{""cq_index"": 0, ""cq_text"": ""Which entity does a persistent identifier currently reference?"", ""cq_token_count"": 5, ""covered_token_count"": 3, ""token_recall"": 0.6, ""covered"": true}, {""cq_index"": 1, ""cq_text"": ""Which entity was referenced at a past timestamp?"", ""cq_token_count"": 4, ""covered_token_count"": 1, ""token_recall"": 0.25, ""covered"": false}, {""cq_index"": 2, ""cq_text"": ""When did referent transitions occur?"", ""cq_token_count"": 3, ""covered_token_count"": 1, ""token_recall"": 0.3333, ""covered"": false}, {""cq_index"": 3, ""cq_text"": ""What observations are associated with specific referents?"", ""cq_token_count"": 4, ""covered_token_count"": 1, ""token_recall"": 0.25, ""covered"": false}, {""cq_index"": 4, ""cq_text"": ""What is the full sequence of referents over time?"", ""cq_token_count"": 5, ""covered_token_count"": 0, ""token_recall"": 0.0, ""covered"": false}, {""cq_index"": 5, ""cq_text"": ""Which rules triggered specific transitions?"", ""cq_token_count"": 4, ""covered_token_count"": 1, ""token_recall"": 0.25, ""covered"": false}, {""cq_index"": 6, ""cq_text"": ""Are there gaps or overlaps in temporal bindings?"", ""cq_token_count"": 5, ""covered_token_count"": 0, ""token_recall"": 0.0, ""covered"": false}, {""cq_index"": 7, ""cq_text"": ""Can complete context be rebuilt for any time point?"", ""cq_token_count"": 5, ""covered_token_count"": 0, ""token_recall"": 0.0, ""covered"": false}]",23,119,0.042,0.6957,True,0,11,0,22,0.0,0.0,0.0,0.0,0.0,0.0,0.0,0.0,0.0,[],[]
mistralai_Mistral-7B-Instruct-v0.3,scenario-cq-reasoning,2026-155-01,False,Could not parse ontology.ttl in turtle/xml/n3 formats.,0,False,False,False,0,0,0,0,0.0,0.0,0.0,False,False,8,0.875,0.6399,"[{""cq_index"": 0, ""cq_text"": ""Which survey or investigation activities were performed on a given cultural property or on a specific feature of interest?"", ""cq_token_count"": 9, ""covered_token_count"": 8, ""token_recall"": 0.8889, ""covered"": true}, {""cq_index"": 1, ""cq_text"": ""Which method or investigation technique was adopted in a specific survey or investigation activity?"", ""cq_token_count"": 7, ""covered_token_count"": 6, ""token_recall"": 0.8571, ""covered"": true}, {""cq_index"": 2, ""cq_text"": ""Which observations were produced during a given survey or investigation activity?"", ""cq_token_count"": 6, ""covered_token_count"": 5, ""token_recall"": 0.8333, ""covered"": true}, {""cq_index"": 3, ""cq_text"": ""Which experts participated in the survey or investigation activity, and with which roles?"", ""cq_token_count"": 6, ""covered_token_count"": 3, ""token_recall"": 0.5, ""covered"": true}, {""cq_index"": 4, ""cq_text"": ""Which hardware, software, and technical configurations were used to conduct a specific survey or investigation activity?"", ""cq_token_count"": 9, ""covered_token_count"": 7, ""token_recall"": 0.7778, ""covered"": true}, {""cq_index"": 5, ""cq_text"": ""What interpretations or claims are supported by the observations produced during a survey?"", ""cq_token_count"": 7, ""covered_token_count"": 3, ""token_recall"": 0.4286, ""covered"": true}, {""cq_index"": 6, ""cq_text"": ""How are post-processed outputs (e.g., interactive images, spectra, datasets) related to the underlying acquisition or observation activities?"", ""cq_token_count"": 12, ""covered_token_count"": 4, ""token_recall"": 0.3333, ""covered"": false}, {""cq_index"": 7, ""cq_text"": ""Which acquisition parameters (e.g., exposure time, ISO, aperture) characterised a specific photographic acquisition cycle within a survey?"", ""cq_token_count"": 12, ""covered_token_count"": 6, ""token_recall"": 0.5, ""covered"": true}]",81,20,0.45,0.6543,True,0,22,0,32,0.0,0.0,0.0,0.0,0.0,0.0,0.0,0.0,0.0,[],[]
mistralai_Mistral-7B-Instruct-v0.3,scenario-only,2023-133-01,False,Could not parse ontology.ttl in turtle/xml/n3 formats.,0,False,False,False,0,0,0,0,0.0,0.0,0.0,False,False,4,0.75,0.6875,"[{""cq_index"": 0, ""cq_text"": ""What events are responsible for the pavement being slippery?"", ""cq_token_count"": 5, ""covered_token_count"": 4, ""token_recall"": 0.8, ""covered"": true}, {""cq_index"": 1, ""cq_text"": ""What would be the outcome of turning the sprinkler system on(off)?"", ""cq_token_count"": 5, ""covered_token_count"": 1, ""token_recall"": 0.2, ""covered"": false}, {""cq_index"": 2, ""cq_text"": ""How strong is the causal link between the sprinkler being on and the pavement being wet?"", ""cq_token_count"": 8, ""covered_token_count"": 6, ""token_recall"": 0.75, ""covered"": true}, {""cq_index"": 3, ""cq_text"": ""What if the pavement is not wet, how would it effect the pavement being slippery?"", ""cq_token_count"": 5, ""covered_token_count"": 5, ""token_recall"": 1.0, ""covered"": true}]",50,41,0.5366,0.56,True,0,5,0,5,0.0,0.0,0.0,0.0,0.0,0.0,0.0,0.0,0.0,[],[]
mistralai_Mistral-7B-Instruct-v0.3,scenario-only,2023-133-02,False,Could not parse ontology.ttl in turtle/xml/n3 formats.,0,False,False,False,0,0,0,0,0.0,0.0,0.0,True,False,6,1.0,0.6325,"[{""cq_index"": 0, ""cq_text"": ""Is the medication intake by the patient caused by the presence of outdoor environmental allergen such as pollen or AQI?"", ""cq_token_count"": 11, ""covered_token_count"": 7, ""token_recall"": 0.6364, ""covered"": true}, {""cq_index"": 1, ""cq_text"": ""How much does the presence of an asthma symptom effect the intake of medication?"", ""cq_token_count"": 7, ""covered_token_count"": 5, ""token_recall"": 0.7143, ""covered"": true}, {""cq_index"": 2, ""cq_text"": ""How does an outdoor environmental allergen affect the patient?"", ""cq_token_count"": 5, ""covered_token_count"": 3, ""token_recall"": 0.6, ""covered"": true}, {""cq_index"": 3, ""cq_text"": ""What is the probable cause of the cough experienced by the patient?"", ""cq_token_count"": 5, ""covered_token_count"": 2, ""token_recall"": 0.4, ""covered"": true}, {""cq_index"": 4, ""cq_text"": ""What if pollen (or AQI) allergen was not present in the outdoor environment, how would it effect the intake of medication?"", ""cq_token_count"": 9, ""covered_token_count"": 7, ""token_recall"": 0.7778, ""covered"": true}, {""cq_index"": 5, ""cq_text"": ""What if the patient did not experience a cough, how would it effect the intake of medication?"", ""cq_token_count"": 6, ""covered_token_count"": 4, ""token_recall"": 0.6667, ""covered"": true}]",45,60,0.3667,0.4667,True,0,5,0,5,0.0,0.0,0.0,0.0,0.0,0.0,0.0,0.0,0.0,[],[]
mistralai_Mistral-7B-Instruct-v0.3,scenario-only,2023-134-01,True,,57,True,True,True,8,6,0,0,1.0,1.0,1.0,True,True,8,0.375,0.3271,"[{""cq_index"": 0, ""cq_text"": ""What is the unique identifier of the policy?"", ""cq_token_count"": 3, ""covered_token_count"": 1, ""token_recall"": 0.3333, ""covered"": false}, {""cq_index"": 1, ""cq_text"": ""Who is the creator of the policy?"", ""cq_token_count"": 2, ""covered_token_count"": 1, ""token_recall"": 0.5, ""covered"": true}, {""cq_index"": 2, ""cq_text"": ""When was the policy issued?"", ""cq_token_count"": 2, ""covered_token_count"": 1, ""token_recall"": 0.5, ""covered"": true}, {""cq_index"": 3, ""cq_text"": ""Who is the assignee of the policy?"", ""cq_token_count"": 2, ""covered_token_count"": 1, ""token_recall"": 0.5, ""covered"": true}, {""cq_index"": 4, ""cq_text"": ""What application/service is being used to access the data?"", ""cq_token_count"": 5, ""covered_token_count"": 1, ""token_recall"": 0.2, ""covered"": false}, {""cq_index"": 5, ""cq_text"": ""What access mode is being requested?"", ""cq_token_count"": 4, ""covered_token_count"": 0, ""token_recall"": 0.0, ""covered"": false}, {""cq_index"": 6, ""cq_text"": ""What personal data is being accessed?"", ""cq_token_count"": 4, ""covered_token_count"": 1, ""token_recall"": 0.25, ""covered"": false}, {""cq_index"": 7, ""cq_text"": ""What is the purpose for accessing the data?"", ""cq_token_count"": 3, ""covered_token_count"": 1, ""token_recall"": 0.3333, ""covered"": false}]",37,88,0.1932,0.5135,True,8,0,6,0,0.0,0.0,0.0,0.0,0.0,0.0,0.0,0.0,0.0,[],[]
mistralai_Mistral-7B-Instruct-v0.3,scenario-only,2023-134-02,True,,57,True,True,True,8,6,0,0,1.0,1.0,1.0,True,True,6,0.0,0.1682,"[{""cq_index"": 0, ""cq_text"": ""What type of action, e.g., create, update, erase, is being performed on the data?"", ""cq_token_count"": 7, ""covered_token_count"": 1, ""token_recall"": 0.1429, ""covered"": false}, {""cq_index"": 1, ""cq_text"": ""Who is the entity interacting with the data?"", ""cq_token_count"": 3, ""covered_token_count"": 1, ""token_recall"": 0.3333, ""covered"": false}, {""cq_index"": 2, ""cq_text"": ""Who is the entity publishing the log?"", ""cq_token_count"": 3, ""covered_token_count"": 0, ""token_recall"": 0.0, ""covered"": false}, {""cq_index"": 3, ""cq_text"": ""When was the log issued?"", ""cq_token_count"": 2, ""covered_token_count"": 0, ""token_recall"": 0.0, ""covered"": false}, {""cq_index"": 4, ""cq_text"": ""Where is the data being stored?"", ""cq_token_count"": 3, ""covered_token_count"": 1, ""token_recall"": 0.3333, ""covered"": false}, {""cq_index"": 5, ""cq_text"": ""What application/service is being used to generate the data, if any?"", ""cq_token_count"": 5, ""covered_token_count"": 1, ""token_recall"": 0.2, ""covered"": false}]",37,88,0.1932,0.5405,True,8,0,6,0,0.0,0.0,0.0,0.0,0.0,0.0,0.0,0.0,0.0,[],[]
mistralai_Mistral-7B-Instruct-v0.3,scenario-only,2023-134-03,True,,57,True,True,True,8,6,0,0,1.0,1.0,1.0,True,True,5,0.6,0.3333,"[{""cq_index"": 0, ""cq_text"": ""Who is maintaining the registry?"", ""cq_token_count"": 2, ""covered_token_count"": 0, ""token_recall"": 0.0, ""covered"": false}, {""cq_index"": 1, ""cq_text"": ""When was the registry created/updated?"", ""cq_token_count"": 3, ""covered_token_count"": 0, ""token_recall"": 0.0, ""covered"": false}, {""cq_index"": 2, ""cq_text"": ""What types of data are available?"", ""cq_token_count"": 2, ""covered_token_count"": 1, ""token_recall"": 0.5, ""covered"": true}, {""cq_index"": 3, ""cq_text"": ""Where is a specific type of data being stored?"", ""cq_token_count"": 4, ""covered_token_count"": 2, ""token_recall"": 0.5, ""covered"": true}, {""cq_index"": 4, ""cq_text"": ""What policy is associated with the data?"", ""cq_token_count"": 3, ""covered_token_count"": 2, ""token_recall"": 0.6667, ""covered"": true}]",37,88,0.1932,0.4865,True,8,0,6,0,0.0,0.0,0.0,0.0,0.0,0.0,0.0,0.0,0.0,[],[]
mistralai_Mistral-7B-Instruct-v0.3,scenario-only,2023-135-01,False,Could not parse ontology.ttl in turtle/xml/n3 formats.,0,False,False,False,0,0,0,0,0.0,0.0,0.0,True,False,3,0.0,0.1667,"[{""cq_index"": 0, ""cq_text"": ""Under what pseudonym did the author C. S. Lewis published a collection of poems, Spirit in Bondage?"", ""cq_token_count"": 9, ""covered_token_count"": 3, ""token_recall"": 0.3333, ""covered"": false}, {""cq_index"": 1, ""cq_text"": ""What alternative did C. S. Lewis used to assume the role of a book writer?"", ""cq_token_count"": 6, ""covered_token_count"": 1, ""token_recall"": 0.1667, ""covered"": false}, {""cq_index"": 2, ""cq_text"": ""Show the trajectories of rivers which cross national parks?"", ""cq_token_count"": 5, ""covered_token_count"": 0, ""token_recall"": 0.0, ""covered"": false}]",40,10,1.0,0.675,True,0,5,0,13,0.0,0.0,0.0,0.0,0.0,0.0,0.0,0.0,0.0,[],[]
mistralai_Mistral-7B-Instruct-v0.3,scenario-only,2024-145-01,False,Could not parse ontology.ttl in turtle/xml/n3 formats.,0,False,False,False,0,0,0,0,0.0,0.0,0.0,False,False,7,0.5714,0.4262,"[{""cq_index"": 0, ""cq_text"": ""List all district courts in a given state."", ""cq_token_count"": 3, ""covered_token_count"": 1, ""token_recall"": 0.3333, ""covered"": false}, {""cq_index"": 1, ""cq_text"": ""In which state is a given district court instance located?"", ""cq_token_count"": 5, ""covered_token_count"": 2, ""token_recall"": 0.4, ""covered"": true}, {""cq_index"": 2, ""cq_text"": ""How many districts are in a given state of India?"", ""cq_token_count"": 4, ""covered_token_count"": 0, ""token_recall"": 0.0, ""covered"": false}, {""cq_index"": 3, ""cq_text"": ""Which court has authority over a given court?"", ""cq_token_count"": 3, ""covered_token_count"": 2, ""token_recall"": 0.6667, ""covered"": true}, {""cq_index"": 4, ""cq_text"": ""What is the check transaction type for a bad check?"", ""cq_token_count"": 3, ""covered_token_count"": 2, ""token_recall"": 0.6667, ""covered"": true}, {""cq_index"": 5, ""cq_text"": ""When is a check payment of a bad check?"", ""cq_token_count"": 3, ""covered_token_count"": 2, ""token_recall"": 0.6667, ""covered"": true}, {""cq_index"": 6, ""cq_text"": ""What is the transaction status of a given check payment?"", ""cq_token_count"": 4, ""covered_token_count"": 1, ""token_recall"": 0.25, ""covered"": false}]",36,17,0.6471,0.6389,False,0,0,0,0,0.0,0.0,0.0,0.0,0.0,0.0,0.0,0.0,0.0,[],[]
mistralai_Mistral-7B-Instruct-v0.3,scenario-only,2025-147-01,False,Could not parse ontology.ttl in turtle/xml/n3 formats.,0,False,False,False,0,0,0,0,0.0,0.0,0.0,False,False,48,0.1667,0.2432,"[{""cq_index"": 0, ""cq_text"": ""How are ships clearly identified?"", ""cq_token_count"": 3, ""covered_token_count"": 1, ""token_recall"": 0.3333, ""covered"": false}, {""cq_index"": 1, ""cq_text"": ""How are a ship's dimensions described?"", ""cq_token_count"": 3, ""covered_token_count"": 1, ""token_recall"": 0.3333, ""covered"": false}, {""cq_index"": 2, ""cq_text"": ""What information can be provided about the typical location of a ship?"", ""cq_token_count"": 5, ""covered_token_count"": 1, ""token_recall"": 0.2, ""covered"": false}, {""cq_index"": 3, ""cq_text"": ""Who can be the owner of a ship?"", ""cq_token_count"": 2, ""covered_token_count"": 1, ""token_recall"": 0.5, ""covered"": true}, {""cq_index"": 4, ""cq_text"": ""How is a ship's average speed over ground specified?"", ""cq_token_count"": 6, ""covered_token_count"": 1, ""token_recall"": 0.1667, ""covered"": false}, {""cq_index"": 5, ""cq_text"": ""How many container ships are registered under the German flag?"", ""cq_token_count"": 7, ""covered_token_count"": 1, ""token_recall"": 0.1429, ""covered"": false}, {""cq_index"": 6, ""cq_text"": ""How is the GPS antenna placed relatively to the ship's structure (bow, stern, port, starboard)?"", ""cq_token_count"": 10, ""covered_token_count"": 1, ""token_recall"": 0.1, ""covered"": false}, {""cq_index"": 7, ""cq_text"": ""Which organization owns the most ships?"", ""cq_token_count"": 4, ""covered_token_count"": 1, ""token_recall"": 0.25, ""covered"": false}, {""cq_index"": 8, ""cq_text"": ""What information can be provided about a ship route?"", ""cq_token_count"": 4, ""covered_token_count"": 1, ""token_recall"": 0.25, ""covered"": false}, {""cq_index"": 9, ""cq_text"": ""What information is known about a single trajectory part?"", ""cq_token_count"": 5, ""covered_token_count"": 0, ""token_recall"": 0.0, ""covered"": false}, {""cq_index"": 10, ""cq_text"": ""What types of trajectories are distinguished?"", ""cq_token_count"": 2, ""covered_token_count"": 0, ""token_recall"": 0.0, ""covered"": false}, {""cq_index"": 11, ""cq_text"": ""What unit does the draught of a ship have?"", ""cq_token_count"": 3, ""covered_token_count"": 1, ""token_recall"": 0.3333, ""covered"": false}, {""cq_index"": 12, ""cq_text"": ""What was the average speed over ground of the ship on route on day X?"", ""cq_token_count"": 7, ""covered_token_count"": 1, ""token_recall"": 0.1429, ""covered"": false}, {""cq_index"": 13, ""cq_text"": ""What route is predicted for ship X?"", ""cq_token_count"": 3, ""covered_token_count"": 1, ""token_recall"": 0.3333, ""covered"": false}, {""cq_index"": 14, ""cq_text"": ""What types of engines are used in ships?"", ""cq_token_count"": 2, ""covered_token_count"": 1, ""token_recall"": 0.5, ""covered"": true}, {""cq_index"": 15, ""cq_text"": ""What combinations of engines can exist?"", ""cq_token_count"": 3, ""covered_token_count"": 0, ""token_recall"": 0.0, ""covered"": false}, {""cq_index"": 16, ""cq_text"": ""What powers these ship engines?"", ""cq_token_count"": 4, ""covered_token_count"": 1, ""token_recall"": 0.25, ""covered"": false}, {""cq_index"": 17, ""cq_text"": ""What is driven by ship engines?"", ""cq_token_count"": 3, ""covered_token_count"": 1, ""token_recall"": 0.3333, ""covered"": false}, {""cq_index"": 18, ""cq_text"": ""What types of propulsion systems can ships have?"", ""cq_token_count"": 3, ""covered_token_count"": 2, ""token_recall"": 0.6667, ""covered"": true}, {""cq_index"": 19, ""cq_text"": ""What propulsion systems don't rely on an engine?"", ""cq_token_count"": 5, ""covered_token_count"": 1, ""token_recall"": 0.2, ""covered"": false}, {""cq_index"": 20, ""cq_text"": ""Which propulsion technologies are used by each individual propulsion system?"", ""cq_token_count"": 4, ""covered_token_count"": 2, ""token_recall"": 0.5, ""covered"": true}, {""cq_index"": 21, ""cq_text"": ""What falls under the category of propulsion technologies powered by engines?"", ""cq_token_count"": 7, ""covered_token_count"": 1, ""token_recall"": 0.1429, ""covered"": false}, {""cq_index"": 22, ""cq_text"": ""What types of jet propulsors exist?"", ""cq_token_count"": 3, ""covered_token_count"": 0, ""token_recall"": 0.0, ""covered"": false}, {""cq_index"": 23, ""cq_text"": ""What types of bladed propulsors exist?"", ""cq_token_count"": 3, ""covered_token_count"": 0, ""token_recall"": 0.0, ""covered"": false}, {""cq_index"": 24, ""cq_text"": ""What types of blade propulsors follow a special design?"", ""cq_token_count"": 5, ""covered_token_count"": 0, ""token_recall"": 0.0, ""covered"": false}, {""cq_index"": 25, ""cq_text"": ""What properties describe a bladed propulsor?"", ""cq_token_count"": 4, ""covered_token_count"": 1, ""token_recall"": 0.25, ""covered"": false}, {""cq_index"": 26, ""cq_text"": ""What types of screw propellers can be used?"", ""cq_token_count"": 2, ""covered_token_count"": 0, ""token_recall"": 0.0, ""covered"": false}, {""cq_index"": 27, ""cq_text"": ""What is used to prevent cavitation on technologies for motorized propulsion?"", ""cq_token_count"": 5, ""covered_token_count"": 1, ""token_recall"": 0.2, ""covered"": false}, {""cq_index"": 28, ""cq_text"": ""What type of sails exist?"", ""cq_token_count"": 2, ""covered_token_count"": 0, ""token_recall"": 0.0, ""covered"": false}, {""cq_index"": 29, ""cq_text"": ""Which type of propulsion technologies can assist a motorized ship?"", ""cq_token_count"": 5, ""covered_token_count"": 2, ""token_recall"": 0.4, ""covered"": true}, {""cq_index"": 30, ""cq_text"": ""What fuel does ship X use to drive?"", ""cq_token_count"": 3, ""covered_token_count"": 1, ""token_recall"": 0.3333, ""covered"": false}, {""cq_index"": 31, ""cq_text"": ""How many engines power ship X?"", ""cq_token_count"": 4, ""covered_token_count"": 1, ""token_recall"": 0.25, ""covered"": false}, {""cq_index"": 32, ""cq_text"": ""What types of propellers are installed on ship X?"", ""cq_token_count"": 3, ""covered_token_count"": 1, ""token_recall"": 0.3333, ""covered"": false}, {""cq_index"": 33, ""cq_text"": ""What is the most common type of propeller?"", ""cq_token_count"": 3, ""covered_token_count"": 0, ""token_recall"": 0.0, ""covered"": false}, {""cq_index"": 34, ""cq_text"": ""How many ships have sails?"", ""cq_token_count"": 3, ""covered_token_count"": 1, ""token_recall"": 0.3333, ""covered"": false}, {""cq_index"": 35, ""cq_text"": ""Which ships use electric engines exclusively?"", ""cq_token_count"": 4, ""covered_token_count"": 1, ""token_recall"": 0.25, ""covered"": false}, {""cq_index"": 36, ""cq_text"": ""What motorized propulsion does a ship use that is assisted by wind propulsion?"", ""cq_token_count"": 5, ""covered_token_count"": 2, ""token_recall"": 0.4, ""covered"": true}, {""cq_index"": 37, ""cq_text"": ""How many supercavitating propellers does ship X use?"", ""cq_token_count"": 4, ""covered_token_count"": 1, ""token_recall"": 0.25, ""covered"": false}, {""cq_index"": 38, ""cq_text"": ""What diameter and how many blades does the fixed pitch propeller Y of ship X have?"", ""cq_token_count"": 7, ""covered_token_count"": 1, ""token_recall"": 0.1429, ""covered"": false}, {""cq_index"": 39, ""cq_text"": ""What is the least utilized wind assisted propulsion system?"", ""cq_token_count"": 6, ""covered_token_count"": 2, ""token_recall"": 0.3333, ""covered"": false}, {""cq_index"": 40, ""cq_text"": ""What different kinds of data can be used to represent a ship?"", ""cq_token_count"": 5, ""covered_token_count"": 2, ""token_recall"": 0.4, ""covered"": true}, {""cq_index"": 41, ""cq_text"": ""How is sonar data of ships stored?"", ""cq_token_count"": 4, ""covered_token_count"": 2, ""token_recall"": 0.5, ""covered"": true}, {""cq_index"": 42, ""cq_text"": ""What image resources are available for a ship?"", ""cq_token_count"": 4, ""covered_token_count"": 1, ""token_recall"": 0.25, ""covered"": false}, {""cq_index"": 43, ""cq_text"": ""What textual information about a ship is available?"", ""cq_token_count"": 4, ""covered_token_count"": 1, ""token_recall"": 0.25, ""covered"": false}, {""cq_index"": 44, ""cq_text"": ""What does ship X look like?"", ""cq_token_count"": 3, ""covered_token_count"": 1, ""token_recall"": 0.3333, ""covered"": false}, {""cq_index"": 45, ""cq_text"": ""How does ship X sound like on a sonar?"", ""cq_token_count"": 4, ""covered_token_count"": 1, ""token_recall"": 0.25, ""covered"": false}, {""cq_index"": 46, ""cq_text"": ""What is the textual description of ship X?"", ""cq_token_count"": 3, ""covered_token_count"": 1, ""token_recall"": 0.3333, ""covered"": false}, {""cq_index"": 47, ""cq_text"": ""Are there ships without sonar signatures?"", ""cq_token_count"": 5, ""covered_token_count"": 1, ""token_recall"": 0.2, ""covered"": false}]",49,109,0.2202,0.4898,True,0,1,0,8,0.0,0.0,0.0,0.0,0.0,0.0,0.0,0.0,0.0,[],[]
mistralai_Mistral-7B-Instruct-v0.3,scenario-only,2025-149-01,True,,30,True,True,True,7,2,0,0,1.0,1.0,0.0,True,True,25,0.04,0.1019,"[{""cq_index"": 0, ""cq_text"": ""Can the ontology represent a relational database as a first-class schema entity?"", ""cq_token_count"": 8, ""covered_token_count"": 2, ""token_recall"": 0.25, ""covered"": false}, {""cq_index"": 1, ""cq_text"": ""Can the ontology represent tables belonging to a database?"", ""cq_token_count"": 5, ""covered_token_count"": 1, ""token_recall"": 0.2, ""covered"": false}, {""cq_index"": 2, ""cq_text"": ""Can the ontology represent columns belonging to a table?"", ""cq_token_count"": 5, ""covered_token_count"": 0, ""token_recall"": 0.0, ""covered"": false}, {""cq_index"": 3, ""cq_text"": ""Can the ontology represent primary-key relationships in the schema?"", ""cq_token_count"": 6, ""covered_token_count"": 0, ""token_recall"": 0.0, ""covered"": false}, {""cq_index"": 4, ""cq_text"": ""Can the ontology represent foreign-key relationships and distinguish same-named columns across different tables when they are not semantically linked?"", ""cq_token_count"": 15, ""covered_token_count"": 1, ""token_recall"": 0.0667, ""covered"": false}, {""cq_index"": 5, ""cq_text"": ""Can the ontology define a policy for a specific agent?"", ""cq_token_count"": 5, ""covered_token_count"": 0, ""token_recall"": 0.0, ""covered"": false}, {""cq_index"": 6, ""cq_text"": ""Can a policy specify a high-level ReadAction?"", ""cq_token_count"": 5, ""covered_token_count"": 0, ""token_recall"": 0.0, ""covered"": false}, {""cq_index"": 7, ""cq_text"": ""Can a policy specify a high-level ModifyAction?"", ""cq_token_count"": 5, ""covered_token_count"": 0, ""token_recall"": 0.0, ""covered"": false}, {""cq_index"": 8, ""cq_text"": ""Can a policy specify a ViewActionScope for read operations?"", ""cq_token_count"": 5, ""covered_token_count"": 1, ""token_recall"": 0.2, ""covered"": false}, {""cq_index"": 9, ""cq_text"": ""Can a policy specify a ProcessActionScope for read operations?"", ""cq_token_count"": 5, ""covered_token_count"": 1, ""token_recall"": 0.2, ""covered"": false}, {""cq_index"": 10, ""cq_text"": ""Can a policy be defined at table level?"", ""cq_token_count"": 4, ""covered_token_count"": 0, ""token_recall"": 0.0, ""covered"": false}, {""cq_index"": 11, ""cq_text"": ""Can a policy be defined at column level?"", ""cq_token_count"": 4, ""covered_token_count"": 0, ""token_recall"": 0.0, ""covered"": false}, {""cq_index"": 12, ""cq_text"": ""Can a policy be defined at row level using conditions?"", ""cq_token_count"": 5, ""covered_token_count"": 0, ""token_recall"": 0.0, ""covered"": false}, {""cq_index"": 13, ""cq_text"": ""Can the ontology express a prohibited modify action on a table?"", ""cq_token_count"": 6, ""covered_token_count"": 0, ""token_recall"": 0.0, ""covered"": false}, {""cq_index"": 14, ""cq_text"": ""Can the ontology express a table-level read prohibition for processing?"", ""cq_token_count"": 7, ""covered_token_count"": 1, ""token_recall"": 0.1429, ""covered"": false}, {""cq_index"": 15, ""cq_text"": ""Can the ontology express a table-level read prohibition for viewing?"", ""cq_token_count"": 7, ""covered_token_count"": 1, ""token_recall"": 0.1429, ""covered"": false}, {""cq_index"": 16, ""cq_text"": ""Can the ontology express a conditional row-level read restriction for later enforcement?"", ""cq_token_count"": 9, ""covered_token_count"": 1, ""token_recall"": 0.1111, ""covered"": false}, {""cq_index"": 17, ""cq_text"": ""Can the ontology represent a SQL query as an AST-based semantic graph?"", ""cq_token_count"": 8, ""covered_token_count"": 2, ""token_recall"": 0.25, ""covered"": false}, {""cq_index"": 18, ""cq_text"": ""Can a SQL statement such as SelectStatement or UpdateStatement be mapped to its semantic action type?"", ""cq_token_count"": 8, ""covered_token_count"": 1, ""token_recall"": 0.125, ""covered"": false}, {""cq_index"": 19, ""cq_text"": ""Can a query statement be linked to the executing agent?"", ""cq_token_count"": 5, ""covered_token_count"": 2, ""token_recall"": 0.4, ""covered"": true}, {""cq_index"": 20, ""cq_text"": ""Can SQL clauses be assigned operational scopes such as view or process?"", ""cq_token_count"": 8, ""covered_token_count"": 1, ""token_recall"": 0.125, ""covered"": false}, {""cq_index"": 21, ""cq_text"": ""Can scope be propagated to reference nodes as an effectiveActionScope?"", ""cq_token_count"": 5, ""covered_token_count"": 0, ""token_recall"": 0.0, ""covered"": false}, {""cq_index"": 22, ""cq_text"": ""Can a TableRef in the query be linked to its corresponding schema Table?"", ""cq_token_count"": 6, ""covered_token_count"": 1, ""token_recall"": 0.1667, ""covered"": false}, {""cq_index"": 23, ""cq_text"": ""Can a ColumnRef in the query be linked to its corresponding schema Column?"", ""cq_token_count"": 6, ""covered_token_count"": 1, ""token_recall"": 0.1667, ""covered"": false}, {""cq_index"": 24, ""cq_text"": ""Can the reasoner infer whether a referenced table or column is Violated or RowTag based on the matching policy, action, and scope?"", ""cq_token_count"": 13, ""covered_token_count"": 0, ""token_recall"": 0.0, ""covered"": false}]",26,10,0.8,0.5769,True,7,48,2,41,0.1429,0.0208,0.0364,0.5,0.0244,0.0465,0.0417,0.0233,0.0415,"[""database""]","[""database""]"
mistralai_Mistral-7B-Instruct-v0.3,scenario-only,2025-150-01,True,,35,True,True,True,5,3,0,0,1.0,1.0,0.0,True,True,32,0.125,0.2432,"[{""cq_index"": 0, ""cq_text"": ""Which MQTT Clients are connected to which Broker?"", ""cq_token_count"": 4, ""covered_token_count"": 1, ""token_recall"": 0.25, ""covered"": false}, {""cq_index"": 1, ""cq_text"": ""Which MQTT NetworkConnections exist, are they TLS-secured, and who initiated/accepted them?"", ""cq_token_count"": 9, ""covered_token_count"": 1, ""token_recall"": 0.1111, ""covered"": false}, {""cq_index"": 2, ""cq_text"": ""Which MQTT participants (Clients/Brokers) use which MQTT NetworkConnections?"", ""cq_token_count"": 5, ""covered_token_count"": 1, ""token_recall"": 0.2, ""covered"": false}, {""cq_index"": 3, ""cq_text"": ""Which MQTT Clients with which ClientIDs run on which SOSA platforms?"", ""cq_token_count"": 6, ""covered_token_count"": 1, ""token_recall"": 0.1667, ""covered"": false}, {""cq_index"": 4, ""cq_text"": ""Which MQTT Clients are hosting which SOSA systems (sensors/actuators)?"", ""cq_token_count"": 7, ""covered_token_count"": 1, ""token_recall"": 0.1429, ""covered"": false}, {""cq_index"": 5, ""cq_text"": ""What host/port is a MQTT Broker configured with?"", ""cq_token_count"": 5, ""covered_token_count"": 1, ""token_recall"": 0.2, ""covered"": false}, {""cq_index"": 6, ""cq_text"": ""Which SOSA sensors publish to which MQTT Topics (observations)?"", ""cq_token_count"": 6, ""covered_token_count"": 1, ""token_recall"": 0.1667, ""covered"": false}, {""cq_index"": 7, ""cq_text"": ""Which SOSA actuators listen to which MQTT Topics (commands)?"", ""cq_token_count"": 6, ""covered_token_count"": 1, ""token_recall"": 0.1667, ""covered"": false}, {""cq_index"": 8, ""cq_text"": ""Which SOSA FeaturesOfInterest, Properties etc. appear as MQTT TopicSubjects and on which MQTT Topics?"", ""cq_token_count"": 8, ""covered_token_count"": 1, ""token_recall"": 0.125, ""covered"": false}, {""cq_index"": 9, ""cq_text"": ""Which MQTT Topic Filters match a given MQTT Topic?"", ""cq_token_count"": 4, ""covered_token_count"": 1, ""token_recall"": 0.25, ""covered"": false}, {""cq_index"": 10, ""cq_text"": ""Which MQTT Topics are matched by a given MQTT Topic Filter?"", ""cq_token_count"": 5, ""covered_token_count"": 1, ""token_recall"": 0.2, ""covered"": false}, {""cq_index"": 11, ""cq_text"": ""Which MQTT filter patterns (with wildcards) are stored?"", ""cq_token_count"": 5, ""covered_token_count"": 1, ""token_recall"": 0.2, ""covered"": false}, {""cq_index"": 12, ""cq_text"": ""Which MQTT Clients send which MQTT Control Packets?"", ""cq_token_count"": 5, ""covered_token_count"": 2, ""token_recall"": 0.4, ""covered"": true}, {""cq_index"": 13, ""cq_text"": ""Which MQTT PUBLISH/SUBSCRIBE/UNSUBSCRIBE packets were sent (specializations)?"", ""cq_token_count"": 7, ""covered_token_count"": 2, ""token_recall"": 0.2857, ""covered"": false}, {""cq_index"": 14, ""cq_text"": ""Which MQTT Brokers receive/forward which MQTT Control Packets?"", ""cq_token_count"": 6, ""covered_token_count"": 2, ""token_recall"": 0.3333, ""covered"": false}, {""cq_index"": 15, ""cq_text"": ""Which MQTT Control Packets were sent by which Client (inverse)?"", ""cq_token_count"": 6, ""covered_token_count"": 2, ""token_recall"": 0.3333, ""covered"": false}, {""cq_index"": 16, ""cq_text"": ""Which MQTT Publish packets carry Observations for a specific SOSA FeatureOfInterest or Property?"", ""cq_token_count"": 9, ""covered_token_count"": 2, ""token_recall"": 0.2222, ""covered"": false}, {""cq_index"": 17, ""cq_text"": ""Which MQTT SUBSCRIBE packets request QoS=2 and for which filters?"", ""cq_token_count"": 6, ""covered_token_count"": 2, ""token_recall"": 0.3333, ""covered"": false}, {""cq_index"": 18, ""cq_text"": ""Which MQTT UNSUBSCRIBE packets remove all filters under a certain path (e.g. 'factory/centering/#')?"", ""cq_token_count"": 10, ""covered_token_count"": 2, ""token_recall"": 0.2, ""covered"": false}, {""cq_index"": 19, ""cq_text"": ""Which MQTT Control Packet has which Fixed Header / Variable Header / Payload?"", ""cq_token_count"": 7, ""covered_token_count"": 2, ""token_recall"": 0.2857, ""covered"": false}, {""cq_index"": 20, ""cq_text"": ""Which MQTT PUBLISH packet has which MQTT Topic (name) in the Variable Header?"", ""cq_token_count"": 7, ""covered_token_count"": 1, ""token_recall"": 0.1429, ""covered"": false}, {""cq_index"": 21, ""cq_text"": ""Which QoS levels are set (in PUBLISH Fixed Header or SubscriptionEntry)?"", ""cq_token_count"": 7, ""covered_token_count"": 0, ""token_recall"": 0.0, ""covered"": false}, {""cq_index"": 22, ""cq_text"": ""Are RETAIN/DUP flags set in PUBLISH?"", ""cq_token_count"": 5, ""covered_token_count"": 0, ""token_recall"": 0.0, ""covered"": false}, {""cq_index"": 23, ""cq_text"": ""Which MQTT Control Packets have which PacketIdentifier?"", ""cq_token_count"": 4, ""covered_token_count"": 2, ""token_recall"": 0.5, ""covered"": true}, {""cq_index"": 24, ""cq_text"": ""Which MQTT SUBSCRIBE payloads contain which SubscriptionEntries?"", ""cq_token_count"": 5, ""covered_token_count"": 1, ""token_recall"": 0.2, ""covered"": false}, {""cq_index"": 25, ""cq_text"": ""Which MQTT Topic Filters (with QoS) are requested by a SubscriptionEntry?"", ""cq_token_count"": 6, ""covered_token_count"": 1, ""token_recall"": 0.1667, ""covered"": false}, {""cq_index"": 26, ""cq_text"": ""Which MQTT UNSUBSCRIBE payloads remove which MQTT TopicFilters?"", ""cq_token_count"": 5, ""covered_token_count"": 1, ""token_recall"": 0.2, ""covered"": false}, {""cq_index"": 27, ""cq_text"": ""Which MQTT PUBLISH payloads encode SOSA Observations (or Observation Collections)?"", ""cq_token_count"": 8, ""covered_token_count"": 2, ""token_recall"": 0.25, ""covered"": false}, {""cq_index"": 28, ""cq_text"": ""Which MQTT PUBLISH payloads encode SOSA Actuations (or Actuation Collections)?"", ""cq_token_count"": 8, ""covered_token_count"": 2, ""token_recall"": 0.25, ""covered"": false}, {""cq_index"": 29, ""cq_text"": ""Which fields are encoded in a MQTT payload?"", ""cq_token_count"": 4, ""covered_token_count"": 2, ""token_recall"": 0.5, ""covered"": true}, {""cq_index"": 30, ""cq_text"": ""What content, content type, encoding and delimiter does a MQTT PUBLISH payload have?"", ""cq_token_count"": 6, ""covered_token_count"": 4, ""token_recall"": 0.6667, ""covered"": true}, {""cq_index"": 31, ""cq_text"": ""What is the size of a MQTT payload (as QUDT QuantityValue with unit)?"", ""cq_token_count"": 6, ""covered_token_count"": 2, ""token_recall"": 0.3333, ""covered"": false}]",32,60,0.2833,0.4062,True,5,9,3,11,0.0,0.0,0.0,0.0,0.0,0.0,0.0,0.0,0.0,[],[]
mistralai_Mistral-7B-Instruct-v0.3,scenario-only,2025-151-01,True,,88,True,True,True,7,5,0,0,1.0,1.0,1.0,True,True,5,0.4,0.4417,"[{""cq_index"": 0, ""cq_text"": ""What is the requested action?"", ""cq_token_count"": 2, ""covered_token_count"": 1, ""token_recall"": 0.5, ""covered"": true}, {""cq_index"": 1, ""cq_text"": ""Who is the party issuing the evaluation request?"", ""cq_token_count"": 4, ""covered_token_count"": 1, ""token_recall"": 0.25, ""covered"": false}, {""cq_index"": 2, ""cq_text"": ""What is the target asset of the evaluation request?"", ""cq_token_count"": 4, ""covered_token_count"": 3, ""token_recall"": 0.75, ""covered"": true}, {""cq_index"": 3, ""cq_text"": ""When was the evaluation request issued?"", ""cq_token_count"": 3, ""covered_token_count"": 1, ""token_recall"": 0.3333, ""covered"": false}, {""cq_index"": 4, ""cq_text"": ""What additional contextual information can be included in the evaluation request to further constrain it?"", ""cq_token_count"": 8, ""covered_token_count"": 3, ""token_recall"": 0.375, ""covered"": false}]",33,25,0.4,0.697,True,7,1,5,5,0.0,0.0,0.0,0.2,0.2,0.2,0.1,0.1667,0.1,[],"[""action""]"
mistralai_Mistral-7B-Instruct-v0.3,scenario-only,2025-151-02,False,Could not parse ontology.ttl in turtle/xml/n3 formats.,0,False,False,False,0,0,0,0,0.0,0.0,0.0,False,False,10,0.1,0.1036,"[{""cq_index"": 0, ""cq_text"": ""What is the current time?"", ""cq_token_count"": 2, ""covered_token_count"": 1, ""token_recall"": 0.5, ""covered"": true}, {""cq_index"": 1, ""cq_text"": ""What is the location of a party?"", ""cq_token_count"": 2, ""covered_token_count"": 0, ""token_recall"": 0.0, ""covered"": false}, {""cq_index"": 2, ""cq_text"": ""What assets are part of the asset collection of the policy that is being evaluated?"", ""cq_token_count"": 7, ""covered_token_count"": 1, ""token_recall"": 0.1429, ""covered"": false}, {""cq_index"": 3, ""cq_text"": ""Which parties are part of the party collection of the policy that is being evaluated?"", ""cq_token_count"": 7, ""covered_token_count"": 1, ""token_recall"": 0.1429, ""covered"": false}, {""cq_index"": 4, ""cq_text"": ""What actions were already performed or attempted?"", ""cq_token_count"": 4, ""covered_token_count"": 0, ""token_recall"": 0.0, ""covered"": false}, {""cq_index"": 5, ""cq_text"": ""How many times has a rule been exercised?"", ""cq_token_count"": 4, ""covered_token_count"": 0, ""token_recall"": 0.0, ""covered"": false}, {""cq_index"": 6, ""cq_text"": ""What information is available about an event that has occurred?"", ""cq_token_count"": 4, ""covered_token_count"": 1, ""token_recall"": 0.25, ""covered"": false}, {""cq_index"": 7, ""cq_text"": ""How long has a rule been exercised?"", ""cq_token_count"": 3, ""covered_token_count"": 0, ""token_recall"": 0.0, ""covered"": false}, {""cq_index"": 8, ""cq_text"": ""Which recipients or categories of recipients can receive the result of the rule that has been exercised?"", ""cq_token_count"": 6, ""covered_token_count"": 0, ""token_recall"": 0.0, ""covered"": false}, {""cq_index"": 9, ""cq_text"": ""Has a financial payment been made? What was the amount paid?"", ""cq_token_count"": 5, ""covered_token_count"": 0, ""token_recall"": 0.0, ""covered"": false}]",48,23,0.6087,0.6667,True,0,1,0,0,0.0,0.0,0.0,0.0,0.0,0.0,0.0,1.0,0.0,[],[]
mistralai_Mistral-7B-Instruct-v0.3,scenario-only,2025-153-01,False,Could not parse ontology.ttl in turtle/xml/n3 formats.,0,False,False,False,0,0,0,0,0.0,0.0,0.0,False,False,8,0.25,0.2062,"[{""cq_index"": 0, ""cq_text"": ""Which entity does a persistent identifier currently reference?"", ""cq_token_count"": 5, ""covered_token_count"": 3, ""token_recall"": 0.6, ""covered"": true}, {""cq_index"": 1, ""cq_text"": ""Which entity was referenced at a past timestamp?"", ""cq_token_count"": 4, ""covered_token_count"": 1, ""token_recall"": 0.25, ""covered"": false}, {""cq_index"": 2, ""cq_text"": ""When did referent transitions occur?"", ""cq_token_count"": 3, ""covered_token_count"": 0, ""token_recall"": 0.0, ""covered"": false}, {""cq_index"": 3, ""cq_text"": ""What observations are associated with specific referents?"", ""cq_token_count"": 4, ""covered_token_count"": 0, ""token_recall"": 0.0, ""covered"": false}, {""cq_index"": 4, ""cq_text"": ""What is the full sequence of referents over time?"", ""cq_token_count"": 5, ""covered_token_count"": 2, ""token_recall"": 0.4, ""covered"": true}, {""cq_index"": 5, ""cq_text"": ""Which rules triggered specific transitions?"", ""cq_token_count"": 4, ""covered_token_count"": 0, ""token_recall"": 0.0, ""covered"": false}, {""cq_index"": 6, ""cq_text"": ""Are there gaps or overlaps in temporal bindings?"", ""cq_token_count"": 5, ""covered_token_count"": 1, ""token_recall"": 0.2, ""covered"": false}, {""cq_index"": 7, ""cq_text"": ""Can complete context be rebuilt for any time point?"", ""cq_token_count"": 5, ""covered_token_count"": 1, ""token_recall"": 0.2, ""covered"": false}]",53,119,0.1933,0.5283,True,0,11,0,22,0.0,0.0,0.0,0.0,0.0,0.0,0.0,0.0,0.0,[],[]
mistralai_Mistral-7B-Instruct-v0.3,scenario-only,2026-155-01,False,Could not parse ontology.ttl in turtle/xml/n3 formats.,0,False,False,False,0,0,0,0,0.0,0.0,0.0,False,False,8,0.5,0.3745,"[{""cq_index"": 0, ""cq_text"": ""Which survey or investigation activities were performed on a given cultural property or on a specific feature of interest?"", ""cq_token_count"": 9, ""covered_token_count"": 5, ""token_recall"": 0.5556, ""covered"": true}, {""cq_index"": 1, ""cq_text"": ""Which method or investigation technique was adopted in a specific survey or investigation activity?"", ""cq_token_count"": 7, ""covered_token_count"": 3, ""token_recall"": 0.4286, ""covered"": true}, {""cq_index"": 2, ""cq_text"": ""Which observations were produced during a given survey or investigation activity?"", ""cq_token_count"": 6, ""covered_token_count"": 4, ""token_recall"": 0.6667, ""covered"": true}, {""cq_index"": 3, ""cq_text"": ""Which experts participated in the survey or investigation activity, and with which roles?"", ""cq_token_count"": 6, ""covered_token_count"": 2, ""token_recall"": 0.3333, ""covered"": false}, {""cq_index"": 4, ""cq_text"": ""Which hardware, software, and technical configurations were used to conduct a specific survey or investigation activity?"", ""cq_token_count"": 9, ""covered_token_count"": 3, ""token_recall"": 0.3333, ""covered"": false}, {""cq_index"": 5, ""cq_text"": ""What interpretations or claims are supported by the observations produced during a survey?"", ""cq_token_count"": 7, ""covered_token_count"": 3, ""token_recall"": 0.4286, ""covered"": true}, {""cq_index"": 6, ""cq_text"": ""How are post-processed outputs (e.g., interactive images, spectra, datasets) related to the underlying acquisition or observation activities?"", ""cq_token_count"": 12, ""covered_token_count"": 2, ""token_recall"": 0.1667, ""covered"": false}, {""cq_index"": 7, ""cq_text"": ""Which acquisition parameters (e.g., exposure time, ISO, aperture) characterised a specific photographic acquisition cycle within a survey?"", ""cq_token_count"": 12, ""covered_token_count"": 1, ""token_recall"": 0.0833, ""covered"": false}]",39,20,0.85,0.4359,True,0,22,0,32,0.0,0.0,0.0,0.0,0.0,0.0,0.0,0.0,0.0,[],[]
